original_path,new_path,action,bytes,file_count,sha256,verified
data/raw/videos,data/sources/visem/videos,move_tree,35591403824,85,,True
data/raw/fatty_acids_serum.csv,data/sources/visem/clinical/fatty_acids_serum.csv,move_file,7527,1,e293fd4a23f995c5b46b8b6ab8cfa5d69d28518023c1f12b8cf29a80b933a716,True
data/raw/fatty_acids_spermatoza.csv,data/sources/visem/clinical/fatty_acids_spermatoza.csv,move_file,9286,1,f06a4d27fde242c41a1e456b8a0ee814e988e9bee94a7c8f630d07018a205f63,True
data/raw/participant_related_data.csv,data/sources/visem/clinical/participant_related_data.csv,move_file,1427,1,2731ff291118b2bbc0d5a2d6c0bec1ef593a903793489ee5646d333af8d55702,True
data/raw/semen_analysis_data.csv,data/sources/visem/clinical/semen_analysis_data.csv,move_file,5809,1,2fa0825aa19550aabdd2c2ee1fc77d62068fee7c890df2bc98ff2962e8826080,True
data/raw/sex_hormones.csv,data/sources/visem/clinical/sex_hormones.csv,move_file,3286,1,9318552669921f7450fa3bce3412014c4c252887e7351ccfde9709a170e3109d,True
data/raw/videos.csv,data/sources/visem/metadata/videos.csv,move_file,2136,1,e681568b3c3e09ed246b3d520e892289a9c315f51dee01d929336350a33b6ed8,True
data/raw/descriptions.txt,data/sources/visem/metadata/descriptions.txt,move_file,931,1,b7c84bf422888232f03c8705ca1f1dfe1511fde075694fab3424669916068033,True
data/tracked/VISEM_Tracking_Train_v4,data/sources/visem_tracking/dataset,move_tree,28902380705,117000,,True
data/tracked/visem-extracted-30s-excluding-selected-20,data/derived/clips/untracked_65,move_tree,3705184881,336,,True
data/tracked/visem-extracted-30s-selected-20-videos-excluding-first-30s,data/derived/clips/tracked_20_after_30s,move_tree,709638134,166,,True
data/tracked/fatty_acids_serum_Train.csv,data/sources/visem_tracking/metadata/fatty_acids_serum_Train.csv,move_file,2114,1,08c7e131b299c8963cfb1b4c5b1377631dc89039a54b8d17f0cc38bfc221dd8d,True
data/tracked/fatty_acids_spermatoza_Train.csv,data/sources/visem_tracking/metadata/fatty_acids_spermatoza_Train.csv,move_file,2596,1,47046d0ed7116c3f2894882d193e162b3d5dbbb0527e36746e24bdbb04a6dfe7,True
data/tracked/participant_related_data_Train.csv,data/sources/visem_tracking/metadata/participant_related_data_Train.csv,move_file,360,1,b17200ac657bcd0174c1a58d787aae9fd88315db45ca81a5ae929f3160a0ff42,True
data/tracked/semen_analysis_data_Train.csv,data/sources/visem_tracking/metadata/semen_analysis_data_Train.csv,move_file,1538,1,658a22dae8ab6c2489d248455583f8dff21c47dd17c71173c2fb05c9499a272e,True
data/tracked/sex_hormones_Train.csv,data/sources/visem_tracking/metadata/sex_hormones_Train.csv,move_file,1028,1,3fa3edc579420377e53286b0a8ac90a6f0573aa4c7738d5c3ccf3701b0e4f864,True
data/tracked/sperm_counts_per_frame.csv,data/sources/visem_tracking/metadata/sperm_counts_per_frame.csv,move_file,583324,1,d82aa0b91305cb7d2c6b02e56261df092937c8d9fa1464b89a7da5e6bd4e93df,True
data/tracked/DAS-PGMEI-66894308000136-AC2026 (1).pdf,data/quarantine/unrelated_private_documents/DAS-PGMEI-66894308000136-AC2026 (1).pdf,move_file,157336,1,d2ebf9e64fb6412d37c07eca9e515ba946ac329a5ec1f62cad530d5eadb8909b,True
data/tracked/DAS-PGMEI-66894308000136-AC2026.pdf,data/quarantine/unrelated_private_documents/DAS-PGMEI-66894308000136-AC2026.pdf,move_file,158707,1,ca4eac64691e21b7f0b6b33c88e5e5b3456ad07daa697f4bf6f2cfbc4aff4271,True
data/processed/annotations,data/derived/detection/annotations,move_tree,389,1,,True
data/processed/frames,,remove_empty_after_migration,0,0,,True
data/processed/flow_cache,data/derived/flow/cache,move_tree,404,1,,True
data/processed/tracks,data/derived/tracking/tracks,move_tree,430,1,,True
data/processed/prediction_windows,data/derived/prediction/windows,move_tree,408,1,,True
data/processed/README.md,data/derived/README.md,merge_documentation,816,1,7dd3c041549873186b6966cd9d69bee057aeb71e86cffad8e8a24dbfc7a8466f,True
data/yolo,data/datasets/yolo/legacy_16_4,move_tree,3481816,3,,True
yolov8n.pt,data/models/detection/yolo/pretrained/yolov8n.pt,move_file,6549796,1,f59b3d833e2ff32e194b5bb8e08d211dc7c5bdf144b90d2c8412c47ccfc83b36,True
yolo26n.pt,data/models/detection/yolo/pretrained/yolo26n.pt,move_file,5544453,1,9b09cc8bf347f0fc8a5f7657480587f25db09b34bf33b0652110fb03a8ad4fef,True
data/sources/visem_tracking/dataset/Train/11/labels.cache,,remove_recreatable,15831928,1,067256e04ef75e5f01d289842027aafdae0b05fb4b3fa251f280738f2a4deea9,True
data/sources/visem_tracking/dataset/Train/15/labels.cache,,remove_recreatable,3723172,1,67d5cb95e38f92a7f5efb25fd568e68a0de4518c1462e2b8f956017d5ec21f92,True
results/tests/batch_20260624_202207.csv,data/tests/detection/threshold/_comparisons/frame_screening/batch_20260624_202207.csv,move_file,1205,1,6a7b073d91ae771b2f2656c73ebc80bae3c9d6e06e13c056d7e0592a88006183,True
results/tests/11/threshold__11__f0/00_input.png,data/tests/detection/_shared_inputs/video_11/frame_0.png,move_file,432762,1,4e32f35783afcf13372df2c581116942d4b5e0785f8deab772a94904ce279e0f,True
results/tests/11/threshold__11__f0/01_1_gray.png,data/tests/detection/otsu/legacy_otsu_defaults__cfgbbaffb3e/frame_screening/video_11/frame_0/threshold__11__f0/01_1_gray.png,move_file,158591,1,d3d9c3acf29a2de6f42be716c1bd335adc2befd89e641b1640189c9c9797dc0f,True
results/tests/11/threshold__11__f0/02_3_otsu_thresh_117.png,data/tests/detection/otsu/legacy_otsu_defaults__cfgbbaffb3e/frame_screening/video_11/frame_0/threshold__11__f0/02_3_otsu_thresh_117.png,move_file,7417,1,84bd63fd226f21562fd9ca5d3dd0d670599f23f39caa8b3d5f1c71a09efd0990,True
results/tests/11/threshold__11__f0/03_4_morph_open_x1.png,data/tests/detection/otsu/legacy_otsu_defaults__cfgbbaffb3e/frame_screening/video_11/frame_0/threshold__11__f0/03_4_morph_open_x1.png,move_file,6627,1,4a432119ce20c6dce29c8995e778b391895b0777b50e7f2bdd03a501ecbd3468,True
results/tests/11/threshold__11__f0/04_5_labeled_components.png,data/tests/detection/otsu/legacy_otsu_defaults__cfgbbaffb3e/frame_screening/video_11/frame_0/threshold__11__f0/04_5_labeled_components.png,move_file,12784,1,1d1caa391909276afe9b6a26a166738dc348e6177c9e7352629ad556d5b1af7f,True
results/tests/11/threshold__11__f0/comparisons.csv,data/tests/detection/otsu/legacy_otsu_defaults__cfgbbaffb3e/frame_screening/video_11/frame_0/threshold__11__f0/comparisons.csv,move_file,221,1,8b4daffcf270b273899a19609a06782d40ac736fa7628e4c9a992c6067b59859,True
results/tests/11/threshold__11__f0/detections.csv,data/tests/detection/otsu/legacy_otsu_defaults__cfgbbaffb3e/frame_screening/video_11/frame_0/threshold__11__f0/detections.csv,move_file,9900,1,6a04a9e2cbcf637653a1aa17c15d0e9e631d1a35d82f6215a1962d7ebadfdb18,True
results/tests/11/threshold__11__f0/detections.png,data/tests/detection/otsu/legacy_otsu_defaults__cfgbbaffb3e/frame_screening/video_11/frame_0/threshold__11__f0/detections.png,move_file,466750,1,4e47a8d4aab4652dcce283e46c73e22cf0fde68749f4d499438c8adc5b186f6b,True
results/tests/11/threshold__11__f0/summary.json,data/tests/detection/otsu/legacy_otsu_defaults__cfgbbaffb3e/frame_screening/video_11/frame_0/threshold__11__f0/summary.json,move_file,11040,1,d70ffd1b072f58e20ae5538e7ceb8bec0f0d80713f44c5dac059719b869341f0,True
results/tests/11/threshold__11__f0__threshold_value=100/00_input.png,data/tests/detection/_shared_inputs/video_11/frame_0.png,deduplicate_identical_input,432762,1,4e32f35783afcf13372df2c581116942d4b5e0785f8deab772a94904ce279e0f,True
results/tests/11/threshold__11__f0__threshold_value=100/01_1_gray.png,data/tests/detection/threshold/legacy_t100__cfgb2da531a/frame_screening/video_11/frame_0/threshold__11__f0__threshold_value_100/01_1_gray.png,move_file,158591,1,d3d9c3acf29a2de6f42be716c1bd335adc2befd89e641b1640189c9c9797dc0f,True
results/tests/11/threshold__11__f0__threshold_value=100/02_3_fixed_thresh_100.png,data/tests/detection/threshold/legacy_t100__cfgb2da531a/frame_screening/video_11/frame_0/threshold__11__f0__threshold_value_100/02_3_fixed_thresh_100.png,move_file,14610,1,3d1e7768101933cc349f0838443c8b22795f49409e2a39ecf654193aa4e68ce4,True
results/tests/11/threshold__11__f0__threshold_value=100/03_4_morph_open_x1.png,data/tests/detection/threshold/legacy_t100__cfgb2da531a/frame_screening/video_11/frame_0/threshold__11__f0__threshold_value_100/03_4_morph_open_x1.png,move_file,11176,1,370e4e4767a66e434432ea4c56bfaca1725a6c8c2cc39878dee682bdedae53d2,True
results/tests/11/threshold__11__f0__threshold_value=100/04_5_labeled_components.png,data/tests/detection/threshold/legacy_t100__cfgb2da531a/frame_screening/video_11/frame_0/threshold__11__f0__threshold_value_100/04_5_labeled_components.png,move_file,9263,1,1bad4c1c80566537cfff0f94873674ef1ea4bce20841ecc9428289c144dd9809,True
results/tests/11/threshold__11__f0__threshold_value=100/comparisons.csv,data/tests/detection/threshold/legacy_t100__cfgb2da531a/frame_screening/video_11/frame_0/threshold__11__f0__threshold_value_100/comparisons.csv,move_file,227,1,35b6c0eba059be09b3ecaa802b2fa2620e68405cdcbfe13ba12c52338d541d73,True
results/tests/11/threshold__11__f0__threshold_value=100/detections.csv,data/tests/detection/threshold/legacy_t100__cfgb2da531a/frame_screening/video_11/frame_0/threshold__11__f0__threshold_value_100/detections.csv,move_file,12156,1,42edae7b9ee749a20a067c96ad29a4cb9ef4f9e6f5044e70365a0888ab487777,True
results/tests/11/threshold__11__f0__threshold_value=100/detections.png,data/tests/detection/threshold/legacy_t100__cfgb2da531a/frame_screening/video_11/frame_0/threshold__11__f0__threshold_value_100/detections.png,move_file,469723,1,8d06c3cb5936d72710f2a37b298dd3de31275162a44a0a0c1668272759f0f095,True
results/tests/11/threshold__11__f0__threshold_value=100/summary.json,data/tests/detection/threshold/legacy_t100__cfgb2da531a/frame_screening/video_11/frame_0/threshold__11__f0__threshold_value_100/summary.json,move_file,15009,1,b568f7d56f281f7920db6edba448b87c8d11432e74a50ed171c3180a31808fea,True
results/tests/11/threshold__f0/00_input.png,data/tests/detection/_shared_inputs/video_11/frame_0.png,deduplicate_identical_input,432762,1,4e32f35783afcf13372df2c581116942d4b5e0785f8deab772a94904ce279e0f,True
results/tests/11/threshold__f0/01_1_gray.png,data/tests/detection/otsu/legacy_otsu_defaults__cfgbbaffb3e/frame_screening/video_11/frame_0/threshold__f0/01_1_gray.png,move_file,158591,1,d3d9c3acf29a2de6f42be716c1bd335adc2befd89e641b1640189c9c9797dc0f,True
results/tests/11/threshold__f0/02_3_otsu_thresh_117.png,data/tests/detection/otsu/legacy_otsu_defaults__cfgbbaffb3e/frame_screening/video_11/frame_0/threshold__f0/02_3_otsu_thresh_117.png,move_file,7417,1,84bd63fd226f21562fd9ca5d3dd0d670599f23f39caa8b3d5f1c71a09efd0990,True
results/tests/11/threshold__f0/03_4_morph_open_x1.png,data/tests/detection/otsu/legacy_otsu_defaults__cfgbbaffb3e/frame_screening/video_11/frame_0/threshold__f0/03_4_morph_open_x1.png,move_file,6627,1,4a432119ce20c6dce29c8995e778b391895b0777b50e7f2bdd03a501ecbd3468,True
results/tests/11/threshold__f0/04_5_labeled_components.png,data/tests/detection/otsu/legacy_otsu_defaults__cfgbbaffb3e/frame_screening/video_11/frame_0/threshold__f0/04_5_labeled_components.png,move_file,12784,1,1d1caa391909276afe9b6a26a166738dc348e6177c9e7352629ad556d5b1af7f,True
results/tests/11/threshold__f0/detections.csv,data/tests/detection/otsu/legacy_otsu_defaults__cfgbbaffb3e/frame_screening/video_11/frame_0/threshold__f0/detections.csv,move_file,8828,1,1244461181940478c35f1a9fb50dcce07455d965f780c72b79c1437fe4023221,True
results/tests/11/threshold__f0/detections.png,data/tests/detection/otsu/legacy_otsu_defaults__cfgbbaffb3e/frame_screening/video_11/frame_0/threshold__f0/detections.png,move_file,467732,1,e75ebaa40d967167ac081354159a56222fd001e88a60e5e7c0e8c08bd1d3fea2,True
results/tests/11/threshold__f0/summary.json,data/tests/detection/otsu/legacy_otsu_defaults__cfgbbaffb3e/frame_screening/video_11/frame_0/threshold__f0/summary.json,move_file,9228,1,b8d27563127d36f663895d894860b257be6abf1a02d45b7c375a10bb9550b50b,True
results/tests/11/threshold__f0__close_iterations=0/00_input.png,data/tests/detection/_shared_inputs/video_11/frame_0.png,deduplicate_identical_input,432762,1,4e32f35783afcf13372df2c581116942d4b5e0785f8deab772a94904ce279e0f,True
results/tests/11/threshold__f0__close_iterations=0/detections.csv,data/tests/detection/otsu/legacy_otsu_defaults__cfg4633c2bb/frame_screening/video_11/frame_0/threshold__f0__close_iterations_0/detections.csv,move_file,9900,1,6a04a9e2cbcf637653a1aa17c15d0e9e631d1a35d82f6215a1962d7ebadfdb18,True
results/tests/11/threshold__f0__close_iterations=0/detections.png,data/tests/detection/otsu/legacy_otsu_defaults__cfg4633c2bb/frame_screening/video_11/frame_0/threshold__f0__close_iterations_0/detections.png,move_file,466750,1,4e47a8d4aab4652dcce283e46c73e22cf0fde68749f4d499438c8adc5b186f6b,True
results/tests/11/threshold__f0__close_iterations=0/summary.json,data/tests/detection/otsu/legacy_otsu_defaults__cfg4633c2bb/frame_screening/video_11/frame_0/threshold__f0__close_iterations_0/summary.json,move_file,11091,1,fb23608da6dbf32411ed20bc2aa44763e0ce5521ea5c92c438aeb5df9719c680,True
results/tests/11/threshold__f0__close_iterations=0_threshold_value=200/00_input.png,data/tests/detection/_shared_inputs/video_11/frame_0.png,deduplicate_identical_input,432762,1,4e32f35783afcf13372df2c581116942d4b5e0785f8deab772a94904ce279e0f,True
results/tests/11/threshold__f0__close_iterations=0_threshold_value=200/01_1_gray.png,data/tests/detection/threshold/legacy_t200_c0__cfg1359249f/frame_screening/video_11/frame_0/threshold__f0__close_iterations_0_threshold_value_200/01_1_gray.png,move_file,158591,1,d3d9c3acf29a2de6f42be716c1bd335adc2befd89e641b1640189c9c9797dc0f,True
results/tests/11/threshold__f0__close_iterations=0_threshold_value=200/02_3_fixed_thresh_200.png,data/tests/detection/threshold/legacy_t200_c0__cfg1359249f/frame_screening/video_11/frame_0/threshold__f0__close_iterations_0_threshold_value_200/02_3_fixed_thresh_200.png,move_file,2237,1,5062b67c825c797734f0e645e45f6713545d86f22c21b588335b10d041d216ef,True
results/tests/11/threshold__f0__close_iterations=0_threshold_value=200/03_4_morph_open_x1.png,data/tests/detection/threshold/legacy_t200_c0__cfg1359249f/frame_screening/video_11/frame_0/threshold__f0__close_iterations_0_threshold_value_200/03_4_morph_open_x1.png,move_file,1968,1,2b3b7b1e05a465d5deb76712d596c7f6c6ddbd64c688619600cad2a6b6b5f058,True
results/tests/11/threshold__f0__close_iterations=0_threshold_value=200/04_5_labeled_components.png,data/tests/detection/threshold/legacy_t200_c0__cfg1359249f/frame_screening/video_11/frame_0/threshold__f0__close_iterations_0_threshold_value_200/04_5_labeled_components.png,move_file,3846,1,ea37efe5f5f6a97b7fe292ef848f73a2799e62708032fc483221c767bf982960,True
results/tests/11/threshold__f0__close_iterations=0_threshold_value=200/detections.csv,data/tests/detection/threshold/legacy_t200_c0__cfg1359249f/frame_screening/video_11/frame_0/threshold__f0__close_iterations_0_threshold_value_200/detections.csv,move_file,6570,1,e9edc2646baeddc0e783e4800d18a9daf5350487babf1824c900cb2d1e3d0005,True
results/tests/11/threshold__f0__close_iterations=0_threshold_value=200/detections.png,data/tests/detection/threshold/legacy_t200_c0__cfg1359249f/frame_screening/video_11/frame_0/threshold__f0__close_iterations_0_threshold_value_200/detections.png,move_file,465083,1,63fe8888542c7fdc4a99df96d645f9bc81aba3ef565fb7be887297eeb68ec5a5,True
results/tests/11/threshold__f0__close_iterations=0_threshold_value=200/summary.json,data/tests/detection/threshold/legacy_t200_c0__cfg1359249f/frame_screening/video_11/frame_0/threshold__f0__close_iterations_0_threshold_value_200/summary.json,move_file,5500,1,17272beaee8011d6c2a418bd0b36b3f2470e69fe7d6a9758cbea922e124cdd06,True
results/tests/11/threshold__f0__close_iterations=2_morph_iterations=2/00_input.png,data/tests/detection/_shared_inputs/video_11/frame_0.png,deduplicate_identical_input,432762,1,4e32f35783afcf13372df2c581116942d4b5e0785f8deab772a94904ce279e0f,True
results/tests/11/threshold__f0__close_iterations=2_morph_iterations=2/01_1_gray.png,data/tests/detection/otsu/legacy_otsu_defaults__cfg1e68db6a/frame_screening/video_11/frame_0/threshold__f0__close_iterations_2_morph_iterations_2/01_1_gray.png,move_file,158591,1,d3d9c3acf29a2de6f42be716c1bd335adc2befd89e641b1640189c9c9797dc0f,True
results/tests/11/threshold__f0__close_iterations=2_morph_iterations=2/02_3_otsu_thresh_117.png,data/tests/detection/otsu/legacy_otsu_defaults__cfg1e68db6a/frame_screening/video_11/frame_0/threshold__f0__close_iterations_2_morph_iterations_2/02_3_otsu_thresh_117.png,move_file,7417,1,84bd63fd226f21562fd9ca5d3dd0d670599f23f39caa8b3d5f1c71a09efd0990,True
results/tests/11/threshold__f0__close_iterations=2_morph_iterations=2/03_4_morph_open_x2.png,data/tests/detection/otsu/legacy_otsu_defaults__cfg1e68db6a/frame_screening/video_11/frame_0/threshold__f0__close_iterations_2_morph_iterations_2/03_4_morph_open_x2.png,move_file,5539,1,36f724156a9954e8d3681afa90c763881a22c4ae7f166201a025d751f25df352,True
results/tests/11/threshold__f0__close_iterations=2_morph_iterations=2/04_5_morph_close_x2.png,data/tests/detection/otsu/legacy_otsu_defaults__cfg1e68db6a/frame_screening/video_11/frame_0/threshold__f0__close_iterations_2_morph_iterations_2/04_5_morph_close_x2.png,move_file,5368,1,4d1fbbcfe2cc76315a3e7e9c3b2388dd6b402c46ea05b9ddd517516cb7573305,True
results/tests/11/threshold__f0__close_iterations=2_morph_iterations=2/05_6_labeled_components.png,data/tests/detection/otsu/legacy_otsu_defaults__cfg1e68db6a/frame_screening/video_11/frame_0/threshold__f0__close_iterations_2_morph_iterations_2/05_6_labeled_components.png,move_file,9248,1,da984163562be058588e2d6b48a879cc9545349591a47eb6ce33993812faec5b,True
results/tests/11/threshold__f0__close_iterations=2_morph_iterations=2/detections.csv,data/tests/detection/otsu/legacy_otsu_defaults__cfg1e68db6a/frame_screening/video_11/frame_0/threshold__f0__close_iterations_2_morph_iterations_2/detections.csv,move_file,7608,1,1cdda8b22dc7cf20412dc7a90ac410a0936f51fe4b8d3a1679e6e9d96a5d1375,True
results/tests/11/threshold__f0__close_iterations=2_morph_iterations=2/detections.png,data/tests/detection/otsu/legacy_otsu_defaults__cfg1e68db6a/frame_screening/video_11/frame_0/threshold__f0__close_iterations_2_morph_iterations_2/detections.png,move_file,467280,1,4e041f13cbee91a7d2853e80aef8b5ccbaa43d6166d6d89360d006b4b85fdb4e,True
results/tests/11/threshold__f0__close_iterations=2_morph_iterations=2/summary.json,data/tests/detection/otsu/legacy_otsu_defaults__cfg1e68db6a/frame_screening/video_11/frame_0/threshold__f0__close_iterations_2_morph_iterations_2/summary.json,move_file,7245,1,3076770c7d694a44e06e4127211af478061c755c26f7eb4489d9837e73beeb13,True
results/tests/11/threshold__f0__close_iterations=2_threshold_value=200/00_input.png,data/tests/detection/_shared_inputs/video_11/frame_0.png,deduplicate_identical_input,432762,1,4e32f35783afcf13372df2c581116942d4b5e0785f8deab772a94904ce279e0f,True
results/tests/11/threshold__f0__close_iterations=2_threshold_value=200/01_1_gray.png,data/tests/detection/threshold/legacy_t200_c2__cfg5d0522c8/frame_screening/video_11/frame_0/threshold__f0__close_iterations_2_threshold_value_200/01_1_gray.png,move_file,158591,1,d3d9c3acf29a2de6f42be716c1bd335adc2befd89e641b1640189c9c9797dc0f,True
results/tests/11/threshold__f0__close_iterations=2_threshold_value=200/02_3_fixed_thresh_200.png,data/tests/detection/threshold/legacy_t200_c2__cfg5d0522c8/frame_screening/video_11/frame_0/threshold__f0__close_iterations_2_threshold_value_200/02_3_fixed_thresh_200.png,move_file,2237,1,5062b67c825c797734f0e645e45f6713545d86f22c21b588335b10d041d216ef,True
results/tests/11/threshold__f0__close_iterations=2_threshold_value=200/03_4_morph_open_x1.png,data/tests/detection/threshold/legacy_t200_c2__cfg5d0522c8/frame_screening/video_11/frame_0/threshold__f0__close_iterations_2_threshold_value_200/03_4_morph_open_x1.png,move_file,1968,1,2b3b7b1e05a465d5deb76712d596c7f6c6ddbd64c688619600cad2a6b6b5f058,True
results/tests/11/threshold__f0__close_iterations=2_threshold_value=200/04_5_morph_close_x2.png,data/tests/detection/threshold/legacy_t200_c2__cfg5d0522c8/frame_screening/video_11/frame_0/threshold__f0__close_iterations_2_threshold_value_200/04_5_morph_close_x2.png,move_file,1969,1,60283c02ed93fa0b6d55ed71bfd9d7fa82c1c7ca67fcb91c401997f2ad5e26d4,True
results/tests/11/threshold__f0__close_iterations=2_threshold_value=200/05_5_labeled_components.png,data/tests/detection/threshold/legacy_t200_c2__cfg5d0522c8/frame_screening/video_11/frame_0/threshold__f0__close_iterations_2_threshold_value_200/05_5_labeled_components.png,move_file,3837,1,47ea6c1c7ff60ab9856d30079162bb09865655e520353809e6303e00acb80163,True
results/tests/11/threshold__f0__close_iterations=2_threshold_value=200/detections.csv,data/tests/detection/threshold/legacy_t200_c2__cfg5d0522c8/frame_screening/video_11/frame_0/threshold__f0__close_iterations_2_threshold_value_200/detections.csv,move_file,6508,1,71d0c998ce67da5c033fe35e5c6b286d025207d6d38ccb5d75434d4e66013c81,True
results/tests/11/threshold__f0__close_iterations=2_threshold_value=200/detections.png,data/tests/detection/threshold/legacy_t200_c2__cfg5d0522c8/frame_screening/video_11/frame_0/threshold__f0__close_iterations_2_threshold_value_200/detections.png,move_file,465113,1,98771268c8b404af7ac2604467b522bbdfa0fb6271f267eefc8e29d98c801519,True
results/tests/11/threshold__f0__close_iterations=2_threshold_value=200/summary.json,data/tests/detection/threshold/legacy_t200_c2__cfg5d0522c8/frame_screening/video_11/frame_0/threshold__f0__close_iterations_2_threshold_value_200/summary.json,move_file,5425,1,f4c6d09dd531a6a78a30eb92ae2e2ecb395e7ef470b33d7d9bad1c14698cca60,True
results/tests/11/threshold__f0__morph_iterations=2/00_input.png,data/tests/detection/_shared_inputs/video_11/frame_0.png,deduplicate_identical_input,432762,1,4e32f35783afcf13372df2c581116942d4b5e0785f8deab772a94904ce279e0f,True
results/tests/11/threshold__f0__morph_iterations=2/01_1_gray.png,data/tests/detection/otsu/legacy_otsu_defaults__cfg76e32ed9/frame_screening/video_11/frame_0/threshold__f0__morph_iterations_2/01_1_gray.png,move_file,158591,1,d3d9c3acf29a2de6f42be716c1bd335adc2befd89e641b1640189c9c9797dc0f,True
results/tests/11/threshold__f0__morph_iterations=2/02_3_otsu_thresh_117.png,data/tests/detection/otsu/legacy_otsu_defaults__cfg76e32ed9/frame_screening/video_11/frame_0/threshold__f0__morph_iterations_2/02_3_otsu_thresh_117.png,move_file,7417,1,84bd63fd226f21562fd9ca5d3dd0d670599f23f39caa8b3d5f1c71a09efd0990,True
results/tests/11/threshold__f0__morph_iterations=2/03_4_morph_open_x2.png,data/tests/detection/otsu/legacy_otsu_defaults__cfg76e32ed9/frame_screening/video_11/frame_0/threshold__f0__morph_iterations_2/03_4_morph_open_x2.png,move_file,5539,1,36f724156a9954e8d3681afa90c763881a22c4ae7f166201a025d751f25df352,True
results/tests/11/threshold__f0__morph_iterations=2/04_5_labeled_components.png,data/tests/detection/otsu/legacy_otsu_defaults__cfg76e32ed9/frame_screening/video_11/frame_0/threshold__f0__morph_iterations_2/04_5_labeled_components.png,move_file,10245,1,f2c079251989cc4d0e69563d0ce6ab3aeeb5cefaf95fb6970f7853a563e52fff,True
results/tests/11/threshold__f0__morph_iterations=2/detections.csv,data/tests/detection/otsu/legacy_otsu_defaults__cfg76e32ed9/frame_screening/video_11/frame_0/threshold__f0__morph_iterations_2/detections.csv,move_file,8437,1,403b22bf720fe15cb1423942e671600cb93c828f51f55162928f2335dfe040f5,True
results/tests/11/threshold__f0__morph_iterations=2/detections.png,data/tests/detection/otsu/legacy_otsu_defaults__cfg76e32ed9/frame_screening/video_11/frame_0/threshold__f0__morph_iterations_2/detections.png,move_file,466599,1,5e3bd034199f63fece28fde368ee6eace78b9ba065a1f53ccf5cfaaa872bcd6d,True
results/tests/11/threshold__f0__morph_iterations=2/summary.json,data/tests/detection/otsu/legacy_otsu_defaults__cfg76e32ed9/frame_screening/video_11/frame_0/threshold__f0__morph_iterations_2/summary.json,move_file,8618,1,1d0a9961c6e7b2871d8341fbf6b94c4b8bff17df3c8b1051d6f08c76c6f7f439,True
results/tests/11/threshold__f0__morph_iterations=2_threshold_value=200/00_input.png,data/tests/detection/_shared_inputs/video_11/frame_0.png,deduplicate_identical_input,432762,1,4e32f35783afcf13372df2c581116942d4b5e0785f8deab772a94904ce279e0f,True
results/tests/11/threshold__f0__morph_iterations=2_threshold_value=200/detections.csv,data/tests/detection/threshold/legacy_t200_o2__cfga13617b6/frame_screening/video_11/frame_0/threshold__f0__morph_iterations_2_threshold_value_200/detections.csv,move_file,4734,1,5f87b29cae23b337fb6649bd24c1be5c48582f7e84a609d8d55d95c0e4b72a72,True
results/tests/11/threshold__f0__morph_iterations=2_threshold_value=200/detections.png,data/tests/detection/threshold/legacy_t200_o2__cfga13617b6/frame_screening/video_11/frame_0/threshold__f0__morph_iterations_2_threshold_value_200/detections.png,move_file,466799,1,c308dc67b7b2051cd4a326ad87da3fb5ee5c49e3cae06f37f07bb0f26c4a902a,True
results/tests/11/threshold__f0__morph_iterations=2_threshold_value=200/summary.json,data/tests/detection/threshold/legacy_t200_o2__cfga13617b6/frame_screening/video_11/frame_0/threshold__f0__morph_iterations_2_threshold_value_200/summary.json,move_file,2382,1,6a18509f79fdadb75648c494f970a0d8394edc58c7ef320aaae3a761cf74c00d,True
results/tests/11/threshold__f0__threshold_value=180/00_input.png,data/tests/detection/_shared_inputs/video_11/frame_0.png,deduplicate_identical_input,432762,1,4e32f35783afcf13372df2c581116942d4b5e0785f8deab772a94904ce279e0f,True
results/tests/11/threshold__f0__threshold_value=180/detections.csv,data/tests/detection/threshold/legacy_t180__cfg1fd3f76e/frame_screening/video_11/frame_0/threshold__f0__threshold_value_180/detections.csv,move_file,7337,1,3a97b3f4096ad4c3e2b80679e308cd2ca5aab8c4f3cc18394bcd16eb60d5161f,True
results/tests/11/threshold__f0__threshold_value=180/detections.png,data/tests/detection/threshold/legacy_t180__cfg1fd3f76e/frame_screening/video_11/frame_0/threshold__f0__threshold_value_180/detections.png,move_file,464031,1,3a68317e46a55993b44657be678e3b6d5db1e5c74d30010a6f784266692ca7fc,True
results/tests/11/threshold__f0__threshold_value=180/summary.json,data/tests/detection/threshold/legacy_t180__cfg1fd3f76e/frame_screening/video_11/frame_0/threshold__f0__threshold_value_180/summary.json,move_file,6797,1,65718651e6926dff93cd79908a93b9b79d3617ba2e09d9e3299c2ce212def2b6,True
results/tests/11/threshold__f0__threshold_value=190/00_input.png,data/tests/detection/_shared_inputs/video_11/frame_0.png,deduplicate_identical_input,432762,1,4e32f35783afcf13372df2c581116942d4b5e0785f8deab772a94904ce279e0f,True
results/tests/11/threshold__f0__threshold_value=190/detections.csv,data/tests/detection/threshold/legacy_t190__cfgfeeed012/frame_screening/video_11/frame_0/threshold__f0__threshold_value_190/detections.csv,move_file,6822,1,8cbd4f4d1dff8abf62e311f661bc0f130f2f68b8d6760d99acaf421d79ac17d1,True
results/tests/11/threshold__f0__threshold_value=190/detections.png,data/tests/detection/threshold/legacy_t190__cfgfeeed012/frame_screening/video_11/frame_0/threshold__f0__threshold_value_190/detections.png,move_file,464777,1,c9df44079869289e1da45604acf0191f7fcfbe1ffa00dc579b31e6018ccdb5ca,True
results/tests/11/threshold__f0__threshold_value=190/summary.json,data/tests/detection/threshold/legacy_t190__cfgfeeed012/frame_screening/video_11/frame_0/threshold__f0__threshold_value_190/summary.json,move_file,5920,1,64badf64b83ef6cff102a468da1ada3b7a6e61015963021b271cb461d8becdf8,True
results/tests/11/threshold__f0__threshold_value=200/00_input.png,data/tests/detection/_shared_inputs/video_11/frame_0.png,deduplicate_identical_input,432762,1,4e32f35783afcf13372df2c581116942d4b5e0785f8deab772a94904ce279e0f,True
results/tests/11/threshold__f0__threshold_value=200/01_1_gray.png,data/tests/detection/threshold/legacy_t200__cfg1f8f28ac/frame_screening/video_11/frame_0/threshold__f0__threshold_value_200/01_1_gray.png,move_file,158591,1,d3d9c3acf29a2de6f42be716c1bd335adc2befd89e641b1640189c9c9797dc0f,True
results/tests/11/threshold__f0__threshold_value=200/02_3_fixed_thresh_200.png,data/tests/detection/threshold/legacy_t200__cfg1f8f28ac/frame_screening/video_11/frame_0/threshold__f0__threshold_value_200/02_3_fixed_thresh_200.png,move_file,2237,1,5062b67c825c797734f0e645e45f6713545d86f22c21b588335b10d041d216ef,True
results/tests/11/threshold__f0__threshold_value=200/03_4_morph_open_x1.png,data/tests/detection/threshold/legacy_t200__cfg1f8f28ac/frame_screening/video_11/frame_0/threshold__f0__threshold_value_200/03_4_morph_open_x1.png,move_file,1968,1,2b3b7b1e05a465d5deb76712d596c7f6c6ddbd64c688619600cad2a6b6b5f058,True
results/tests/11/threshold__f0__threshold_value=200/04_5_labeled_components.png,data/tests/detection/threshold/legacy_t200__cfg1f8f28ac/frame_screening/video_11/frame_0/threshold__f0__threshold_value_200/04_5_labeled_components.png,move_file,3846,1,ea37efe5f5f6a97b7fe292ef848f73a2799e62708032fc483221c767bf982960,True
results/tests/11/threshold__f0__threshold_value=200/04_5_morph_close_x1.png,data/tests/detection/threshold/legacy_t200__cfg1f8f28ac/frame_screening/video_11/frame_0/threshold__f0__threshold_value_200/04_5_morph_close_x1.png,move_file,1967,1,d8267bad1a8e71c13c9348399bb681e3aa697b436e22f3bec8234cb5686ed129,True
results/tests/11/threshold__f0__threshold_value=200/05_5_labeled_components.png,data/tests/detection/threshold/legacy_t200__cfg1f8f28ac/frame_screening/video_11/frame_0/threshold__f0__threshold_value_200/05_5_labeled_components.png,move_file,3836,1,a78a9b3097fc5505ef3c48f62762b3c9d25e8ba26cca981a36ed551fd09dfb1e,True
results/tests/11/threshold__f0__threshold_value=200/05_6_labeled_components.png,data/tests/detection/threshold/legacy_t200__cfg1f8f28ac/frame_screening/video_11/frame_0/threshold__f0__threshold_value_200/05_6_labeled_components.png,move_file,3836,1,a78a9b3097fc5505ef3c48f62762b3c9d25e8ba26cca981a36ed551fd09dfb1e,True
results/tests/11/threshold__f0__threshold_value=200/detections.csv,data/tests/detection/threshold/legacy_t200__cfg1f8f28ac/frame_screening/video_11/frame_0/threshold__f0__threshold_value_200/detections.csv,move_file,6570,1,e9edc2646baeddc0e783e4800d18a9daf5350487babf1824c900cb2d1e3d0005,True
results/tests/11/threshold__f0__threshold_value=200/detections.png,data/tests/detection/threshold/legacy_t200__cfg1f8f28ac/frame_screening/video_11/frame_0/threshold__f0__threshold_value_200/detections.png,move_file,465083,1,63fe8888542c7fdc4a99df96d645f9bc81aba3ef565fb7be887297eeb68ec5a5,True
results/tests/11/threshold__f0__threshold_value=200/summary.json,data/tests/detection/threshold/legacy_t200__cfg1f8f28ac/frame_screening/video_11/frame_0/threshold__f0__threshold_value_200/summary.json,move_file,5485,1,1a276602f246c23502966c600b73071c8bf79e18a89ce1115c300a9c4b8d29bc,True
results/tests/11/threshold__f0__threshold_value=210/00_input.png,data/tests/detection/_shared_inputs/video_11/frame_0.png,deduplicate_identical_input,432762,1,4e32f35783afcf13372df2c581116942d4b5e0785f8deab772a94904ce279e0f,True
results/tests/11/threshold__f0__threshold_value=210/detections.csv,data/tests/detection/threshold/legacy_t210__cfg4310fa76/frame_screening/video_11/frame_0/threshold__f0__threshold_value_210/detections.csv,move_file,6315,1,be50ec652729afc126e709dfe6ea8b4cac740518865c39a5a9429106bb537f0f,True
results/tests/11/threshold__f0__threshold_value=210/detections.png,data/tests/detection/threshold/legacy_t210__cfg4310fa76/frame_screening/video_11/frame_0/threshold__f0__threshold_value_210/detections.png,move_file,465330,1,eaf03e6a7deee3bae9dcdccfd63c573640d1f5945b7b40b4e49c0b154ff1dfc1,True
results/tests/11/threshold__f0__threshold_value=210/summary.json,data/tests/detection/threshold/legacy_t210__cfg4310fa76/frame_screening/video_11/frame_0/threshold__f0__threshold_value_210/summary.json,move_file,5049,1,aae9f240195f1095df3adb7cca6d1dae8ea331d3c809fbd9c1f0af8e1750ba50,True
results/tests/11/threshold__f0__threshold_value=75/00_input.png,data/tests/detection/_shared_inputs/video_11/frame_0.png,deduplicate_identical_input,432762,1,4e32f35783afcf13372df2c581116942d4b5e0785f8deab772a94904ce279e0f,True
results/tests/11/threshold__f0__threshold_value=75/01_1_gray.png,data/tests/detection/threshold/legacy_t75__cfga511ed0e/frame_screening/video_11/frame_0/threshold__f0__threshold_value_75/01_1_gray.png,move_file,158591,1,d3d9c3acf29a2de6f42be716c1bd335adc2befd89e641b1640189c9c9797dc0f,True
results/tests/11/threshold__f0__threshold_value=75/02_3_fixed_thresh_75.png,data/tests/detection/threshold/legacy_t75__cfga511ed0e/frame_screening/video_11/frame_0/threshold__f0__threshold_value_75/02_3_fixed_thresh_75.png,move_file,10200,1,7ca4faf878b5ff7709ce4af104e4966a36a293a56adf20173f81b517c0905995,True
results/tests/11/threshold__f0__threshold_value=75/03_4_morph_open_x1.png,data/tests/detection/threshold/legacy_t75__cfga511ed0e/frame_screening/video_11/frame_0/threshold__f0__threshold_value_75/03_4_morph_open_x1.png,move_file,10256,1,1abe983245019aac47337c196c5b8c9884a0470458b4f6db331e1500b106f026,True
results/tests/11/threshold__f0__threshold_value=75/04_5_labeled_components.png,data/tests/detection/threshold/legacy_t75__cfga511ed0e/frame_screening/video_11/frame_0/threshold__f0__threshold_value_75/04_5_labeled_components.png,move_file,1790,1,55b68d2ee391f9414d200efd41d48a4f164ae230fb7afe55198ee6e775047190,True
results/tests/11/threshold__f0__threshold_value=75/comparisons.csv,data/tests/detection/threshold/legacy_t75__cfga511ed0e/frame_screening/video_11/frame_0/threshold__f0__threshold_value_75/comparisons.csv,move_file,221,1,783795db33bc1bf89157646f327b72ee5ef7de98bef0de5229be8a69148dacff,True
results/tests/11/threshold__f0__threshold_value=75/detections.csv,data/tests/detection/threshold/legacy_t75__cfga511ed0e/frame_screening/video_11/frame_0/threshold__f0__threshold_value_75/detections.csv,move_file,3793,1,b6735b58997b9dc7675040ad9345724d7dc41f57639ee557a75f4c74212704bb,True
results/tests/11/threshold__f0__threshold_value=75/detections.png,data/tests/detection/threshold/legacy_t75__cfga511ed0e/frame_screening/video_11/frame_0/threshold__f0__threshold_value_75/detections.png,move_file,467708,1,10a6dc5c742f6bd17f8684320878a31ec6e6881f7a341859442162b159eefbcb,True
results/tests/11/threshold__f0__threshold_value=75/summary.json,data/tests/detection/threshold/legacy_t75__cfga511ed0e/frame_screening/video_11/frame_0/threshold__f0__threshold_value_75/summary.json,move_file,667,1,18cbef5c85d1e9f8f6283b1162c79ed20c24b6a602e2e8359e88a6c0720dac00,True
results/tests/11/threshold__f100/00_input.png,data/tests/detection/_shared_inputs/video_11/frame_100.png,move_file,428121,1,7410bc1cc17c8113e3f48ebf7985629a7d7ee513645f9d386d49faf83b704057,True
results/tests/11/threshold__f100/detections.csv,data/tests/detection/otsu/legacy_otsu_defaults__cfgbbaffb3e/frame_screening/video_11/frame_100/threshold__f100/detections.csv,move_file,8679,1,7b6af2ca7242ab23b1e5476f62c81a72631a6ba67c2722f018a7f5d8fb934746,True
results/tests/11/threshold__f100/detections.png,data/tests/detection/otsu/legacy_otsu_defaults__cfgbbaffb3e/frame_screening/video_11/frame_100/threshold__f100/detections.png,move_file,460181,1,eb0c3c9255d3856c825447b41e3c54d3a7d8ae41d62901e4a47438c08964179c,True
results/tests/11/threshold__f100/summary.json,data/tests/detection/otsu/legacy_otsu_defaults__cfgbbaffb3e/frame_screening/video_11/frame_100/threshold__f100/summary.json,move_file,8878,1,2552daf081012b90594e2c0cea1d9f9cacb9166e6d4e5cf93456ce86967b7014,True
results/tests/11/threshold__f100__close_iterations=0/00_input.png,data/tests/detection/_shared_inputs/video_11/frame_100.png,deduplicate_identical_input,428121,1,7410bc1cc17c8113e3f48ebf7985629a7d7ee513645f9d386d49faf83b704057,True
results/tests/11/threshold__f100__close_iterations=0/detections.csv,data/tests/detection/otsu/legacy_otsu_defaults__cfg4633c2bb/frame_screening/video_11/frame_100/threshold__f100__close_iterations_0/detections.csv,move_file,10063,1,36bce4ea199014e434a608eaf2539630eb5784521b6c9fdd8e1109637dbe12f3,True
results/tests/11/threshold__f100__close_iterations=0/detections.png,data/tests/detection/otsu/legacy_otsu_defaults__cfg4633c2bb/frame_screening/video_11/frame_100/threshold__f100__close_iterations_0/detections.png,move_file,459514,1,074056336deffebdaefedcc1d1670ded9f09e0103a44f6798daaba9e681e25ca,True
results/tests/11/threshold__f100__close_iterations=0/summary.json,data/tests/detection/otsu/legacy_otsu_defaults__cfg4633c2bb/frame_screening/video_11/frame_100/threshold__f100__close_iterations_0/summary.json,move_file,11191,1,0e4bf1f84f9c7edb11981c9e0fd556021440d8b9cf18a7cc8bdb797cdb282e7c,True
results/tests/11/threshold__f100__close_iterations=0_threshold_value=200/00_input.png,data/tests/detection/_shared_inputs/video_11/frame_100.png,deduplicate_identical_input,428121,1,7410bc1cc17c8113e3f48ebf7985629a7d7ee513645f9d386d49faf83b704057,True
results/tests/11/threshold__f100__close_iterations=0_threshold_value=200/detections.csv,data/tests/detection/threshold/legacy_t200_c0__cfg1359249f/frame_screening/video_11/frame_100/threshold__f100__close_iterations_0_threshold_value_200/detections.csv,move_file,6776,1,39aafdef4a5c6f37213529648652df17d976a40a8d3166d0452f1621eaed049b,True
results/tests/11/threshold__f100__close_iterations=0_threshold_value=200/detections.png,data/tests/detection/threshold/legacy_t200_c0__cfg1359249f/frame_screening/video_11/frame_100/threshold__f100__close_iterations_0_threshold_value_200/detections.png,move_file,457853,1,a2565603a5afbeb8b1485d3c245a16cb8af2b0b5f88d17f6f5d144526341cc5b,True
results/tests/11/threshold__f100__close_iterations=0_threshold_value=200/summary.json,data/tests/detection/threshold/legacy_t200_c0__cfg1359249f/frame_screening/video_11/frame_100/threshold__f100__close_iterations_0_threshold_value_200/summary.json,move_file,5826,1,9a47092f0d26181ee1b606c7be0778a2fc792906361b0f55032a0849d189178c,True
results/tests/11/threshold__f100__close_iterations=2_threshold_value=200/00_input.png,data/tests/detection/_shared_inputs/video_11/frame_100.png,deduplicate_identical_input,428121,1,7410bc1cc17c8113e3f48ebf7985629a7d7ee513645f9d386d49faf83b704057,True
results/tests/11/threshold__f100__close_iterations=2_threshold_value=200/detections.csv,data/tests/detection/threshold/legacy_t200_c2__cfg5d0522c8/frame_screening/video_11/frame_100/threshold__f100__close_iterations_2_threshold_value_200/detections.csv,move_file,6518,1,e3df9969efb71803c8d367b05e1681b340553c587a4e95634fc60674062691f2,True
results/tests/11/threshold__f100__close_iterations=2_threshold_value=200/detections.png,data/tests/detection/threshold/legacy_t200_c2__cfg5d0522c8/frame_screening/video_11/frame_100/threshold__f100__close_iterations_2_threshold_value_200/detections.png,move_file,458014,1,554b1e798352484b4a7526e1b382ae752cb4c29bb3a9192080dd6a434aa10799,True
results/tests/11/threshold__f100__close_iterations=2_threshold_value=200/summary.json,data/tests/detection/threshold/legacy_t200_c2__cfg5d0522c8/frame_screening/video_11/frame_100/threshold__f100__close_iterations_2_threshold_value_200/summary.json,move_file,5426,1,9133eb04f88fe4bb746f47b27b3d97ec4c014226c14e79f584e0d7edf02f8898,True
results/tests/11/threshold__f100__morph_iterations=2/00_input.png,data/tests/detection/_shared_inputs/video_11/frame_100.png,deduplicate_identical_input,428121,1,7410bc1cc17c8113e3f48ebf7985629a7d7ee513645f9d386d49faf83b704057,True
results/tests/11/threshold__f100__morph_iterations=2/detections.csv,data/tests/detection/otsu/legacy_otsu_defaults__cfg76e32ed9/frame_screening/video_11/frame_100/threshold__f100__morph_iterations_2/detections.csv,move_file,8633,1,50d2efec0c53b9c7176b25b4a2499f5d4ade2188b4c30a53ce0eadbd4812b922,True
results/tests/11/threshold__f100__morph_iterations=2/detections.png,data/tests/detection/otsu/legacy_otsu_defaults__cfg76e32ed9/frame_screening/video_11/frame_100/threshold__f100__morph_iterations_2/detections.png,move_file,459467,1,6fc1f1b9bf4111efc19553d092144c77c4cd0cdf6962d15ea46101df68aaebe3,True
results/tests/11/threshold__f100__morph_iterations=2/summary.json,data/tests/detection/otsu/legacy_otsu_defaults__cfg76e32ed9/frame_screening/video_11/frame_100/threshold__f100__morph_iterations_2/summary.json,move_file,8838,1,2b6ee8bc4b388c6a0c36a55e3fd9be77d0ac8b544529f041800f13a383ccccc6,True
results/tests/11/threshold__f100__morph_iterations=2_threshold_value=200/00_input.png,data/tests/detection/_shared_inputs/video_11/frame_100.png,deduplicate_identical_input,428121,1,7410bc1cc17c8113e3f48ebf7985629a7d7ee513645f9d386d49faf83b704057,True
results/tests/11/threshold__f100__morph_iterations=2_threshold_value=200/detections.csv,data/tests/detection/threshold/legacy_t200_o2__cfga13617b6/frame_screening/video_11/frame_100/threshold__f100__morph_iterations_2_threshold_value_200/detections.csv,move_file,4490,1,dce3e16731c717bee788210f34f7cbdef79d70386d9e8c0043e146dd43008e6f,True
results/tests/11/threshold__f100__morph_iterations=2_threshold_value=200/detections.png,data/tests/detection/threshold/legacy_t200_o2__cfga13617b6/frame_screening/video_11/frame_100/threshold__f100__morph_iterations_2_threshold_value_200/detections.png,move_file,460011,1,6173eae90e1c7b26f02febad3188a3edb072cab8f6ceaac4a30fdc18dc0a47ef,True
results/tests/11/threshold__f100__morph_iterations=2_threshold_value=200/summary.json,data/tests/detection/threshold/legacy_t200_o2__cfga13617b6/frame_screening/video_11/frame_100/threshold__f100__morph_iterations_2_threshold_value_200/summary.json,move_file,2058,1,7bab97d331dc8567976fe9dc5e3bee87e85337447166ad07a1b39019b957e044,True
results/tests/11/threshold__f100__threshold_value=180/00_input.png,data/tests/detection/_shared_inputs/video_11/frame_100.png,deduplicate_identical_input,428121,1,7410bc1cc17c8113e3f48ebf7985629a7d7ee513645f9d386d49faf83b704057,True
results/tests/11/threshold__f100__threshold_value=180/detections.csv,data/tests/detection/threshold/legacy_t180__cfg1fd3f76e/frame_screening/video_11/frame_100/threshold__f100__threshold_value_180/detections.csv,move_file,7177,1,e0c43cc907292f91745321f44b2c9b82df639ff5ff8b82c9e1933135d3fc7c77,True
results/tests/11/threshold__f100__threshold_value=180/detections.png,data/tests/detection/threshold/legacy_t180__cfg1fd3f76e/frame_screening/video_11/frame_100/threshold__f100__threshold_value_180/detections.png,move_file,457183,1,f323faa322b05d10ffdbdd5762095a71f49c79042cc68e95e432dd3ec73a7a31,True
results/tests/11/threshold__f100__threshold_value=180/summary.json,data/tests/detection/threshold/legacy_t180__cfg1fd3f76e/frame_screening/video_11/frame_100/threshold__f100__threshold_value_180/summary.json,move_file,6475,1,08c3d07965b54e5c0be520ac3cf8bf222f256003d9004d50dff83874a6680407,True
results/tests/11/threshold__f100__threshold_value=190/00_input.png,data/tests/detection/_shared_inputs/video_11/frame_100.png,deduplicate_identical_input,428121,1,7410bc1cc17c8113e3f48ebf7985629a7d7ee513645f9d386d49faf83b704057,True
results/tests/11/threshold__f100__threshold_value=190/detections.csv,data/tests/detection/threshold/legacy_t190__cfgfeeed012/frame_screening/video_11/frame_100/threshold__f100__threshold_value_190/detections.csv,move_file,7103,1,d59f472adb826a2bc96dea8eb31dbf1d2835f0e02117f42d670947e608284fcd,True
results/tests/11/threshold__f100__threshold_value=190/detections.png,data/tests/detection/threshold/legacy_t190__cfgfeeed012/frame_screening/video_11/frame_100/threshold__f100__threshold_value_190/detections.png,move_file,457625,1,a7f1541b3839baf73df023e202e36c6f9615607666e3beb541f91cf9da1116b1,True
results/tests/11/threshold__f100__threshold_value=190/summary.json,data/tests/detection/threshold/legacy_t190__cfgfeeed012/frame_screening/video_11/frame_100/threshold__f100__threshold_value_190/summary.json,move_file,6360,1,d2895b168501a26efa47c385152a97c7208013ec8d4deb951504f91c18ca9047,True
results/tests/11/threshold__f100__threshold_value=200/00_input.png,data/tests/detection/_shared_inputs/video_11/frame_100.png,deduplicate_identical_input,428121,1,7410bc1cc17c8113e3f48ebf7985629a7d7ee513645f9d386d49faf83b704057,True
results/tests/11/threshold__f100__threshold_value=200/detections.csv,data/tests/detection/threshold/legacy_t200__cfg1f8f28ac/frame_screening/video_11/frame_100/threshold__f100__threshold_value_200/detections.csv,move_file,6776,1,39aafdef4a5c6f37213529648652df17d976a40a8d3166d0452f1621eaed049b,True
results/tests/11/threshold__f100__threshold_value=200/detections.png,data/tests/detection/threshold/legacy_t200__cfg1f8f28ac/frame_screening/video_11/frame_100/threshold__f100__threshold_value_200/detections.png,move_file,457853,1,a2565603a5afbeb8b1485d3c245a16cb8af2b0b5f88d17f6f5d144526341cc5b,True
results/tests/11/threshold__f100__threshold_value=200/summary.json,data/tests/detection/threshold/legacy_t200__cfg1f8f28ac/frame_screening/video_11/frame_100/threshold__f100__threshold_value_200/summary.json,move_file,5811,1,feee518da98fbab05ec38b3539c648e4f25e96ffcc71453c1b4cf177767f9f6b,True
results/tests/11/threshold__f100__threshold_value=210/00_input.png,data/tests/detection/_shared_inputs/video_11/frame_100.png,deduplicate_identical_input,428121,1,7410bc1cc17c8113e3f48ebf7985629a7d7ee513645f9d386d49faf83b704057,True
results/tests/11/threshold__f100__threshold_value=210/detections.csv,data/tests/detection/threshold/legacy_t210__cfg4310fa76/frame_screening/video_11/frame_100/threshold__f100__threshold_value_210/detections.csv,move_file,6252,1,a89e79d6712efebb084ef355313f17d3d029db5b4fd74ce28ffaab98ebd8d5d0,True
results/tests/11/threshold__f100__threshold_value=210/detections.png,data/tests/detection/threshold/legacy_t210__cfg4310fa76/frame_screening/video_11/frame_100/threshold__f100__threshold_value_210/detections.png,move_file,458280,1,283d29acf3395d81db13a3be9ffedf57ebe6103141a440fa9780a979839165f5,True
results/tests/11/threshold__f100__threshold_value=210/summary.json,data/tests/detection/threshold/legacy_t210__cfg4310fa76/frame_screening/video_11/frame_100/threshold__f100__threshold_value_210/summary.json,move_file,4940,1,c0e7eeb1120ff28f117923164962b9b62e3131f1413410808c1eed2db94cab14,True
results/tests/11/threshold__f50/00_input.png,data/tests/detection/_shared_inputs/video_11/frame_50.png,move_file,433593,1,b5b4503af75fbcf7658c2e2d0a5f2c734454ae27c0a4f7c9f565eb678f5eee67,True
results/tests/11/threshold__f50/detections.csv,data/tests/detection/otsu/legacy_otsu_defaults__cfgbbaffb3e/frame_screening/video_11/frame_50/threshold__f50/detections.csv,move_file,9348,1,9b77738a6df310286f058322f6fe8aff872ab4fc5edefa471b77520ea66b5925,True
results/tests/11/threshold__f50/detections.png,data/tests/detection/otsu/legacy_otsu_defaults__cfgbbaffb3e/frame_screening/video_11/frame_50/threshold__f50/detections.png,move_file,466652,1,d184802c477f62b66bfdd78a506fb254bd17be1a54332218e9df26493803806d,True
results/tests/11/threshold__f50/summary.json,data/tests/detection/otsu/legacy_otsu_defaults__cfgbbaffb3e/frame_screening/video_11/frame_50/threshold__f50/summary.json,move_file,10201,1,d68c61742215321819a1cfbed85b5e6aaba56c145d5997c9beb6dcd506a4cdbc,True
results/tests/11/threshold__f50__close_iterations=0/00_input.png,data/tests/detection/_shared_inputs/video_11/frame_50.png,deduplicate_identical_input,433593,1,b5b4503af75fbcf7658c2e2d0a5f2c734454ae27c0a4f7c9f565eb678f5eee67,True
results/tests/11/threshold__f50__close_iterations=0/detections.csv,data/tests/detection/otsu/legacy_otsu_defaults__cfg4633c2bb/frame_screening/video_11/frame_50/threshold__f50__close_iterations_0/detections.csv,move_file,10711,1,649abbaf443c542a0182c6915a40b346a2b1cf3ee6b14660221579aef1d274c0,True
results/tests/11/threshold__f50__close_iterations=0/detections.png,data/tests/detection/otsu/legacy_otsu_defaults__cfg4633c2bb/frame_screening/video_11/frame_50/threshold__f50__close_iterations_0/detections.png,move_file,465726,1,5527a0baa3caf1e861eac5df4ed82169c6780eb6d86a9b7309cda0818552253d,True
results/tests/11/threshold__f50__close_iterations=0/summary.json,data/tests/detection/otsu/legacy_otsu_defaults__cfg4633c2bb/frame_screening/video_11/frame_50/threshold__f50__close_iterations_0/summary.json,move_file,12506,1,e6eb0a0b28afd57f5941f27f85c64b407bd6a28a2bd5dd83610fb5e5409cf26e,True
results/tests/11/threshold__f50__close_iterations=0_threshold_value=200/00_input.png,data/tests/detection/_shared_inputs/video_11/frame_50.png,deduplicate_identical_input,433593,1,b5b4503af75fbcf7658c2e2d0a5f2c734454ae27c0a4f7c9f565eb678f5eee67,True
results/tests/11/threshold__f50__close_iterations=0_threshold_value=200/detections.csv,data/tests/detection/threshold/legacy_t200_c0__cfg1359249f/frame_screening/video_11/frame_50/threshold__f50__close_iterations_0_threshold_value_200/detections.csv,move_file,6286,1,0b69ed2c61ad949ef16f0cf3fb81c8af15a76f09ab7b2f3b04c53e5e966b507d,True
results/tests/11/threshold__f50__close_iterations=0_threshold_value=200/detections.png,data/tests/detection/threshold/legacy_t200_c0__cfg1359249f/frame_screening/video_11/frame_50/threshold__f50__close_iterations_0_threshold_value_200/detections.png,move_file,463887,1,962654f579dcded75eca1c8f6ace63de4a7ce52bf95dd8744c50fac9215b8f00,True
results/tests/11/threshold__f50__close_iterations=0_threshold_value=200/summary.json,data/tests/detection/threshold/legacy_t200_c0__cfg1359249f/frame_screening/video_11/frame_50/threshold__f50__close_iterations_0_threshold_value_200/summary.json,move_file,5170,1,40e3147b182ea5d47ae06ad6fd6d4b7d0997e52de80fc100f585994cc5a20d27,True
results/tests/11/threshold__f50__close_iterations=2_threshold_value=200/00_input.png,data/tests/detection/_shared_inputs/video_11/frame_50.png,deduplicate_identical_input,433593,1,b5b4503af75fbcf7658c2e2d0a5f2c734454ae27c0a4f7c9f565eb678f5eee67,True
results/tests/11/threshold__f50__close_iterations=2_threshold_value=200/detections.csv,data/tests/detection/threshold/legacy_t200_c2__cfg5d0522c8/frame_screening/video_11/frame_50/threshold__f50__close_iterations_2_threshold_value_200/detections.csv,move_file,6286,1,0b69ed2c61ad949ef16f0cf3fb81c8af15a76f09ab7b2f3b04c53e5e966b507d,True
results/tests/11/threshold__f50__close_iterations=2_threshold_value=200/detections.png,data/tests/detection/threshold/legacy_t200_c2__cfg5d0522c8/frame_screening/video_11/frame_50/threshold__f50__close_iterations_2_threshold_value_200/detections.png,move_file,463887,1,962654f579dcded75eca1c8f6ace63de4a7ce52bf95dd8744c50fac9215b8f00,True
results/tests/11/threshold__f50__close_iterations=2_threshold_value=200/summary.json,data/tests/detection/threshold/legacy_t200_c2__cfg5d0522c8/frame_screening/video_11/frame_50/threshold__f50__close_iterations_2_threshold_value_200/summary.json,move_file,5202,1,53a90faf172c2f64f33b80526d5ef4b8b9e7dac85f27c66e2fdbaa2ebc1ca358,True
results/tests/11/threshold__f50__morph_iterations=2/00_input.png,data/tests/detection/_shared_inputs/video_11/frame_50.png,deduplicate_identical_input,433593,1,b5b4503af75fbcf7658c2e2d0a5f2c734454ae27c0a4f7c9f565eb678f5eee67,True
results/tests/11/threshold__f50__morph_iterations=2/detections.csv,data/tests/detection/otsu/legacy_otsu_defaults__cfg76e32ed9/frame_screening/video_11/frame_50/threshold__f50__morph_iterations_2/detections.csv,move_file,9034,1,7d0c6d07c7a3b833ada3cb188abebfe4715a0ee398df0c47c1cb1d2d45bdc284,True
results/tests/11/threshold__f50__morph_iterations=2/detections.png,data/tests/detection/otsu/legacy_otsu_defaults__cfg76e32ed9/frame_screening/video_11/frame_50/threshold__f50__morph_iterations_2/detections.png,move_file,465899,1,d521620a67c13873f082a55e5041262bf7ab0a3f2e7770b34dfd5658058c4d89,True
results/tests/11/threshold__f50__morph_iterations=2/summary.json,data/tests/detection/otsu/legacy_otsu_defaults__cfg76e32ed9/frame_screening/video_11/frame_50/threshold__f50__morph_iterations_2/summary.json,move_file,9720,1,718aa63bf057c63a8af9d129272b26b80807c1c0941a9285fba8e59265c25cc9,True
results/tests/11/threshold__f50__morph_iterations=2_threshold_value=200/00_input.png,data/tests/detection/_shared_inputs/video_11/frame_50.png,deduplicate_identical_input,433593,1,b5b4503af75fbcf7658c2e2d0a5f2c734454ae27c0a4f7c9f565eb678f5eee67,True
results/tests/11/threshold__f50__morph_iterations=2_threshold_value=200/detections.csv,data/tests/detection/threshold/legacy_t200_o2__cfga13617b6/frame_screening/video_11/frame_50/threshold__f50__morph_iterations_2_threshold_value_200/detections.csv,move_file,4679,1,89a520ea070674e07913786fd62a517c1d7b25e7efa202945c4f414528866789,True
results/tests/11/threshold__f50__morph_iterations=2_threshold_value=200/detections.png,data/tests/detection/threshold/legacy_t200_o2__cfga13617b6/frame_screening/video_11/frame_50/threshold__f50__morph_iterations_2_threshold_value_200/detections.png,move_file,465525,1,0f4ddde9f28031ff931ac84dc5a8add1382cce6d04668ec901011900cce196b3,True
results/tests/11/threshold__f50__morph_iterations=2_threshold_value=200/summary.json,data/tests/detection/threshold/legacy_t200_o2__cfga13617b6/frame_screening/video_11/frame_50/threshold__f50__morph_iterations_2_threshold_value_200/summary.json,move_file,2488,1,3454a94c9678949e72b50f047f0cd70b10ab66dbc8ec143583b153d147179b0a,True
results/tests/11/threshold__f50__threshold_value=180/00_input.png,data/tests/detection/_shared_inputs/video_11/frame_50.png,deduplicate_identical_input,433593,1,b5b4503af75fbcf7658c2e2d0a5f2c734454ae27c0a4f7c9f565eb678f5eee67,True
results/tests/11/threshold__f50__threshold_value=180/detections.csv,data/tests/detection/threshold/legacy_t180__cfg1fd3f76e/frame_screening/video_11/frame_50/threshold__f50__threshold_value_180/detections.csv,move_file,7712,1,a12200239b809ca5f154bdaf65ae98c9646ef3eba6903d0b66bb0076666425b7,True
results/tests/11/threshold__f50__threshold_value=180/detections.png,data/tests/detection/threshold/legacy_t180__cfg1fd3f76e/frame_screening/video_11/frame_50/threshold__f50__threshold_value_180/detections.png,move_file,462607,1,2acfd66a8a9506fa32aabb659224d487e00989ef2ae1f7b4d3d5a22dcdeb7fb5,True
results/tests/11/threshold__f50__threshold_value=180/summary.json,data/tests/detection/threshold/legacy_t180__cfg1fd3f76e/frame_screening/video_11/frame_50/threshold__f50__threshold_value_180/summary.json,move_file,7554,1,0a84c3b0a79a734c8a73f832c353b5c12e499986867ac771be0f496729272c8e,True
results/tests/11/threshold__f50__threshold_value=190/00_input.png,data/tests/detection/_shared_inputs/video_11/frame_50.png,deduplicate_identical_input,433593,1,b5b4503af75fbcf7658c2e2d0a5f2c734454ae27c0a4f7c9f565eb678f5eee67,True
results/tests/11/threshold__f50__threshold_value=190/detections.csv,data/tests/detection/threshold/legacy_t190__cfgfeeed012/frame_screening/video_11/frame_50/threshold__f50__threshold_value_190/detections.csv,move_file,6865,1,323670d38e5373fc80d5a4dfd40ec7ad92da7fd65c7b2322164bd6985e5c3e0f,True
results/tests/11/threshold__f50__threshold_value=190/detections.png,data/tests/detection/threshold/legacy_t190__cfgfeeed012/frame_screening/video_11/frame_50/threshold__f50__threshold_value_190/detections.png,move_file,463425,1,6e9a65e96696582bfa4021ce9e65e8d5ff23af066c638f366d97b16b5d76f0f8,True
results/tests/11/threshold__f50__threshold_value=190/summary.json,data/tests/detection/threshold/legacy_t190__cfgfeeed012/frame_screening/video_11/frame_50/threshold__f50__threshold_value_190/summary.json,move_file,6136,1,a35e728438cf907ea239de0cb6dc5e7a8d64287e737c843b7b4f27f3d3dede5c,True
results/tests/11/threshold__f50__threshold_value=200/00_input.png,data/tests/detection/_shared_inputs/video_11/frame_50.png,deduplicate_identical_input,433593,1,b5b4503af75fbcf7658c2e2d0a5f2c734454ae27c0a4f7c9f565eb678f5eee67,True
results/tests/11/threshold__f50__threshold_value=200/detections.csv,data/tests/detection/threshold/legacy_t200__cfg1f8f28ac/frame_screening/video_11/frame_50/threshold__f50__threshold_value_200/detections.csv,move_file,6286,1,0b69ed2c61ad949ef16f0cf3fb81c8af15a76f09ab7b2f3b04c53e5e966b507d,True
results/tests/11/threshold__f50__threshold_value=200/detections.png,data/tests/detection/threshold/legacy_t200__cfg1f8f28ac/frame_screening/video_11/frame_50/threshold__f50__threshold_value_200/detections.png,move_file,463887,1,962654f579dcded75eca1c8f6ace63de4a7ce52bf95dd8744c50fac9215b8f00,True
results/tests/11/threshold__f50__threshold_value=200/summary.json,data/tests/detection/threshold/legacy_t200__cfg1f8f28ac/frame_screening/video_11/frame_50/threshold__f50__threshold_value_200/summary.json,move_file,5155,1,6226deda803191b5fa4dc6e427bb1eed94be8241b4dfa7dd38e1748ec560ee35,True
results/tests/11/threshold__f50__threshold_value=210/00_input.png,data/tests/detection/_shared_inputs/video_11/frame_50.png,deduplicate_identical_input,433593,1,b5b4503af75fbcf7658c2e2d0a5f2c734454ae27c0a4f7c9f565eb678f5eee67,True
results/tests/11/threshold__f50__threshold_value=210/detections.csv,data/tests/detection/threshold/legacy_t210__cfg4310fa76/frame_screening/video_11/frame_50/threshold__f50__threshold_value_210/detections.csv,move_file,6157,1,82e30d54da63cfb3dc532057e2659aa7f1983aa405761ec2fa67344376674f0f,True
results/tests/11/threshold__f50__threshold_value=210/detections.png,data/tests/detection/threshold/legacy_t210__cfg4310fa76/frame_screening/video_11/frame_50/threshold__f50__threshold_value_210/detections.png,move_file,464220,1,cb00961a57b2f8abb3c5e346180c37dcf64d4b9176d179f5e675506c2af0b3ea,True
results/tests/11/threshold__f50__threshold_value=210/summary.json,data/tests/detection/threshold/legacy_t210__cfg4310fa76/frame_screening/video_11/frame_50/threshold__f50__threshold_value_210/summary.json,move_file,4935,1,ab12c2e16bf5e227ecf36c2b126923bd815864a1cae8dcc346e296e2c9a18471,True
results/tests/12/threshold__f0/00_input.png,data/tests/detection/_shared_inputs/video_12/frame_0.png,move_file,305392,1,89d8e677602eaf61cfd4ace41218b2ad861a8ddba84f7f93ecd546914c0cda83,True
results/tests/12/threshold__f0/detections.csv,data/tests/detection/otsu/legacy_otsu_defaults__cfgbbaffb3e/frame_screening/video_12/frame_0/threshold__f0/detections.csv,move_file,4687,1,a8984daf7812d4907bd8cabef0f29b80ad156c3b26ca9c0841bfe2db8f683b93,True
results/tests/12/threshold__f0/detections.png,data/tests/detection/otsu/legacy_otsu_defaults__cfgbbaffb3e/frame_screening/video_12/frame_0/threshold__f0/detections.png,move_file,336904,1,113daafb16e31e5dcff1627688d919970e2eef7d0eaf485b6d333172edc33298,True
results/tests/12/threshold__f0/summary.json,data/tests/detection/otsu/legacy_otsu_defaults__cfgbbaffb3e/frame_screening/video_12/frame_0/threshold__f0/summary.json,move_file,4181,1,228b49dbf066f5c1b2c6d1f8a18e82f3cf1ae4668caef7c7936d5ed6c444260f,True
results/tests/12/threshold__f0__close_iterations=0/00_input.png,data/tests/detection/_shared_inputs/video_12/frame_0.png,deduplicate_identical_input,305392,1,89d8e677602eaf61cfd4ace41218b2ad861a8ddba84f7f93ecd546914c0cda83,True
results/tests/12/threshold__f0__close_iterations=0/detections.csv,data/tests/detection/otsu/legacy_otsu_defaults__cfg4633c2bb/frame_screening/video_12/frame_0/threshold__f0__close_iterations_0/detections.csv,move_file,4814,1,6d500c6100c275ce6f63848da700f9e2f9f6770b61ea9fbce86bfe74133cf7b2,True
results/tests/12/threshold__f0__close_iterations=0/detections.png,data/tests/detection/otsu/legacy_otsu_defaults__cfg4633c2bb/frame_screening/video_12/frame_0/threshold__f0__close_iterations_0/detections.png,move_file,336653,1,68df86f39cd695f78ccb0d8b5e736bead91d24719da9ee54a60bc889b086792b,True
results/tests/12/threshold__f0__close_iterations=0/summary.json,data/tests/detection/otsu/legacy_otsu_defaults__cfg4633c2bb/frame_screening/video_12/frame_0/threshold__f0__close_iterations_0/summary.json,move_file,4417,1,1cdcead29567c0917deb13fd72016c971efa47cfd3cf6cc0f460a7f3db810e80,True
results/tests/12/threshold__f0__close_iterations=0_threshold_value=200/00_input.png,data/tests/detection/_shared_inputs/video_12/frame_0.png,deduplicate_identical_input,305392,1,89d8e677602eaf61cfd4ace41218b2ad861a8ddba84f7f93ecd546914c0cda83,True
results/tests/12/threshold__f0__close_iterations=0_threshold_value=200/detections.csv,data/tests/detection/threshold/legacy_t200_c0__cfg1359249f/frame_screening/video_12/frame_0/threshold__f0__close_iterations_0_threshold_value_200/detections.csv,move_file,4317,1,333e334167c5c1baf32282b3a02ea9c662d2031f3f247243f417a758c2a09d3a,True
results/tests/12/threshold__f0__close_iterations=0_threshold_value=200/detections.png,data/tests/detection/threshold/legacy_t200_c0__cfg1359249f/frame_screening/video_12/frame_0/threshold__f0__close_iterations_0_threshold_value_200/detections.png,move_file,335462,1,ec0fa780b240fd2135fdb074e78aedd02cd401fcfb36293024eb1e4a272116c0,True
results/tests/12/threshold__f0__close_iterations=0_threshold_value=200/summary.json,data/tests/detection/threshold/legacy_t200_c0__cfg1359249f/frame_screening/video_12/frame_0/threshold__f0__close_iterations_0_threshold_value_200/summary.json,move_file,3653,1,58a159b11ff3f444a57ba971a723c587f4eb831df47b0fa344ca9f09ac03d8d8,True
results/tests/12/threshold__f0__close_iterations=2_threshold_value=200/00_input.png,data/tests/detection/_shared_inputs/video_12/frame_0.png,deduplicate_identical_input,305392,1,89d8e677602eaf61cfd4ace41218b2ad861a8ddba84f7f93ecd546914c0cda83,True
results/tests/12/threshold__f0__close_iterations=2_threshold_value=200/detections.csv,data/tests/detection/threshold/legacy_t200_c2__cfg5d0522c8/frame_screening/video_12/frame_0/threshold__f0__close_iterations_2_threshold_value_200/detections.csv,move_file,4253,1,9b763c368170a48fc158e47fc2bb1938e188de3681228397fab6d315099530d2,True
results/tests/12/threshold__f0__close_iterations=2_threshold_value=200/detections.png,data/tests/detection/threshold/legacy_t200_c2__cfg5d0522c8/frame_screening/video_12/frame_0/threshold__f0__close_iterations_2_threshold_value_200/detections.png,move_file,335420,1,21470b2dac420f8b78caec2d847e5870b2d27fa01e2b08748a7c187f5af2ec24,True
results/tests/12/threshold__f0__close_iterations=2_threshold_value=200/summary.json,data/tests/detection/threshold/legacy_t200_c2__cfg5d0522c8/frame_screening/video_12/frame_0/threshold__f0__close_iterations_2_threshold_value_200/summary.json,move_file,3576,1,5503336f382f6c90120eccf8e349f9fc8564b4ced357ff7a9c58d723cac4a770,True
results/tests/12/threshold__f0__morph_iterations=2/00_input.png,data/tests/detection/_shared_inputs/video_12/frame_0.png,deduplicate_identical_input,305392,1,89d8e677602eaf61cfd4ace41218b2ad861a8ddba84f7f93ecd546914c0cda83,True
results/tests/12/threshold__f0__morph_iterations=2/detections.csv,data/tests/detection/otsu/legacy_otsu_defaults__cfg76e32ed9/frame_screening/video_12/frame_0/threshold__f0__morph_iterations_2/detections.csv,move_file,4686,1,34e848e379c78fe4f2211565c8e4eef15c2993acdd3721b90caee33f88a8b26e,True
results/tests/12/threshold__f0__morph_iterations=2/detections.png,data/tests/detection/otsu/legacy_otsu_defaults__cfg76e32ed9/frame_screening/video_12/frame_0/threshold__f0__morph_iterations_2/detections.png,move_file,337100,1,e81cd9706fa1c781a23caa8d6c2116ec6bbb7e6ab9305ff32163197a4da5e337,True
results/tests/12/threshold__f0__morph_iterations=2/summary.json,data/tests/detection/otsu/legacy_otsu_defaults__cfg76e32ed9/frame_screening/video_12/frame_0/threshold__f0__morph_iterations_2/summary.json,move_file,4231,1,32573cd7fda4979b6b512643cd40b28f6d58c821aa9b92e9d24b044e92e7ed51,True
results/tests/12/threshold__f0__morph_iterations=2_threshold_value=200/00_input.png,data/tests/detection/_shared_inputs/video_12/frame_0.png,deduplicate_identical_input,305392,1,89d8e677602eaf61cfd4ace41218b2ad861a8ddba84f7f93ecd546914c0cda83,True
results/tests/12/threshold__f0__morph_iterations=2_threshold_value=200/detections.csv,data/tests/detection/threshold/legacy_t200_o2__cfga13617b6/frame_screening/video_12/frame_0/threshold__f0__morph_iterations_2_threshold_value_200/detections.csv,move_file,3176,1,5c398f44d5cfe28d77e734ed92d85447af4397b2e18cf8987fe08d9a74b9c2bd,True
results/tests/12/threshold__f0__morph_iterations=2_threshold_value=200/detections.png,data/tests/detection/threshold/legacy_t200_o2__cfga13617b6/frame_screening/video_12/frame_0/threshold__f0__morph_iterations_2_threshold_value_200/detections.png,move_file,336660,1,e0a051cd5b40ac90be88fc9aa722c700f11290197aeeb8f20e18548a1bc0faee,True
results/tests/12/threshold__f0__morph_iterations=2_threshold_value=200/summary.json,data/tests/detection/threshold/legacy_t200_o2__cfga13617b6/frame_screening/video_12/frame_0/threshold__f0__morph_iterations_2_threshold_value_200/summary.json,move_file,1729,1,9ac52e83c5033395e8f98ca382f5fa8dc683e18f46cf8e02c26f4b5d3602f4e6,True
results/tests/12/threshold__f0__threshold_value=180/00_input.png,data/tests/detection/_shared_inputs/video_12/frame_0.png,deduplicate_identical_input,305392,1,89d8e677602eaf61cfd4ace41218b2ad861a8ddba84f7f93ecd546914c0cda83,True
results/tests/12/threshold__f0__threshold_value=180/detections.csv,data/tests/detection/threshold/legacy_t180__cfg1fd3f76e/frame_screening/video_12/frame_0/threshold__f0__threshold_value_180/detections.csv,move_file,4322,1,24ecf6f5dbc2a4fd871d6a1feaac184f383e28b3ffe460bbeb10c7af896259b8,True
results/tests/12/threshold__f0__threshold_value=180/detections.png,data/tests/detection/threshold/legacy_t180__cfg1fd3f76e/frame_screening/video_12/frame_0/threshold__f0__threshold_value_180/detections.png,move_file,335205,1,abc483d9cebd817f96d66c7073347caebab97e0c790b6cf9ff22ef78973c2c08,True
results/tests/12/threshold__f0__threshold_value=180/summary.json,data/tests/detection/threshold/legacy_t180__cfg1fd3f76e/frame_screening/video_12/frame_0/threshold__f0__threshold_value_180/summary.json,move_file,3643,1,dfecd78adaa7880e01584eb4bf08861182da0ed67b0c2ae531e235dc535733a9,True
results/tests/12/threshold__f0__threshold_value=190/00_input.png,data/tests/detection/_shared_inputs/video_12/frame_0.png,deduplicate_identical_input,305392,1,89d8e677602eaf61cfd4ace41218b2ad861a8ddba84f7f93ecd546914c0cda83,True
results/tests/12/threshold__f0__threshold_value=190/detections.csv,data/tests/detection/threshold/legacy_t190__cfgfeeed012/frame_screening/video_12/frame_0/threshold__f0__threshold_value_190/detections.csv,move_file,4255,1,8dfe4bf29195713b6ecb216392a330d691e878bb4ef50c8d48b1259d1ce8aad9,True
results/tests/12/threshold__f0__threshold_value=190/detections.png,data/tests/detection/threshold/legacy_t190__cfgfeeed012/frame_screening/video_12/frame_0/threshold__f0__threshold_value_190/detections.png,move_file,335301,1,f6f7e4597a5f9393d6ba68ae6f5e5a9649bcb98cade9a39fa59dcc225e96ab17,True
results/tests/12/threshold__f0__threshold_value=190/summary.json,data/tests/detection/threshold/legacy_t190__cfgfeeed012/frame_screening/video_12/frame_0/threshold__f0__threshold_value_190/summary.json,move_file,3531,1,fee1b8b3f47a366203aa5fdb3626d86febba2578542dbf331a0a742460fe69d0,True
results/tests/12/threshold__f0__threshold_value=200/00_input.png,data/tests/detection/_shared_inputs/video_12/frame_0.png,deduplicate_identical_input,305392,1,89d8e677602eaf61cfd4ace41218b2ad861a8ddba84f7f93ecd546914c0cda83,True
results/tests/12/threshold__f0__threshold_value=200/detections.csv,data/tests/detection/threshold/legacy_t200__cfg1f8f28ac/frame_screening/video_12/frame_0/threshold__f0__threshold_value_200/detections.csv,move_file,4317,1,333e334167c5c1baf32282b3a02ea9c662d2031f3f247243f417a758c2a09d3a,True
results/tests/12/threshold__f0__threshold_value=200/detections.png,data/tests/detection/threshold/legacy_t200__cfg1f8f28ac/frame_screening/video_12/frame_0/threshold__f0__threshold_value_200/detections.png,move_file,335462,1,ec0fa780b240fd2135fdb074e78aedd02cd401fcfb36293024eb1e4a272116c0,True
results/tests/12/threshold__f0__threshold_value=200/summary.json,data/tests/detection/threshold/legacy_t200__cfg1f8f28ac/frame_screening/video_12/frame_0/threshold__f0__threshold_value_200/summary.json,move_file,3638,1,809b7bb8bf7ca358fcfc0ba610eefd8516a82784a749446f345fc951fbc23c37,True
results/tests/12/threshold__f0__threshold_value=210/00_input.png,data/tests/detection/_shared_inputs/video_12/frame_0.png,deduplicate_identical_input,305392,1,89d8e677602eaf61cfd4ace41218b2ad861a8ddba84f7f93ecd546914c0cda83,True
results/tests/12/threshold__f0__threshold_value=210/detections.csv,data/tests/detection/threshold/legacy_t210__cfg4310fa76/frame_screening/video_12/frame_0/threshold__f0__threshold_value_210/detections.csv,move_file,4253,1,456024a61d6c6c3d096a0ded0afdd9bfc9973d4e4ce37d470a69e57089532114,True
results/tests/12/threshold__f0__threshold_value=210/detections.png,data/tests/detection/threshold/legacy_t210__cfg4310fa76/frame_screening/video_12/frame_0/threshold__f0__threshold_value_210/detections.png,move_file,335598,1,7b5b4f01fba76b9bbbd1b3252690a5f8e8fe6128d3256bd0edfe0fc9499de1c4,True
results/tests/12/threshold__f0__threshold_value=210/summary.json,data/tests/detection/threshold/legacy_t210__cfg4310fa76/frame_screening/video_12/frame_0/threshold__f0__threshold_value_210/summary.json,move_file,3529,1,ceaa4fdc7c86ac7afbd7e47931f6db44a1765b50c334544a62ecebf1a1b805ec,True
results/tests/12/threshold__f100/00_input.png,data/tests/detection/_shared_inputs/video_12/frame_100.png,move_file,255168,1,6ba0bbc1d195d45572c953e6a01d8ccfe7d9ca66a06d867901ae060aa97356c8,True
results/tests/12/threshold__f100/detections.csv,data/tests/detection/otsu/legacy_otsu_defaults__cfgbbaffb3e/frame_screening/video_12/frame_100/threshold__f100/detections.csv,move_file,4972,1,d97fe8376cf21c4080d0103b44bb7f159818e14f6d969fbdfd6a092007281c2f,True
results/tests/12/threshold__f100/detections.png,data/tests/detection/otsu/legacy_otsu_defaults__cfgbbaffb3e/frame_screening/video_12/frame_100/threshold__f100/detections.png,move_file,286235,1,1809d8ff63ae7d8e967e368f3ae9a456596e8a310d650ffaffaac0fbb8aa9bd1,True
results/tests/12/threshold__f100/summary.json,data/tests/detection/otsu/legacy_otsu_defaults__cfgbbaffb3e/frame_screening/video_12/frame_100/threshold__f100/summary.json,move_file,4279,1,7094d032269afbe1c09f8a788e96e68a889d4de7f313af0ac3291ac97b1fdec3,True
results/tests/12/threshold__f100__close_iterations=0/00_input.png,data/tests/detection/_shared_inputs/video_12/frame_100.png,deduplicate_identical_input,255168,1,6ba0bbc1d195d45572c953e6a01d8ccfe7d9ca66a06d867901ae060aa97356c8,True
results/tests/12/threshold__f100__close_iterations=0/detections.csv,data/tests/detection/otsu/legacy_otsu_defaults__cfg4633c2bb/frame_screening/video_12/frame_100/threshold__f100__close_iterations_0/detections.csv,move_file,5493,1,aa3264d3dbf12cc1cc24fe46fc327f3fd3f2d465c4393042d950a72bb7bf0548,True
results/tests/12/threshold__f100__close_iterations=0/detections.png,data/tests/detection/otsu/legacy_otsu_defaults__cfg4633c2bb/frame_screening/video_12/frame_100/threshold__f100__close_iterations_0/detections.png,move_file,285976,1,97419c4f12ce792588c3f8d05221c9d40afee4ddc5143f59ee23cb4b5be47665,True
results/tests/12/threshold__f100__close_iterations=0/summary.json,data/tests/detection/otsu/legacy_otsu_defaults__cfg4633c2bb/frame_screening/video_12/frame_100/threshold__f100__close_iterations_0/summary.json,move_file,5167,1,33243d7e21d5623cde0a0b461df3d7b315d778c5c731631d83e29eb98bc46234,True
results/tests/12/threshold__f100__close_iterations=0_threshold_value=200/00_input.png,data/tests/detection/_shared_inputs/video_12/frame_100.png,deduplicate_identical_input,255168,1,6ba0bbc1d195d45572c953e6a01d8ccfe7d9ca66a06d867901ae060aa97356c8,True
results/tests/12/threshold__f100__close_iterations=0_threshold_value=200/detections.csv,data/tests/detection/threshold/legacy_t200_c0__cfg1359249f/frame_screening/video_12/frame_100/threshold__f100__close_iterations_0_threshold_value_200/detections.csv,move_file,4544,1,1e6528fc1a2cf3cbfe1be29dab6fae62c20b0d9a560dbb4caa6bbd091726f3c9,True
results/tests/12/threshold__f100__close_iterations=0_threshold_value=200/detections.png,data/tests/detection/threshold/legacy_t200_c0__cfg1359249f/frame_screening/video_12/frame_100/threshold__f100__close_iterations_0_threshold_value_200/detections.png,move_file,285319,1,bcdf829cc8fe1bfa8b4dcc1e64a1b96dc66ad517cd2a08299fb4c0c64a831736,True
results/tests/12/threshold__f100__close_iterations=0_threshold_value=200/summary.json,data/tests/detection/threshold/legacy_t200_c0__cfg1359249f/frame_screening/video_12/frame_100/threshold__f100__close_iterations_0_threshold_value_200/summary.json,move_file,3655,1,7f93d1e7a13938305a5ed9bb86fda96c39be8408b89543068857cc10c19e82c5,True
results/tests/12/threshold__f100__close_iterations=2_threshold_value=200/00_input.png,data/tests/detection/_shared_inputs/video_12/frame_100.png,deduplicate_identical_input,255168,1,6ba0bbc1d195d45572c953e6a01d8ccfe7d9ca66a06d867901ae060aa97356c8,True
results/tests/12/threshold__f100__close_iterations=2_threshold_value=200/detections.csv,data/tests/detection/threshold/legacy_t200_c2__cfg5d0522c8/frame_screening/video_12/frame_100/threshold__f100__close_iterations_2_threshold_value_200/detections.csv,move_file,4544,1,1e6528fc1a2cf3cbfe1be29dab6fae62c20b0d9a560dbb4caa6bbd091726f3c9,True
results/tests/12/threshold__f100__close_iterations=2_threshold_value=200/detections.png,data/tests/detection/threshold/legacy_t200_c2__cfg5d0522c8/frame_screening/video_12/frame_100/threshold__f100__close_iterations_2_threshold_value_200/detections.png,move_file,285319,1,bcdf829cc8fe1bfa8b4dcc1e64a1b96dc66ad517cd2a08299fb4c0c64a831736,True
results/tests/12/threshold__f100__close_iterations=2_threshold_value=200/summary.json,data/tests/detection/threshold/legacy_t200_c2__cfg5d0522c8/frame_screening/video_12/frame_100/threshold__f100__close_iterations_2_threshold_value_200/summary.json,move_file,3687,1,607f082f5f718d79501450f0b609ee68a6088dcea0fcc57489ce44e783cc0574,True
results/tests/12/threshold__f100__morph_iterations=2/00_input.png,data/tests/detection/_shared_inputs/video_12/frame_100.png,deduplicate_identical_input,255168,1,6ba0bbc1d195d45572c953e6a01d8ccfe7d9ca66a06d867901ae060aa97356c8,True
results/tests/12/threshold__f100__morph_iterations=2/detections.csv,data/tests/detection/otsu/legacy_otsu_defaults__cfg76e32ed9/frame_screening/video_12/frame_100/threshold__f100__morph_iterations_2/detections.csv,move_file,4648,1,2f5ffb488764dc19e188b683e7d990820990f7a25ca9cf3d280f22f36bd3fca9,True
results/tests/12/threshold__f100__morph_iterations=2/detections.png,data/tests/detection/otsu/legacy_otsu_defaults__cfg76e32ed9/frame_screening/video_12/frame_100/threshold__f100__morph_iterations_2/detections.png,move_file,286677,1,f1a5e37dec03e592968bbd4d314afbc43ac136322d5acc610f210bf9d8cbb3d9,True
results/tests/12/threshold__f100__morph_iterations=2/summary.json,data/tests/detection/otsu/legacy_otsu_defaults__cfg76e32ed9/frame_screening/video_12/frame_100/threshold__f100__morph_iterations_2/summary.json,move_file,3789,1,c11f71fb12db9498e1a51015a36f8ebecaa75292d156b75473c26e0ffdd3e554,True
results/tests/12/threshold__f100__morph_iterations=2_threshold_value=200/00_input.png,data/tests/detection/_shared_inputs/video_12/frame_100.png,deduplicate_identical_input,255168,1,6ba0bbc1d195d45572c953e6a01d8ccfe7d9ca66a06d867901ae060aa97356c8,True
results/tests/12/threshold__f100__morph_iterations=2_threshold_value=200/detections.csv,data/tests/detection/threshold/legacy_t200_o2__cfga13617b6/frame_screening/video_12/frame_100/threshold__f100__morph_iterations_2_threshold_value_200/detections.csv,move_file,3436,1,40c4c1875cd7b91f96ddefcf9b40fcadb7c97532b3342a249690f2b7499ef0ab,True
results/tests/12/threshold__f100__morph_iterations=2_threshold_value=200/detections.png,data/tests/detection/threshold/legacy_t200_o2__cfga13617b6/frame_screening/video_12/frame_100/threshold__f100__morph_iterations_2_threshold_value_200/detections.png,move_file,286391,1,32d0d3a6678212d9775d4bd1d22adfad6611f3f5dc6315e065d9f46aaed4d391,True
results/tests/12/threshold__f100__morph_iterations=2_threshold_value=200/summary.json,data/tests/detection/threshold/legacy_t200_o2__cfga13617b6/frame_screening/video_12/frame_100/threshold__f100__morph_iterations_2_threshold_value_200/summary.json,move_file,1842,1,118790e721fb4205c6fc01fc6d96a460cf6bdc954b952a9e14a82b8a7e5f2b81,True
results/tests/12/threshold__f100__threshold_value=180/00_input.png,data/tests/detection/_shared_inputs/video_12/frame_100.png,deduplicate_identical_input,255168,1,6ba0bbc1d195d45572c953e6a01d8ccfe7d9ca66a06d867901ae060aa97356c8,True
results/tests/12/threshold__f100__threshold_value=180/detections.csv,data/tests/detection/threshold/legacy_t180__cfg1fd3f76e/frame_screening/video_12/frame_100/threshold__f100__threshold_value_180/detections.csv,move_file,4608,1,0558a753a5756f778a7065865fdbb38c74a1df5689624b5de56795976f17460e,True
results/tests/12/threshold__f100__threshold_value=180/detections.png,data/tests/detection/threshold/legacy_t180__cfg1fd3f76e/frame_screening/video_12/frame_100/threshold__f100__threshold_value_180/detections.png,move_file,285217,1,dfd3bbfe40bb302465a86d4131e2c22fec38152584138c34c5bc616c73486660,True
results/tests/12/threshold__f100__threshold_value=180/summary.json,data/tests/detection/threshold/legacy_t180__cfg1fd3f76e/frame_screening/video_12/frame_100/threshold__f100__threshold_value_180/summary.json,move_file,3749,1,86d261a2578648c9d385dfc32d0694e96de9fc5bf7489414e4403fcef7929bff,True
results/tests/12/threshold__f100__threshold_value=190/00_input.png,data/tests/detection/_shared_inputs/video_12/frame_100.png,deduplicate_identical_input,255168,1,6ba0bbc1d195d45572c953e6a01d8ccfe7d9ca66a06d867901ae060aa97356c8,True
results/tests/12/threshold__f100__threshold_value=190/detections.csv,data/tests/detection/threshold/legacy_t190__cfgfeeed012/frame_screening/video_12/frame_100/threshold__f100__threshold_value_190/detections.csv,move_file,4606,1,9b324c7270fce4b87b36945a266dca7a3a0fbc59c6cfd982d8dafbdb43c784b1,True
results/tests/12/threshold__f100__threshold_value=190/detections.png,data/tests/detection/threshold/legacy_t190__cfgfeeed012/frame_screening/video_12/frame_100/threshold__f100__threshold_value_190/detections.png,move_file,285233,1,43ffd0e060a2fc1716f6bfcac48e72846ebe63afc8b15e15871e16c51f87cb87,True
results/tests/12/threshold__f100__threshold_value=190/summary.json,data/tests/detection/threshold/legacy_t190__cfgfeeed012/frame_screening/video_12/frame_100/threshold__f100__threshold_value_190/summary.json,move_file,3747,1,9ef5e97cbf83c1466417e7569a7b79a275229cc6fee376d1ea164d76f1b2b49a,True
results/tests/12/threshold__f100__threshold_value=200/00_input.png,data/tests/detection/_shared_inputs/video_12/frame_100.png,deduplicate_identical_input,255168,1,6ba0bbc1d195d45572c953e6a01d8ccfe7d9ca66a06d867901ae060aa97356c8,True
results/tests/12/threshold__f100__threshold_value=200/detections.csv,data/tests/detection/threshold/legacy_t200__cfg1f8f28ac/frame_screening/video_12/frame_100/threshold__f100__threshold_value_200/detections.csv,move_file,4544,1,1e6528fc1a2cf3cbfe1be29dab6fae62c20b0d9a560dbb4caa6bbd091726f3c9,True
results/tests/12/threshold__f100__threshold_value=200/detections.png,data/tests/detection/threshold/legacy_t200__cfg1f8f28ac/frame_screening/video_12/frame_100/threshold__f100__threshold_value_200/detections.png,move_file,285319,1,bcdf829cc8fe1bfa8b4dcc1e64a1b96dc66ad517cd2a08299fb4c0c64a831736,True
results/tests/12/threshold__f100__threshold_value=200/summary.json,data/tests/detection/threshold/legacy_t200__cfg1f8f28ac/frame_screening/video_12/frame_100/threshold__f100__threshold_value_200/summary.json,move_file,3640,1,d27923b088c723a7e46fa9559fe9efd4f08917cf39a2dda7a9791464915f237d,True
results/tests/12/threshold__f100__threshold_value=210/00_input.png,data/tests/detection/_shared_inputs/video_12/frame_100.png,deduplicate_identical_input,255168,1,6ba0bbc1d195d45572c953e6a01d8ccfe7d9ca66a06d867901ae060aa97356c8,True
results/tests/12/threshold__f100__threshold_value=210/detections.csv,data/tests/detection/threshold/legacy_t210__cfg4310fa76/frame_screening/video_12/frame_100/threshold__f100__threshold_value_210/detections.csv,move_file,4477,1,91a9c29383ce3c4ea93090bb0ea5f54f78e2af1d5861a6b910a14644b8bb9bab,True
results/tests/12/threshold__f100__threshold_value=210/detections.png,data/tests/detection/threshold/legacy_t210__cfg4310fa76/frame_screening/video_12/frame_100/threshold__f100__threshold_value_210/detections.png,move_file,285463,1,2fe6d5a8eb099290ab54b8cfdacf9558dcf6530e9650416257a7b293d9877b74,True
results/tests/12/threshold__f100__threshold_value=210/summary.json,data/tests/detection/threshold/legacy_t210__cfg4310fa76/frame_screening/video_12/frame_100/threshold__f100__threshold_value_210/summary.json,move_file,3528,1,24b0bec7021d6a9586b1fede7a978924ff938eb5733e97297c91605fb68d3ccf,True
results/tests/12/threshold__f50/00_input.png,data/tests/detection/_shared_inputs/video_12/frame_50.png,move_file,258882,1,3017cbf1e81d975764281c34e459fe4dbbe78ac5d02a28c26ac74e6086caf96f,True
results/tests/12/threshold__f50/detections.csv,data/tests/detection/otsu/legacy_otsu_defaults__cfgbbaffb3e/frame_screening/video_12/frame_50/threshold__f50/detections.csv,move_file,4923,1,0928ab6b4e348ca716f941a076bab460ecbc2ee20edaebbb7a3435597789d068,True
results/tests/12/threshold__f50/detections.png,data/tests/detection/otsu/legacy_otsu_defaults__cfgbbaffb3e/frame_screening/video_12/frame_50/threshold__f50/detections.png,move_file,289593,1,46ad14aaff86ccaf99da84acfd8c20f56e28220760454ff51ba6c007490f395b,True
results/tests/12/threshold__f50/summary.json,data/tests/detection/otsu/legacy_otsu_defaults__cfgbbaffb3e/frame_screening/video_12/frame_50/threshold__f50/summary.json,move_file,4397,1,8aa9a58c3d99c3c7c4a05bd70d76adee3d3e72e3e3065e0fcf7a76b68f940263,True
results/tests/12/threshold__f50__close_iterations=0/00_input.png,data/tests/detection/_shared_inputs/video_12/frame_50.png,deduplicate_identical_input,258882,1,3017cbf1e81d975764281c34e459fe4dbbe78ac5d02a28c26ac74e6086caf96f,True
results/tests/12/threshold__f50__close_iterations=0/detections.csv,data/tests/detection/otsu/legacy_otsu_defaults__cfg4633c2bb/frame_screening/video_12/frame_50/threshold__f50__close_iterations_0/detections.csv,move_file,5052,1,10ddd415bedebbf86844271eca3ae40008df5484ed755a3c05e74faf655ea6c6,True
results/tests/12/threshold__f50__close_iterations=0/detections.png,data/tests/detection/otsu/legacy_otsu_defaults__cfg4633c2bb/frame_screening/video_12/frame_50/threshold__f50__close_iterations_0/detections.png,move_file,289420,1,b9250c3fd934563c764082cd24a57528f601f54149b68c7eb36ed5b1d80c0ced,True
results/tests/12/threshold__f50__close_iterations=0/summary.json,data/tests/detection/otsu/legacy_otsu_defaults__cfg4633c2bb/frame_screening/video_12/frame_50/threshold__f50__close_iterations_0/summary.json,move_file,4633,1,963b744054f86161f8cc1677f924c2f4e1a10c7d132a4154cc2a2184d7991187,True
results/tests/12/threshold__f50__close_iterations=0_threshold_value=200/00_input.png,data/tests/detection/_shared_inputs/video_12/frame_50.png,deduplicate_identical_input,258882,1,3017cbf1e81d975764281c34e459fe4dbbe78ac5d02a28c26ac74e6086caf96f,True
results/tests/12/threshold__f50__close_iterations=0_threshold_value=200/detections.csv,data/tests/detection/threshold/legacy_t200_c0__cfg1359249f/frame_screening/video_12/frame_50/threshold__f50__close_iterations_0_threshold_value_200/detections.csv,move_file,4416,1,6becbfe243181db133272501438cdf6da639101e39d6f12749a89b6f3fc007b9,True
results/tests/12/threshold__f50__close_iterations=0_threshold_value=200/detections.png,data/tests/detection/threshold/legacy_t200_c0__cfg1359249f/frame_screening/video_12/frame_50/threshold__f50__close_iterations_0_threshold_value_200/detections.png,move_file,288322,1,a4e0f0bf3e706b5e50261b5a867b60d49e82a20b6379be139566528682029814,True
results/tests/12/threshold__f50__close_iterations=0_threshold_value=200/summary.json,data/tests/detection/threshold/legacy_t200_c0__cfg1359249f/frame_screening/video_12/frame_50/threshold__f50__close_iterations_0_threshold_value_200/summary.json,move_file,3651,1,5d89ee9c5b8b5faaf4d924e3dc5dbf9123f411b8a8df4b3ca19033ea3ace6e7c,True
results/tests/12/threshold__f50__close_iterations=2_threshold_value=200/00_input.png,data/tests/detection/_shared_inputs/video_12/frame_50.png,deduplicate_identical_input,258882,1,3017cbf1e81d975764281c34e459fe4dbbe78ac5d02a28c26ac74e6086caf96f,True
results/tests/12/threshold__f50__close_iterations=2_threshold_value=200/detections.csv,data/tests/detection/threshold/legacy_t200_c2__cfg5d0522c8/frame_screening/video_12/frame_50/threshold__f50__close_iterations_2_threshold_value_200/detections.csv,move_file,4416,1,d4592f40b4bc5af0cbda4be3c2ecd78e1c9a507111c7a4a7fd8488e2f4bddc52,True
results/tests/12/threshold__f50__close_iterations=2_threshold_value=200/detections.png,data/tests/detection/threshold/legacy_t200_c2__cfg5d0522c8/frame_screening/video_12/frame_50/threshold__f50__close_iterations_2_threshold_value_200/detections.png,move_file,288359,1,fe109d4d446c1a2bf028bb84e6ad3d3ebfb32fb3d668f483509a39257318aaa3,True
results/tests/12/threshold__f50__close_iterations=2_threshold_value=200/summary.json,data/tests/detection/threshold/legacy_t200_c2__cfg5d0522c8/frame_screening/video_12/frame_50/threshold__f50__close_iterations_2_threshold_value_200/summary.json,move_file,3683,1,1f7547a4dc5c3da9b3aca5f50a61f48ee51c0172007a2265fa5a215f15eef9b8,True
results/tests/12/threshold__f50__morph_iterations=2/00_input.png,data/tests/detection/_shared_inputs/video_12/frame_50.png,deduplicate_identical_input,258882,1,3017cbf1e81d975764281c34e459fe4dbbe78ac5d02a28c26ac74e6086caf96f,True
results/tests/12/threshold__f50__morph_iterations=2/detections.csv,data/tests/detection/otsu/legacy_otsu_defaults__cfg76e32ed9/frame_screening/video_12/frame_50/threshold__f50__morph_iterations_2/detections.csv,move_file,4530,1,1759a7c74866a44b2a23cd203eaa72bcd84e85e2687e555a8c851c36f8f4c437,True
results/tests/12/threshold__f50__morph_iterations=2/detections.png,data/tests/detection/otsu/legacy_otsu_defaults__cfg76e32ed9/frame_screening/video_12/frame_50/threshold__f50__morph_iterations_2/detections.png,move_file,289565,1,abf6ed97cbbb16771dcfbd164013669581ced18cc348bde5ea67bdc43c7fe3c5,True
results/tests/12/threshold__f50__morph_iterations=2/summary.json,data/tests/detection/otsu/legacy_otsu_defaults__cfg76e32ed9/frame_screening/video_12/frame_50/threshold__f50__morph_iterations_2/summary.json,move_file,3788,1,c82b52aef713f7420269928fd21a92cab617f1aa5bf06bba53001c2fc32df41d,True
results/tests/12/threshold__f50__morph_iterations=2_threshold_value=200/00_input.png,data/tests/detection/_shared_inputs/video_12/frame_50.png,deduplicate_identical_input,258882,1,3017cbf1e81d975764281c34e459fe4dbbe78ac5d02a28c26ac74e6086caf96f,True
results/tests/12/threshold__f50__morph_iterations=2_threshold_value=200/detections.csv,data/tests/detection/threshold/legacy_t200_o2__cfga13617b6/frame_screening/video_12/frame_50/threshold__f50__morph_iterations_2_threshold_value_200/detections.csv,move_file,3323,1,7889d46bb9009a4b4c9c78322a3862b74a5f02701e2c3c8ce3e4344e5aa469c8,True
results/tests/12/threshold__f50__morph_iterations=2_threshold_value=200/detections.png,data/tests/detection/threshold/legacy_t200_o2__cfga13617b6/frame_screening/video_12/frame_50/threshold__f50__morph_iterations_2_threshold_value_200/detections.png,move_file,289317,1,7e93f6e6d97f223cfeb4ba22287fe021da8dc2710bb0cac8396f00911ac48f57,True
results/tests/12/threshold__f50__morph_iterations=2_threshold_value=200/summary.json,data/tests/detection/threshold/legacy_t200_o2__cfga13617b6/frame_screening/video_12/frame_50/threshold__f50__morph_iterations_2_threshold_value_200/summary.json,move_file,1837,1,a60cc5f4fc6d09c24c0f20cc1f80e8f34e48cf03a2f317c2be11d1be41fa5bfa,True
results/tests/12/threshold__f50__threshold_value=180/00_input.png,data/tests/detection/_shared_inputs/video_12/frame_50.png,deduplicate_identical_input,258882,1,3017cbf1e81d975764281c34e459fe4dbbe78ac5d02a28c26ac74e6086caf96f,True
results/tests/12/threshold__f50__threshold_value=180/detections.csv,data/tests/detection/threshold/legacy_t180__cfg1fd3f76e/frame_screening/video_12/frame_50/threshold__f50__threshold_value_180/detections.csv,move_file,4484,1,1a6e9f41651bb4a04b3d2c0adeb1887f72d184488348c66c1cf3085c67610f17,True
results/tests/12/threshold__f50__threshold_value=180/detections.png,data/tests/detection/threshold/legacy_t180__cfg1fd3f76e/frame_screening/video_12/frame_50/threshold__f50__threshold_value_180/detections.png,move_file,288257,1,509b720beb737fd4f078b77bd62e1cec301c90fac2716480371e31065b59d609,True
results/tests/12/threshold__f50__threshold_value=180/summary.json,data/tests/detection/threshold/legacy_t180__cfg1fd3f76e/frame_screening/video_12/frame_50/threshold__f50__threshold_value_180/summary.json,move_file,3745,1,3ae3aca0723de61fdbef4b5237cd3e88cacce58435f47528623151f9ab7fb091,True
results/tests/12/threshold__f50__threshold_value=190/00_input.png,data/tests/detection/_shared_inputs/video_12/frame_50.png,deduplicate_identical_input,258882,1,3017cbf1e81d975764281c34e459fe4dbbe78ac5d02a28c26ac74e6086caf96f,True
results/tests/12/threshold__f50__threshold_value=190/detections.csv,data/tests/detection/threshold/legacy_t190__cfgfeeed012/frame_screening/video_12/frame_50/threshold__f50__threshold_value_190/detections.csv,move_file,4482,1,4cb10f2f449c4305723784c4a2e5852e9a9e901de0d4419ab535992bcc47a343,True
results/tests/12/threshold__f50__threshold_value=190/detections.png,data/tests/detection/threshold/legacy_t190__cfgfeeed012/frame_screening/video_12/frame_50/threshold__f50__threshold_value_190/detections.png,move_file,288327,1,3ae11f9116801b61bac3f8698dcd864d9c71b6406d899d2b0557f27bcaa7103c,True
results/tests/12/threshold__f50__threshold_value=190/summary.json,data/tests/detection/threshold/legacy_t190__cfgfeeed012/frame_screening/video_12/frame_50/threshold__f50__threshold_value_190/summary.json,move_file,3743,1,a64e818b2a691bf3bb1184acb8b06444e3101215db5f13fb43776c2f5791a7ec,True
results/tests/12/threshold__f50__threshold_value=200/00_input.png,data/tests/detection/_shared_inputs/video_12/frame_50.png,deduplicate_identical_input,258882,1,3017cbf1e81d975764281c34e459fe4dbbe78ac5d02a28c26ac74e6086caf96f,True
results/tests/12/threshold__f50__threshold_value=200/detections.csv,data/tests/detection/threshold/legacy_t200__cfg1f8f28ac/frame_screening/video_12/frame_50/threshold__f50__threshold_value_200/detections.csv,move_file,4416,1,d4592f40b4bc5af0cbda4be3c2ecd78e1c9a507111c7a4a7fd8488e2f4bddc52,True
results/tests/12/threshold__f50__threshold_value=200/detections.png,data/tests/detection/threshold/legacy_t200__cfg1f8f28ac/frame_screening/video_12/frame_50/threshold__f50__threshold_value_200/detections.png,move_file,288359,1,fe109d4d446c1a2bf028bb84e6ad3d3ebfb32fb3d668f483509a39257318aaa3,True
results/tests/12/threshold__f50__threshold_value=200/summary.json,data/tests/detection/threshold/legacy_t200__cfg1f8f28ac/frame_screening/video_12/frame_50/threshold__f50__threshold_value_200/summary.json,move_file,3636,1,5c0552cd5de4320e0fbe62a0bebefd7a35931a467a59054a42efcdf82532617b,True
results/tests/12/threshold__f50__threshold_value=210/00_input.png,data/tests/detection/_shared_inputs/video_12/frame_50.png,deduplicate_identical_input,258882,1,3017cbf1e81d975764281c34e459fe4dbbe78ac5d02a28c26ac74e6086caf96f,True
results/tests/12/threshold__f50__threshold_value=210/detections.csv,data/tests/detection/threshold/legacy_t210__cfg4310fa76/frame_screening/video_12/frame_50/threshold__f50__threshold_value_210/detections.csv,move_file,4285,1,30049ba079ea07f879042793428291c7c7f1f434fa5f0f8245064b0d7c9e8114,True
results/tests/12/threshold__f50__threshold_value=210/detections.png,data/tests/detection/threshold/legacy_t210__cfg4310fa76/frame_screening/video_12/frame_50/threshold__f50__threshold_value_210/detections.png,move_file,288536,1,172b6dc126803a58e36e4cd52fd47db12d8da7ca173e991caea857df8747ce54,True
results/tests/12/threshold__f50__threshold_value=210/summary.json,data/tests/detection/threshold/legacy_t210__cfg4310fa76/frame_screening/video_12/frame_50/threshold__f50__threshold_value_210/summary.json,move_file,3417,1,d004553acb6bf1832e00ebe47d1dc25135a9acc19467afab98d92e53713b97ee,True
results/tests/13/threshold__f0/00_input.png,data/tests/detection/_shared_inputs/video_13/frame_0.png,move_file,302609,1,207d063bd75e8a5ecbf89de6425d7ad8130107d8f0cd9af10fcff169adeb9098,True
results/tests/13/threshold__f0/detections.csv,data/tests/detection/otsu/legacy_otsu_defaults__cfgbbaffb3e/frame_screening/video_13/frame_0/threshold__f0/detections.csv,move_file,6548,1,b3329675bcf9d5acae46e1a33a2b5d30784b3af9bc69c03d4d8072effddf2c97,True
results/tests/13/threshold__f0/detections.png,data/tests/detection/otsu/legacy_otsu_defaults__cfgbbaffb3e/frame_screening/video_13/frame_0/threshold__f0/detections.png,move_file,341745,1,5eba5203232095a24b53991e35145b1a564c5ab0bbe9e2452b0380dc06a6b4c0,True
results/tests/13/threshold__f0/summary.json,data/tests/detection/otsu/legacy_otsu_defaults__cfgbbaffb3e/frame_screening/video_13/frame_0/threshold__f0/summary.json,move_file,5219,1,3ed17e4bf1309deedb2c4817ace71b8536c6e7408b4ac443d1f01cb8c1acb02a,True
results/tests/13/threshold__f0__close_iterations=0/00_input.png,data/tests/detection/_shared_inputs/video_13/frame_0.png,deduplicate_identical_input,302609,1,207d063bd75e8a5ecbf89de6425d7ad8130107d8f0cd9af10fcff169adeb9098,True
results/tests/13/threshold__f0__close_iterations=0/detections.csv,data/tests/detection/otsu/legacy_otsu_defaults__cfg4633c2bb/frame_screening/video_13/frame_0/threshold__f0__close_iterations_0/detections.csv,move_file,6612,1,394da5cbe09dc15d5739acb20feae256ae65a8371e354922b2c32766f3a257e2,True
results/tests/13/threshold__f0__close_iterations=0/detections.png,data/tests/detection/otsu/legacy_otsu_defaults__cfg4633c2bb/frame_screening/video_13/frame_0/threshold__f0__close_iterations_0/detections.png,move_file,341689,1,62fe1358881f6566afc36e69e3efdd770f72234234025e560f1973ff92e83eb3,True
results/tests/13/threshold__f0__close_iterations=0/summary.json,data/tests/detection/otsu/legacy_otsu_defaults__cfg4633c2bb/frame_screening/video_13/frame_0/threshold__f0__close_iterations_0/summary.json,move_file,5344,1,3f265e639b1539faa25a226ab2af6bc67621df14bad8c1c61b82875e1e02ef13,True
results/tests/13/threshold__f0__close_iterations=0_threshold_value=200/00_input.png,data/tests/detection/_shared_inputs/video_13/frame_0.png,deduplicate_identical_input,302609,1,207d063bd75e8a5ecbf89de6425d7ad8130107d8f0cd9af10fcff169adeb9098,True
results/tests/13/threshold__f0__close_iterations=0_threshold_value=200/detections.csv,data/tests/detection/threshold/legacy_t200_c0__cfg1359249f/frame_screening/video_13/frame_0/threshold__f0__close_iterations_0_threshold_value_200/detections.csv,move_file,5918,1,fdd0640be02c262b0b0ac3d5123401070f91cf87340aebf800e3787650b91cfe,True
results/tests/13/threshold__f0__close_iterations=0_threshold_value=200/detections.png,data/tests/detection/threshold/legacy_t200_c0__cfg1359249f/frame_screening/video_13/frame_0/threshold__f0__close_iterations_0_threshold_value_200/detections.png,move_file,342491,1,5a89344ed0a4e03522592a51822f02a41e45a186b784e57078d07bccdbb11c96,True
results/tests/13/threshold__f0__close_iterations=0_threshold_value=200/summary.json,data/tests/detection/threshold/legacy_t200_c0__cfg1359249f/frame_screening/video_13/frame_0/threshold__f0__close_iterations_0_threshold_value_200/summary.json,move_file,4199,1,c371f181230a6be1bae44166a3119c772323d9ccec82c9d0e2343b7e9c4c0638,True
results/tests/13/threshold__f0__close_iterations=2_threshold_value=200/00_input.png,data/tests/detection/_shared_inputs/video_13/frame_0.png,deduplicate_identical_input,302609,1,207d063bd75e8a5ecbf89de6425d7ad8130107d8f0cd9af10fcff169adeb9098,True
results/tests/13/threshold__f0__close_iterations=2_threshold_value=200/detections.csv,data/tests/detection/threshold/legacy_t200_c2__cfg5d0522c8/frame_screening/video_13/frame_0/threshold__f0__close_iterations_2_threshold_value_200/detections.csv,move_file,5918,1,fdd0640be02c262b0b0ac3d5123401070f91cf87340aebf800e3787650b91cfe,True
results/tests/13/threshold__f0__close_iterations=2_threshold_value=200/detections.png,data/tests/detection/threshold/legacy_t200_c2__cfg5d0522c8/frame_screening/video_13/frame_0/threshold__f0__close_iterations_2_threshold_value_200/detections.png,move_file,342491,1,5a89344ed0a4e03522592a51822f02a41e45a186b784e57078d07bccdbb11c96,True
results/tests/13/threshold__f0__close_iterations=2_threshold_value=200/summary.json,data/tests/detection/threshold/legacy_t200_c2__cfg5d0522c8/frame_screening/video_13/frame_0/threshold__f0__close_iterations_2_threshold_value_200/summary.json,move_file,4231,1,43358de8f31dd4dc1e0248e767c50b1981cb6a6291e830d6593129635d33484b,True
results/tests/13/threshold__f0__morph_iterations=2/00_input.png,data/tests/detection/_shared_inputs/video_13/frame_0.png,deduplicate_identical_input,302609,1,207d063bd75e8a5ecbf89de6425d7ad8130107d8f0cd9af10fcff169adeb9098,True
results/tests/13/threshold__f0__morph_iterations=2/detections.csv,data/tests/detection/otsu/legacy_otsu_defaults__cfg76e32ed9/frame_screening/video_13/frame_0/threshold__f0__morph_iterations_2/detections.csv,move_file,6231,1,c51f4808e2a2debf9e0c573654238b22ae01a41da6df59074306451c4dd78bc8,True
results/tests/13/threshold__f0__morph_iterations=2/detections.png,data/tests/detection/otsu/legacy_otsu_defaults__cfg76e32ed9/frame_screening/video_13/frame_0/threshold__f0__morph_iterations_2/detections.png,move_file,342192,1,1daab0849e9338adcd78769ab2e2f6b400a168eed8ef85ab63503406f7f93e02,True
results/tests/13/threshold__f0__morph_iterations=2/summary.json,data/tests/detection/otsu/legacy_otsu_defaults__cfg76e32ed9/frame_screening/video_13/frame_0/threshold__f0__morph_iterations_2/summary.json,move_file,4726,1,60ca1dfb326fac4f1022c044f75296f8620c646ec15bed5e7f4b548dec153608,True
results/tests/13/threshold__f0__morph_iterations=2_threshold_value=200/00_input.png,data/tests/detection/_shared_inputs/video_13/frame_0.png,deduplicate_identical_input,302609,1,207d063bd75e8a5ecbf89de6425d7ad8130107d8f0cd9af10fcff169adeb9098,True
results/tests/13/threshold__f0__morph_iterations=2_threshold_value=200/detections.csv,data/tests/detection/threshold/legacy_t200_o2__cfga13617b6/frame_screening/video_13/frame_0/threshold__f0__morph_iterations_2_threshold_value_200/detections.csv,move_file,4708,1,48864ed241eab0a8eca6ba069e39e81fb74951df505f8100f65ca3092e1603e0,True
results/tests/13/threshold__f0__morph_iterations=2_threshold_value=200/detections.png,data/tests/detection/threshold/legacy_t200_o2__cfga13617b6/frame_screening/video_13/frame_0/threshold__f0__morph_iterations_2_threshold_value_200/detections.png,move_file,343435,1,d5fe816942284c50f86e1d522903596046637d18ecfc4c3dd1dea3815516f159,True
results/tests/13/threshold__f0__morph_iterations=2_threshold_value=200/summary.json,data/tests/detection/threshold/legacy_t200_o2__cfga13617b6/frame_screening/video_13/frame_0/threshold__f0__morph_iterations_2_threshold_value_200/summary.json,move_file,2164,1,eafd3b2eaa5458810cbeee0608440f2a05165d6b1e326ab667bf3c71425c4cfe,True
results/tests/13/threshold__f0__threshold_value=180/00_input.png,data/tests/detection/_shared_inputs/video_13/frame_0.png,deduplicate_identical_input,302609,1,207d063bd75e8a5ecbf89de6425d7ad8130107d8f0cd9af10fcff169adeb9098,True
results/tests/13/threshold__f0__threshold_value=180/detections.csv,data/tests/detection/threshold/legacy_t180__cfg1fd3f76e/frame_screening/video_13/frame_0/threshold__f0__threshold_value_180/detections.csv,move_file,6354,1,f56b8366ca56e5dfa76165d3474228364869412676b9715bc0f46dd95a2752ca,True
results/tests/13/threshold__f0__threshold_value=180/detections.png,data/tests/detection/threshold/legacy_t180__cfg1fd3f76e/frame_screening/video_13/frame_0/threshold__f0__threshold_value_180/detections.png,move_file,341764,1,2dc0676a63e84bd184c4988067b312f30ba4932232adfb0dad6115006494deb0,True
results/tests/13/threshold__f0__threshold_value=180/summary.json,data/tests/detection/threshold/legacy_t180__cfg1fd3f76e/frame_screening/video_13/frame_0/threshold__f0__threshold_value_180/summary.json,move_file,4941,1,df8fa6b6e2b8cea27a15eeed9146d1b5c30662115b28c6e15f9bd923e4419f5f,True
results/tests/13/threshold__f0__threshold_value=190/00_input.png,data/tests/detection/_shared_inputs/video_13/frame_0.png,deduplicate_identical_input,302609,1,207d063bd75e8a5ecbf89de6425d7ad8130107d8f0cd9af10fcff169adeb9098,True
results/tests/13/threshold__f0__threshold_value=190/detections.csv,data/tests/detection/threshold/legacy_t190__cfgfeeed012/frame_screening/video_13/frame_0/threshold__f0__threshold_value_190/detections.csv,move_file,6230,1,98b212c0c513ef353d9e6a01640c43a728096730b4f94598827983403d433d5f,True
results/tests/13/threshold__f0__threshold_value=190/detections.png,data/tests/detection/threshold/legacy_t190__cfgfeeed012/frame_screening/video_13/frame_0/threshold__f0__threshold_value_190/detections.png,move_file,342179,1,9cb02d628280caa155dd491762ad2fe4cf0d77a7e7073e4e7531e66ad71be575,True
results/tests/13/threshold__f0__threshold_value=190/summary.json,data/tests/detection/threshold/legacy_t190__cfgfeeed012/frame_screening/video_13/frame_0/threshold__f0__threshold_value_190/summary.json,move_file,4725,1,954ccce388f184b2b8b6454d5c0cfe1faaf114b507841ca5fbcfe0f68c245f6a,True
results/tests/13/threshold__f0__threshold_value=200/00_input.png,data/tests/detection/_shared_inputs/video_13/frame_0.png,deduplicate_identical_input,302609,1,207d063bd75e8a5ecbf89de6425d7ad8130107d8f0cd9af10fcff169adeb9098,True
results/tests/13/threshold__f0__threshold_value=200/detections.csv,data/tests/detection/threshold/legacy_t200__cfg1f8f28ac/frame_screening/video_13/frame_0/threshold__f0__threshold_value_200/detections.csv,move_file,5918,1,fdd0640be02c262b0b0ac3d5123401070f91cf87340aebf800e3787650b91cfe,True
results/tests/13/threshold__f0__threshold_value=200/detections.png,data/tests/detection/threshold/legacy_t200__cfg1f8f28ac/frame_screening/video_13/frame_0/threshold__f0__threshold_value_200/detections.png,move_file,342491,1,5a89344ed0a4e03522592a51822f02a41e45a186b784e57078d07bccdbb11c96,True
results/tests/13/threshold__f0__threshold_value=200/summary.json,data/tests/detection/threshold/legacy_t200__cfg1f8f28ac/frame_screening/video_13/frame_0/threshold__f0__threshold_value_200/summary.json,move_file,4184,1,6cc6a55ae665af8e53446f218568a059ea525ba60e914b102d5a8dc11f6b0720,True
results/tests/13/threshold__f0__threshold_value=210/00_input.png,data/tests/detection/_shared_inputs/video_13/frame_0.png,deduplicate_identical_input,302609,1,207d063bd75e8a5ecbf89de6425d7ad8130107d8f0cd9af10fcff169adeb9098,True
results/tests/13/threshold__f0__threshold_value=210/detections.csv,data/tests/detection/threshold/legacy_t210__cfg4310fa76/frame_screening/video_13/frame_0/threshold__f0__threshold_value_210/detections.csv,move_file,5790,1,3875b15c5219549b092be39d3de3a63ddddf4e1281a4129d4df5a046d9b3d512,True
results/tests/13/threshold__f0__threshold_value=210/detections.png,data/tests/detection/threshold/legacy_t210__cfg4310fa76/frame_screening/video_13/frame_0/threshold__f0__threshold_value_210/detections.png,move_file,342798,1,1d3637488c7a59a6aaf51879c14b3d57b99c8df67b9ac3c9b11ad3fd46b2379d,True
results/tests/13/threshold__f0__threshold_value=210/summary.json,data/tests/detection/threshold/legacy_t210__cfg4310fa76/frame_screening/video_13/frame_0/threshold__f0__threshold_value_210/summary.json,move_file,3967,1,4bab938b679ecdfaf91ff69fcbedb5662a67b9aab6cd0933704e9a81ced03301,True
results/tests/13/threshold__f100/00_input.png,data/tests/detection/_shared_inputs/video_13/frame_100.png,move_file,271412,1,2913bffdfc5d9aec5bd2cbdd067c6cc7026420416f637d7c78afaca3f71704bd,True
results/tests/13/threshold__f100/detections.csv,data/tests/detection/otsu/legacy_otsu_defaults__cfgbbaffb3e/frame_screening/video_13/frame_100/threshold__f100/detections.csv,move_file,6714,1,055410bf58c12a8ba5cf47e04a7fd2bda9fa72927e7e8b7f29425480ef4c2a12,True
results/tests/13/threshold__f100/detections.png,data/tests/detection/otsu/legacy_otsu_defaults__cfgbbaffb3e/frame_screening/video_13/frame_100/threshold__f100/detections.png,move_file,309247,1,b8d4c022512a332849ef6ea7b9474f54241a531f0a38013f3d019b722230d03f,True
results/tests/13/threshold__f100/summary.json,data/tests/detection/otsu/legacy_otsu_defaults__cfgbbaffb3e/frame_screening/video_13/frame_100/threshold__f100/summary.json,move_file,5116,1,23d32f80d762c6a2a0f819933543a4161267f0203f0de62ecf6c8bfd710cc7db,True
results/tests/13/threshold__f100__close_iterations=0/00_input.png,data/tests/detection/_shared_inputs/video_13/frame_100.png,deduplicate_identical_input,271412,1,2913bffdfc5d9aec5bd2cbdd067c6cc7026420416f637d7c78afaca3f71704bd,True
results/tests/13/threshold__f100__close_iterations=0/detections.csv,data/tests/detection/otsu/legacy_otsu_defaults__cfg4633c2bb/frame_screening/video_13/frame_100/threshold__f100__close_iterations_0/detections.csv,move_file,6780,1,6d3bc85a2ea604a33b20e676c0de5f4d4b43a889733402ee3a6160832aa660e7,True
results/tests/13/threshold__f100__close_iterations=0/detections.png,data/tests/detection/otsu/legacy_otsu_defaults__cfg4633c2bb/frame_screening/video_13/frame_100/threshold__f100__close_iterations_0/detections.png,move_file,309246,1,c3383af6e43cf03eb5e05b254de7166777a2e2c4043b69c7d71ff79056d25cd2,True
results/tests/13/threshold__f100__close_iterations=0/summary.json,data/tests/detection/otsu/legacy_otsu_defaults__cfg4633c2bb/frame_screening/video_13/frame_100/threshold__f100__close_iterations_0/summary.json,move_file,5241,1,7dd4e06414b8b45de9120df1a01c2c8d8ebbe84f34636b4572e314149a7181c9,True
results/tests/13/threshold__f100__close_iterations=0_threshold_value=200/00_input.png,data/tests/detection/_shared_inputs/video_13/frame_100.png,deduplicate_identical_input,271412,1,2913bffdfc5d9aec5bd2cbdd067c6cc7026420416f637d7c78afaca3f71704bd,True
results/tests/13/threshold__f100__close_iterations=0_threshold_value=200/detections.csv,data/tests/detection/threshold/legacy_t200_c0__cfg1359249f/frame_screening/video_13/frame_100/threshold__f100__close_iterations_0_threshold_value_200/detections.csv,move_file,5732,1,eedda7f1ca5cdc3f16c73fe9ecf3d68f739260de7455cff1cabfc4158c798423,True
results/tests/13/threshold__f100__close_iterations=0_threshold_value=200/detections.png,data/tests/detection/threshold/legacy_t200_c0__cfg1359249f/frame_screening/video_13/frame_100/threshold__f100__close_iterations_0_threshold_value_200/detections.png,move_file,310008,1,6536bfb4fbc8b65958fbbcf99e8c5f68869ac12b2fdd44d576a65d8bb62158ae,True
results/tests/13/threshold__f100__close_iterations=0_threshold_value=200/summary.json,data/tests/detection/threshold/legacy_t200_c0__cfg1359249f/frame_screening/video_13/frame_100/threshold__f100__close_iterations_0_threshold_value_200/summary.json,move_file,3551,1,0e35a52865e7ae6544a1b23d62768221b2142906006b4888abbc36bca8d948f2,True
results/tests/13/threshold__f100__close_iterations=2_threshold_value=200/00_input.png,data/tests/detection/_shared_inputs/video_13/frame_100.png,deduplicate_identical_input,271412,1,2913bffdfc5d9aec5bd2cbdd067c6cc7026420416f637d7c78afaca3f71704bd,True
results/tests/13/threshold__f100__close_iterations=2_threshold_value=200/detections.csv,data/tests/detection/threshold/legacy_t200_c2__cfg5d0522c8/frame_screening/video_13/frame_100/threshold__f100__close_iterations_2_threshold_value_200/detections.csv,move_file,5732,1,eedda7f1ca5cdc3f16c73fe9ecf3d68f739260de7455cff1cabfc4158c798423,True
results/tests/13/threshold__f100__close_iterations=2_threshold_value=200/detections.png,data/tests/detection/threshold/legacy_t200_c2__cfg5d0522c8/frame_screening/video_13/frame_100/threshold__f100__close_iterations_2_threshold_value_200/detections.png,move_file,310008,1,6536bfb4fbc8b65958fbbcf99e8c5f68869ac12b2fdd44d576a65d8bb62158ae,True
results/tests/13/threshold__f100__close_iterations=2_threshold_value=200/summary.json,data/tests/detection/threshold/legacy_t200_c2__cfg5d0522c8/frame_screening/video_13/frame_100/threshold__f100__close_iterations_2_threshold_value_200/summary.json,move_file,3583,1,462661c3b738fc36f2b2f8061b30da94832066e1a98d1bad0458b771ce1eb2ff,True
results/tests/13/threshold__f100__morph_iterations=2/00_input.png,data/tests/detection/_shared_inputs/video_13/frame_100.png,deduplicate_identical_input,271412,1,2913bffdfc5d9aec5bd2cbdd067c6cc7026420416f637d7c78afaca3f71704bd,True
results/tests/13/threshold__f100__morph_iterations=2/detections.csv,data/tests/detection/otsu/legacy_otsu_defaults__cfg76e32ed9/frame_screening/video_13/frame_100/threshold__f100__morph_iterations_2/detections.csv,move_file,6388,1,077636d21ea3652b98d8be7228715e5514fc5b3af478ad35c18a073644219ad5,True
results/tests/13/threshold__f100__morph_iterations=2/detections.png,data/tests/detection/otsu/legacy_otsu_defaults__cfg76e32ed9/frame_screening/video_13/frame_100/threshold__f100__morph_iterations_2/detections.png,move_file,309563,1,101c021e067b384acdd0de81e7ed049a554eceed6c29a5d8f677bb47c30eecd5,True
results/tests/13/threshold__f100__morph_iterations=2/summary.json,data/tests/detection/otsu/legacy_otsu_defaults__cfg76e32ed9/frame_screening/video_13/frame_100/threshold__f100__morph_iterations_2/summary.json,move_file,4623,1,07a565dc45e62fea85369208f88d39d1b14958ea2dd58d41eb6c2a04fce26066,True
results/tests/13/threshold__f100__morph_iterations=2_threshold_value=200/00_input.png,data/tests/detection/_shared_inputs/video_13/frame_100.png,deduplicate_identical_input,271412,1,2913bffdfc5d9aec5bd2cbdd067c6cc7026420416f637d7c78afaca3f71704bd,True
results/tests/13/threshold__f100__morph_iterations=2_threshold_value=200/detections.csv,data/tests/detection/threshold/legacy_t200_o2__cfga13617b6/frame_screening/video_13/frame_100/threshold__f100__morph_iterations_2_threshold_value_200/detections.csv,move_file,4490,1,e6fc2bce4a7464141b32048cb272b07f6fd3326da85d604406df67ab23e84a71,True
results/tests/13/threshold__f100__morph_iterations=2_threshold_value=200/detections.png,data/tests/detection/threshold/legacy_t200_o2__cfga13617b6/frame_screening/video_13/frame_100/threshold__f100__morph_iterations_2_threshold_value_200/detections.png,move_file,311233,1,7b64a7a2b7be0f1076566cfdf2b0429c7ae7d12b805c1fa1b37d34e8ae4ab108,True
results/tests/13/threshold__f100__morph_iterations=2_threshold_value=200/summary.json,data/tests/detection/threshold/legacy_t200_o2__cfga13617b6/frame_screening/video_13/frame_100/threshold__f100__morph_iterations_2_threshold_value_200/summary.json,move_file,1516,1,617ada0882a511834cc936c1e21bf52099a1f8e415f8afbf5dbe6f267fafa57f,True
results/tests/13/threshold__f100__threshold_value=180/00_input.png,data/tests/detection/_shared_inputs/video_13/frame_100.png,deduplicate_identical_input,271412,1,2913bffdfc5d9aec5bd2cbdd067c6cc7026420416f637d7c78afaca3f71704bd,True
results/tests/13/threshold__f100__threshold_value=180/detections.csv,data/tests/detection/threshold/legacy_t180__cfg1fd3f76e/frame_screening/video_13/frame_100/threshold__f100__threshold_value_180/detections.csv,move_file,6448,1,d913ddc0b5d309f3c4be7cda69d09b45569718f8e6ab431ad2a1899f0a9a1e47,True
results/tests/13/threshold__f100__threshold_value=180/detections.png,data/tests/detection/threshold/legacy_t180__cfg1fd3f76e/frame_screening/video_13/frame_100/threshold__f100__threshold_value_180/detections.png,move_file,309160,1,763520d7efd5d1c07837e90a7c6a7eb9a21eff50e0af19953eeaa8607758f18f,True
results/tests/13/threshold__f100__threshold_value=180/summary.json,data/tests/detection/threshold/legacy_t180__cfg1fd3f76e/frame_screening/video_13/frame_100/threshold__f100__threshold_value_180/summary.json,move_file,4729,1,8f48a8320f5ef2e8dc10b181be2d11639c79119492e36075959bcdfe5a847ac3,True
results/tests/13/threshold__f100__threshold_value=190/00_input.png,data/tests/detection/_shared_inputs/video_13/frame_100.png,deduplicate_identical_input,271412,1,2913bffdfc5d9aec5bd2cbdd067c6cc7026420416f637d7c78afaca3f71704bd,True
results/tests/13/threshold__f100__threshold_value=190/detections.csv,data/tests/detection/threshold/legacy_t190__cfgfeeed012/frame_screening/video_13/frame_100/threshold__f100__threshold_value_190/detections.csv,move_file,6254,1,f5fe8751865c501bdf9bab721e5c1339c01f3f5b238299cb36fb053ab88201a1,True
results/tests/13/threshold__f100__threshold_value=190/detections.png,data/tests/detection/threshold/legacy_t190__cfgfeeed012/frame_screening/video_13/frame_100/threshold__f100__threshold_value_190/detections.png,move_file,309685,1,1a61ea385dd4f937b39621dec05b4455510787c3bb9f803a462bae3e4d7f558f,True
results/tests/13/threshold__f100__threshold_value=190/summary.json,data/tests/detection/threshold/legacy_t190__cfgfeeed012/frame_screening/video_13/frame_100/threshold__f100__threshold_value_190/summary.json,move_file,4404,1,9ef5ce684430e745f72c7bbb0fe770f981050d64a61fe12cfed80397c45c23e2,True
results/tests/13/threshold__f100__threshold_value=200/00_input.png,data/tests/detection/_shared_inputs/video_13/frame_100.png,deduplicate_identical_input,271412,1,2913bffdfc5d9aec5bd2cbdd067c6cc7026420416f637d7c78afaca3f71704bd,True
results/tests/13/threshold__f100__threshold_value=200/detections.csv,data/tests/detection/threshold/legacy_t200__cfg1f8f28ac/frame_screening/video_13/frame_100/threshold__f100__threshold_value_200/detections.csv,move_file,5732,1,eedda7f1ca5cdc3f16c73fe9ecf3d68f739260de7455cff1cabfc4158c798423,True
results/tests/13/threshold__f100__threshold_value=200/detections.png,data/tests/detection/threshold/legacy_t200__cfg1f8f28ac/frame_screening/video_13/frame_100/threshold__f100__threshold_value_200/detections.png,move_file,310008,1,6536bfb4fbc8b65958fbbcf99e8c5f68869ac12b2fdd44d576a65d8bb62158ae,True
results/tests/13/threshold__f100__threshold_value=200/summary.json,data/tests/detection/threshold/legacy_t200__cfg1f8f28ac/frame_screening/video_13/frame_100/threshold__f100__threshold_value_200/summary.json,move_file,3536,1,d04fcf48cfe3c536c280a5fc695e6e0f5843b2018b7bf5b915c4d5c5f1b8e35f,True
results/tests/13/threshold__f100__threshold_value=210/00_input.png,data/tests/detection/_shared_inputs/video_13/frame_100.png,deduplicate_identical_input,271412,1,2913bffdfc5d9aec5bd2cbdd067c6cc7026420416f637d7c78afaca3f71704bd,True
results/tests/13/threshold__f100__threshold_value=210/detections.csv,data/tests/detection/threshold/legacy_t210__cfg4310fa76/frame_screening/video_13/frame_100/threshold__f100__threshold_value_210/detections.csv,move_file,5470,1,bb5ca088e90ba1bc4a165295b76ed38c3f209d783fab0f6dda8be7bbc62592fb,True
results/tests/13/threshold__f100__threshold_value=210/detections.png,data/tests/detection/threshold/legacy_t210__cfg4310fa76/frame_screening/video_13/frame_100/threshold__f100__threshold_value_210/detections.png,move_file,310532,1,ac956fa3008977ed9b46c906914e9313797c43ee12e22e9c1031ad985cd28ce0,True
results/tests/13/threshold__f100__threshold_value=210/summary.json,data/tests/detection/threshold/legacy_t210__cfg4310fa76/frame_screening/video_13/frame_100/threshold__f100__threshold_value_210/summary.json,move_file,3101,1,69b5a403e5d18345469e492353c354e965e3ffb8187663891c4e3d1e5d1500c6,True
results/tests/13/threshold__f50/00_input.png,data/tests/detection/_shared_inputs/video_13/frame_50.png,move_file,275814,1,4172d52c2a5b91b75877e6ad35e27d320af1dafffb385f5df1d36780f05c5da5,True
results/tests/13/threshold__f50/detections.csv,data/tests/detection/otsu/legacy_otsu_defaults__cfgbbaffb3e/frame_screening/video_13/frame_50/threshold__f50/detections.csv,move_file,7053,1,3e86f52d60b0988877554f0c855d6295c2e4f290c704197804358a9864c76ffc,True
results/tests/13/threshold__f50/detections.png,data/tests/detection/otsu/legacy_otsu_defaults__cfgbbaffb3e/frame_screening/video_13/frame_50/threshold__f50/detections.png,move_file,314844,1,b8bd1da31dcab355c4875a1e85a568894562f6e3b2e470fb00aefe67730948fb,True
results/tests/13/threshold__f50/summary.json,data/tests/detection/otsu/legacy_otsu_defaults__cfgbbaffb3e/frame_screening/video_13/frame_50/threshold__f50/summary.json,move_file,5544,1,df4c082eff74c2854a2459189498f923a40ed2bb4f5e6ead76f34adacb6551d9,True
results/tests/13/threshold__f50__close_iterations=0/00_input.png,data/tests/detection/_shared_inputs/video_13/frame_50.png,deduplicate_identical_input,275814,1,4172d52c2a5b91b75877e6ad35e27d320af1dafffb385f5df1d36780f05c5da5,True
results/tests/13/threshold__f50__close_iterations=0/detections.csv,data/tests/detection/otsu/legacy_otsu_defaults__cfg4633c2bb/frame_screening/video_13/frame_50/threshold__f50__close_iterations_0/detections.csv,move_file,7118,1,9c0b319c307d670f4a9524c46a2dec4ff979f6102cc1c1ab78336964ffe59f23,True
results/tests/13/threshold__f50__close_iterations=0/detections.png,data/tests/detection/otsu/legacy_otsu_defaults__cfg4633c2bb/frame_screening/video_13/frame_50/threshold__f50__close_iterations_0/detections.png,move_file,314736,1,11ec0073d03b32b58b4e28ae72a7056614f77f0e26ed67dad663af3e7fef36b5,True
results/tests/13/threshold__f50__close_iterations=0/summary.json,data/tests/detection/otsu/legacy_otsu_defaults__cfg4633c2bb/frame_screening/video_13/frame_50/threshold__f50__close_iterations_0/summary.json,move_file,5672,1,e51f45074042b3836d23956567284dafd23378e746513ef525b04e357b13e7b9,True
results/tests/13/threshold__f50__close_iterations=0_threshold_value=200/00_input.png,data/tests/detection/_shared_inputs/video_13/frame_50.png,deduplicate_identical_input,275814,1,4172d52c2a5b91b75877e6ad35e27d320af1dafffb385f5df1d36780f05c5da5,True
results/tests/13/threshold__f50__close_iterations=0_threshold_value=200/detections.csv,data/tests/detection/threshold/legacy_t200_c0__cfg1359249f/frame_screening/video_13/frame_50/threshold__f50__close_iterations_0_threshold_value_200/detections.csv,move_file,6218,1,5e574f027210400ffc41f2a54be7f7748baf5dbf491ffd192fc906e638d237d2,True
results/tests/13/threshold__f50__close_iterations=0_threshold_value=200/detections.png,data/tests/detection/threshold/legacy_t200_c0__cfg1359249f/frame_screening/video_13/frame_50/threshold__f50__close_iterations_0_threshold_value_200/detections.png,move_file,315447,1,314cfb4adbdce41160f143f70e2913011f62c9d8a0edb107fbe478efd1715dc1,True
results/tests/13/threshold__f50__close_iterations=0_threshold_value=200/summary.json,data/tests/detection/threshold/legacy_t200_c0__cfg1359249f/frame_screening/video_13/frame_50/threshold__f50__close_iterations_0_threshold_value_200/summary.json,move_file,4201,1,dc987e0a3b089b75f9796e85e32cad917dfa837b214af26d8a051d8e47870114,True
results/tests/13/threshold__f50__close_iterations=2_threshold_value=200/00_input.png,data/tests/detection/_shared_inputs/video_13/frame_50.png,deduplicate_identical_input,275814,1,4172d52c2a5b91b75877e6ad35e27d320af1dafffb385f5df1d36780f05c5da5,True
results/tests/13/threshold__f50__close_iterations=2_threshold_value=200/detections.csv,data/tests/detection/threshold/legacy_t200_c2__cfg5d0522c8/frame_screening/video_13/frame_50/threshold__f50__close_iterations_2_threshold_value_200/detections.csv,move_file,6153,1,594ec1b8333e2b753db5f283bb244da8edaa271d5fb3ddd8ca1f6b2123253cf8,True
results/tests/13/threshold__f50__close_iterations=2_threshold_value=200/detections.png,data/tests/detection/threshold/legacy_t200_c2__cfg5d0522c8/frame_screening/video_13/frame_50/threshold__f50__close_iterations_2_threshold_value_200/detections.png,move_file,315442,1,4d600400d04d7926bb512a748fd5e328872f5f3c6c34ccf482cb94772c085638,True
results/tests/13/threshold__f50__close_iterations=2_threshold_value=200/summary.json,data/tests/detection/threshold/legacy_t200_c2__cfg5d0522c8/frame_screening/video_13/frame_50/threshold__f50__close_iterations_2_threshold_value_200/summary.json,move_file,4124,1,a6278859d29dfdcc1a6f31f376b76bc7454d1734dad4c5cbf9c06c3f41bf2fe6,True
results/tests/13/threshold__f50__morph_iterations=2/00_input.png,data/tests/detection/_shared_inputs/video_13/frame_50.png,deduplicate_identical_input,275814,1,4172d52c2a5b91b75877e6ad35e27d320af1dafffb385f5df1d36780f05c5da5,True
results/tests/13/threshold__f50__morph_iterations=2/detections.csv,data/tests/detection/otsu/legacy_otsu_defaults__cfg76e32ed9/frame_screening/video_13/frame_50/threshold__f50__morph_iterations_2/detections.csv,move_file,6798,1,ad708f3c894c39f4a64b78eec9b8b5f5b88ea8803861645fc0d5e88266abb1b5,True
results/tests/13/threshold__f50__morph_iterations=2/detections.png,data/tests/detection/otsu/legacy_otsu_defaults__cfg76e32ed9/frame_screening/video_13/frame_50/threshold__f50__morph_iterations_2/detections.png,move_file,314942,1,fce49313b1b316108d3cb4941e7541d2b9860a98d7bfa510a7bfd1858f2f5f5a,True
results/tests/13/threshold__f50__morph_iterations=2/summary.json,data/tests/detection/otsu/legacy_otsu_defaults__cfg76e32ed9/frame_screening/video_13/frame_50/threshold__f50__morph_iterations_2/summary.json,move_file,5162,1,04200758a83be563cc88ab432f58fc79a0aa0aae58e2b9846dcab801bb167644,True
results/tests/13/threshold__f50__morph_iterations=2_threshold_value=200/00_input.png,data/tests/detection/_shared_inputs/video_13/frame_50.png,deduplicate_identical_input,275814,1,4172d52c2a5b91b75877e6ad35e27d320af1dafffb385f5df1d36780f05c5da5,True
results/tests/13/threshold__f50__morph_iterations=2_threshold_value=200/detections.csv,data/tests/detection/threshold/legacy_t200_o2__cfga13617b6/frame_screening/video_13/frame_50/threshold__f50__morph_iterations_2_threshold_value_200/detections.csv,move_file,4863,1,08b10e7e8035b78e8c5a61fa8ab1e9c061242b082d7674f624b6a7f1384424eb,True
results/tests/13/threshold__f50__morph_iterations=2_threshold_value=200/detections.png,data/tests/detection/threshold/legacy_t200_o2__cfga13617b6/frame_screening/video_13/frame_50/threshold__f50__morph_iterations_2_threshold_value_200/detections.png,move_file,316687,1,5e039206605ffd61710e50e7f6d4c2ac276dff9ccfa9f8331d04573dfb23f858,True
results/tests/13/threshold__f50__morph_iterations=2_threshold_value=200/summary.json,data/tests/detection/threshold/legacy_t200_o2__cfga13617b6/frame_screening/video_13/frame_50/threshold__f50__morph_iterations_2_threshold_value_200/summary.json,move_file,1949,1,d6bf6671d696ecc92529dbf3d75f75d108d49cd9450888808d3582e25a59da76,True
results/tests/13/threshold__f50__threshold_value=180/00_input.png,data/tests/detection/_shared_inputs/video_13/frame_50.png,deduplicate_identical_input,275814,1,4172d52c2a5b91b75877e6ad35e27d320af1dafffb385f5df1d36780f05c5da5,True
results/tests/13/threshold__f50__threshold_value=180/detections.csv,data/tests/detection/threshold/legacy_t180__cfg1fd3f76e/frame_screening/video_13/frame_50/threshold__f50__threshold_value_180/detections.csv,move_file,6733,1,5820640a06097f9a6fa11eb3dab04725f948722747aa2c7b68391e0121127be4,True
results/tests/13/threshold__f50__threshold_value=180/detections.png,data/tests/detection/threshold/legacy_t180__cfg1fd3f76e/frame_screening/video_13/frame_50/threshold__f50__threshold_value_180/detections.png,move_file,314552,1,6976c33b05d52d6d38d0ed6537a030c12c2e366cb9449fd3974615aeb0517126,True
results/tests/13/threshold__f50__threshold_value=180/summary.json,data/tests/detection/threshold/legacy_t180__cfg1fd3f76e/frame_screening/video_13/frame_50/threshold__f50__threshold_value_180/summary.json,move_file,5055,1,38997c43f64f3d85720dcb48f89538c2fb3a2dd269bde939e0961a8fdd1804f0,True
results/tests/13/threshold__f50__threshold_value=190/00_input.png,data/tests/detection/_shared_inputs/video_13/frame_50.png,deduplicate_identical_input,275814,1,4172d52c2a5b91b75877e6ad35e27d320af1dafffb385f5df1d36780f05c5da5,True
results/tests/13/threshold__f50__threshold_value=190/detections.csv,data/tests/detection/threshold/legacy_t190__cfgfeeed012/frame_screening/video_13/frame_50/threshold__f50__threshold_value_190/detections.csv,move_file,6414,1,c00c8cff04fc5c54512baeadfc5dc4c674e9aa4ecc0c09b2817482d669d4d533,True
results/tests/13/threshold__f50__threshold_value=190/detections.png,data/tests/detection/threshold/legacy_t190__cfgfeeed012/frame_screening/video_13/frame_50/threshold__f50__threshold_value_190/detections.png,move_file,315085,1,27237a161fbd2cb886404fb0a09edf9e0fb3ac2a7710fd45555178037e4cba41,True
results/tests/13/threshold__f50__threshold_value=190/summary.json,data/tests/detection/threshold/legacy_t190__cfgfeeed012/frame_screening/video_13/frame_50/threshold__f50__threshold_value_190/summary.json,move_file,4511,1,918346fb811f4cb163f5f8a03bdaf936732ed973f1c563661a737be0c89ccf5e,True
results/tests/13/threshold__f50__threshold_value=200/00_input.png,data/tests/detection/_shared_inputs/video_13/frame_50.png,deduplicate_identical_input,275814,1,4172d52c2a5b91b75877e6ad35e27d320af1dafffb385f5df1d36780f05c5da5,True
results/tests/13/threshold__f50__threshold_value=200/detections.csv,data/tests/detection/threshold/legacy_t200__cfg1f8f28ac/frame_screening/video_13/frame_50/threshold__f50__threshold_value_200/detections.csv,move_file,6153,1,594ec1b8333e2b753db5f283bb244da8edaa271d5fb3ddd8ca1f6b2123253cf8,True
results/tests/13/threshold__f50__threshold_value=200/detections.png,data/tests/detection/threshold/legacy_t200__cfg1f8f28ac/frame_screening/video_13/frame_50/threshold__f50__threshold_value_200/detections.png,move_file,315442,1,4d600400d04d7926bb512a748fd5e328872f5f3c6c34ccf482cb94772c085638,True
results/tests/13/threshold__f50__threshold_value=200/summary.json,data/tests/detection/threshold/legacy_t200__cfg1f8f28ac/frame_screening/video_13/frame_50/threshold__f50__threshold_value_200/summary.json,move_file,4077,1,2004d254c76857c80a8e421e4f0e05916fce35a79d7ce171053463a08a3ba4a7,True
results/tests/13/threshold__f50__threshold_value=210/00_input.png,data/tests/detection/_shared_inputs/video_13/frame_50.png,deduplicate_identical_input,275814,1,4172d52c2a5b91b75877e6ad35e27d320af1dafffb385f5df1d36780f05c5da5,True
results/tests/13/threshold__f50__threshold_value=210/detections.csv,data/tests/detection/threshold/legacy_t210__cfg4310fa76/frame_screening/video_13/frame_50/threshold__f50__threshold_value_210/detections.csv,move_file,6023,1,19784ab32e907b2b703d78ce9cc554f2b6f1d631deed84302b07049db9681eac,True
results/tests/13/threshold__f50__threshold_value=210/detections.png,data/tests/detection/threshold/legacy_t210__cfg4310fa76/frame_screening/video_13/frame_50/threshold__f50__threshold_value_210/detections.png,move_file,315788,1,bcfa9d7bd3b8b478452618fc65cf684d2a25ccd9c69e7de5e4a1db8873769a9b,True
results/tests/13/threshold__f50__threshold_value=210/summary.json,data/tests/detection/threshold/legacy_t210__cfg4310fa76/frame_screening/video_13/frame_50/threshold__f50__threshold_value_210/summary.json,move_file,3859,1,78aa7cb7e28c55183cbb71df22151fe934df24498a243d305b906cf9ccac5fe5,True
results/tests/14/threshold__f0/00_input.png,data/tests/detection/_shared_inputs/video_14/frame_0.png,move_file,308632,1,536476fb80292e0689de3f71ff180677f3f3333996c9f7f40cf395e883104381,True
results/tests/14/threshold__f0/detections.csv,data/tests/detection/otsu/legacy_otsu_defaults__cfgbbaffb3e/frame_screening/video_14/frame_0/threshold__f0/detections.csv,move_file,2171,1,e654adfd3023a9b0356b47d7031bc286dc0ec3f46bd67c3f7096e1a683696de4,True
results/tests/14/threshold__f0/detections.png,data/tests/detection/otsu/legacy_otsu_defaults__cfgbbaffb3e/frame_screening/video_14/frame_0/threshold__f0/detections.png,move_file,319004,1,d6ddeca32c1cb6a0a26444acf88187bfe45278a459a8cb126f80a49075994745,True
results/tests/14/threshold__f0/summary.json,data/tests/detection/otsu/legacy_otsu_defaults__cfgbbaffb3e/frame_screening/video_14/frame_0/threshold__f0/summary.json,move_file,3711,1,7150d21614b38bb2b4340c2364e3b2bd43a0b7c76f7b21056486330ed340cef1,True
results/tests/14/threshold__f0__close_iterations=0/00_input.png,data/tests/detection/_shared_inputs/video_14/frame_0.png,deduplicate_identical_input,308632,1,536476fb80292e0689de3f71ff180677f3f3333996c9f7f40cf395e883104381,True
results/tests/14/threshold__f0__close_iterations=0/detections.csv,data/tests/detection/otsu/legacy_otsu_defaults__cfg4633c2bb/frame_screening/video_14/frame_0/threshold__f0__close_iterations_0/detections.csv,move_file,2297,1,743aced00cfdecf54d24ca507fe9d1ae07e0dfbba68a200d5bbd09392ece3f36,True
results/tests/14/threshold__f0__close_iterations=0/detections.png,data/tests/detection/otsu/legacy_otsu_defaults__cfg4633c2bb/frame_screening/video_14/frame_0/threshold__f0__close_iterations_0/detections.png,move_file,318766,1,0b56776248a204d97cb4c56089b1a3af31b19cb7f83dba35b10c971c77ff229c,True
results/tests/14/threshold__f0__close_iterations=0/summary.json,data/tests/detection/otsu/legacy_otsu_defaults__cfg4633c2bb/frame_screening/video_14/frame_0/threshold__f0__close_iterations_0/summary.json,move_file,3948,1,ae9e21eb27a64aaff70cd7e29d9ed2f944af50271cc495c3fc29cac58cdfec34,True
results/tests/14/threshold__f0__close_iterations=0_threshold_value=200/00_input.png,data/tests/detection/_shared_inputs/video_14/frame_0.png,deduplicate_identical_input,308632,1,536476fb80292e0689de3f71ff180677f3f3333996c9f7f40cf395e883104381,True
results/tests/14/threshold__f0__close_iterations=0_threshold_value=200/detections.csv,data/tests/detection/threshold/legacy_t200_c0__cfg1359249f/frame_screening/video_14/frame_0/threshold__f0__close_iterations_0_threshold_value_200/detections.csv,move_file,642,1,df7aaa745cdc0fdde5ccbc6e879dc14171f3dfc2cf800f31786ed6bc97a18729,True
results/tests/14/threshold__f0__close_iterations=0_threshold_value=200/detections.png,data/tests/detection/threshold/legacy_t200_c0__cfg1359249f/frame_screening/video_14/frame_0/threshold__f0__close_iterations_0_threshold_value_200/detections.png,move_file,317653,1,4977fe3f9955a3f72d166f45aefa52307c45def29481fc697d955605c3d41a5a,True
results/tests/14/threshold__f0__close_iterations=0_threshold_value=200/summary.json,data/tests/detection/threshold/legacy_t200_c0__cfg1359249f/frame_screening/video_14/frame_0/threshold__f0__close_iterations_0_threshold_value_200/summary.json,move_file,1150,1,fe64653a9338d2e0158d7631785be5929a7f0fd1d26758e2fb2a46f152d1bb26,True
results/tests/14/threshold__f0__close_iterations=2_threshold_value=200/00_input.png,data/tests/detection/_shared_inputs/video_14/frame_0.png,deduplicate_identical_input,308632,1,536476fb80292e0689de3f71ff180677f3f3333996c9f7f40cf395e883104381,True
results/tests/14/threshold__f0__close_iterations=2_threshold_value=200/detections.csv,data/tests/detection/threshold/legacy_t200_c2__cfg5d0522c8/frame_screening/video_14/frame_0/threshold__f0__close_iterations_2_threshold_value_200/detections.csv,move_file,642,1,df7aaa745cdc0fdde5ccbc6e879dc14171f3dfc2cf800f31786ed6bc97a18729,True
results/tests/14/threshold__f0__close_iterations=2_threshold_value=200/detections.png,data/tests/detection/threshold/legacy_t200_c2__cfg5d0522c8/frame_screening/video_14/frame_0/threshold__f0__close_iterations_2_threshold_value_200/detections.png,move_file,317653,1,4977fe3f9955a3f72d166f45aefa52307c45def29481fc697d955605c3d41a5a,True
results/tests/14/threshold__f0__close_iterations=2_threshold_value=200/summary.json,data/tests/detection/threshold/legacy_t200_c2__cfg5d0522c8/frame_screening/video_14/frame_0/threshold__f0__close_iterations_2_threshold_value_200/summary.json,move_file,1182,1,d3308a35e9055fbb0ed7c1ea7484a76d5ace1b015480a6c857ecb90c99d1279a,True
results/tests/14/threshold__f0__morph_iterations=2/00_input.png,data/tests/detection/_shared_inputs/video_14/frame_0.png,deduplicate_identical_input,308632,1,536476fb80292e0689de3f71ff180677f3f3333996c9f7f40cf395e883104381,True
results/tests/14/threshold__f0__morph_iterations=2/detections.csv,data/tests/detection/otsu/legacy_otsu_defaults__cfg76e32ed9/frame_screening/video_14/frame_0/threshold__f0__morph_iterations_2/detections.csv,move_file,1220,1,e994c0710ed82ec39df2d9afa5155ddb74b34e8742af8301b21bd21433dd3e2f,True
results/tests/14/threshold__f0__morph_iterations=2/detections.png,data/tests/detection/otsu/legacy_otsu_defaults__cfg76e32ed9/frame_screening/video_14/frame_0/threshold__f0__morph_iterations_2/detections.png,move_file,318610,1,f8e846d00052ac2d5c6e747354e2f0a9733802154a45902a605c5b69ee8683a8,True
results/tests/14/threshold__f0__morph_iterations=2/summary.json,data/tests/detection/otsu/legacy_otsu_defaults__cfg76e32ed9/frame_screening/video_14/frame_0/threshold__f0__morph_iterations_2/summary.json,move_file,2126,1,87a4da421ad36a609043b9355f356c80a693749b38154c8acde3dc71138ea7cf,True
results/tests/14/threshold__f0__morph_iterations=2_threshold_value=200/00_input.png,data/tests/detection/_shared_inputs/video_14/frame_0.png,deduplicate_identical_input,308632,1,536476fb80292e0689de3f71ff180677f3f3333996c9f7f40cf395e883104381,True
results/tests/14/threshold__f0__morph_iterations=2_threshold_value=200/detections.csv,data/tests/detection/threshold/legacy_t200_o2__cfga13617b6/frame_screening/video_14/frame_0/threshold__f0__morph_iterations_2_threshold_value_200/detections.csv,move_file,455,1,a6edb7228e56a892290d2bb33569753d6b76f6d96e52dd8cb7a22c14a0a3f63f,True
results/tests/14/threshold__f0__morph_iterations=2_threshold_value=200/detections.png,data/tests/detection/threshold/legacy_t200_o2__cfga13617b6/frame_screening/video_14/frame_0/threshold__f0__morph_iterations_2_threshold_value_200/detections.png,move_file,317763,1,95a6d239fd5ec2b8472af2c0ce0b155b37fe0677c03cceb046b3a68bf101dfeb,True
results/tests/14/threshold__f0__morph_iterations=2_threshold_value=200/summary.json,data/tests/detection/threshold/legacy_t200_o2__cfga13617b6/frame_screening/video_14/frame_0/threshold__f0__morph_iterations_2_threshold_value_200/summary.json,move_file,857,1,57ec76ebfd85973206b3040801b08d2097ebd243329e7d41ae9ead6fc996c820,True
results/tests/14/threshold__f0__threshold_value=180/00_input.png,data/tests/detection/_shared_inputs/video_14/frame_0.png,deduplicate_identical_input,308632,1,536476fb80292e0689de3f71ff180677f3f3333996c9f7f40cf395e883104381,True
results/tests/14/threshold__f0__threshold_value=180/detections.csv,data/tests/detection/threshold/legacy_t180__cfg1fd3f76e/frame_screening/video_14/frame_0/threshold__f0__threshold_value_180/detections.csv,move_file,705,1,c403cc47a308ed69dca63da4faeac83389d87ca0cae6a883415c5c755accac0d,True
results/tests/14/threshold__f0__threshold_value=180/detections.png,data/tests/detection/threshold/legacy_t180__cfg1fd3f76e/frame_screening/video_14/frame_0/threshold__f0__threshold_value_180/detections.png,move_file,317667,1,70dee19e833ac0d451ae73ff7c7bebfa745cd0e7d891490bce7ac277ec4193bf,True
results/tests/14/threshold__f0__threshold_value=180/summary.json,data/tests/detection/threshold/legacy_t180__cfg1fd3f76e/frame_screening/video_14/frame_0/threshold__f0__threshold_value_180/summary.json,move_file,1242,1,e861fd805909c81718138172313221317a8af61981cc4bddf0fbe29a495740e5,True
results/tests/14/threshold__f0__threshold_value=190/00_input.png,data/tests/detection/_shared_inputs/video_14/frame_0.png,deduplicate_identical_input,308632,1,536476fb80292e0689de3f71ff180677f3f3333996c9f7f40cf395e883104381,True
results/tests/14/threshold__f0__threshold_value=190/detections.csv,data/tests/detection/threshold/legacy_t190__cfgfeeed012/frame_screening/video_14/frame_0/threshold__f0__threshold_value_190/detections.csv,move_file,705,1,bae9a01792e9de2cac8333e56f9d8fdd504c7fc9eaa6a1e6780f004843942173,True
results/tests/14/threshold__f0__threshold_value=190/detections.png,data/tests/detection/threshold/legacy_t190__cfgfeeed012/frame_screening/video_14/frame_0/threshold__f0__threshold_value_190/detections.png,move_file,317646,1,1ad6acac00b46f77489eb550c5d8feeed73a69bd2aa4af1029431097a15f3454,True
results/tests/14/threshold__f0__threshold_value=190/summary.json,data/tests/detection/threshold/legacy_t190__cfgfeeed012/frame_screening/video_14/frame_0/threshold__f0__threshold_value_190/summary.json,move_file,1242,1,3ff20ba20947dc25e89df09a10631fb45cd2a598814083244496a5e7c26fa798,True
results/tests/14/threshold__f0__threshold_value=200/00_input.png,data/tests/detection/_shared_inputs/video_14/frame_0.png,deduplicate_identical_input,308632,1,536476fb80292e0689de3f71ff180677f3f3333996c9f7f40cf395e883104381,True
results/tests/14/threshold__f0__threshold_value=200/detections.csv,data/tests/detection/threshold/legacy_t200__cfg1f8f28ac/frame_screening/video_14/frame_0/threshold__f0__threshold_value_200/detections.csv,move_file,642,1,df7aaa745cdc0fdde5ccbc6e879dc14171f3dfc2cf800f31786ed6bc97a18729,True
results/tests/14/threshold__f0__threshold_value=200/detections.png,data/tests/detection/threshold/legacy_t200__cfg1f8f28ac/frame_screening/video_14/frame_0/threshold__f0__threshold_value_200/detections.png,move_file,317653,1,4977fe3f9955a3f72d166f45aefa52307c45def29481fc697d955605c3d41a5a,True
results/tests/14/threshold__f0__threshold_value=200/summary.json,data/tests/detection/threshold/legacy_t200__cfg1f8f28ac/frame_screening/video_14/frame_0/threshold__f0__threshold_value_200/summary.json,move_file,1135,1,95107fe71bcfd11661e6a590156917f40bb71b808f5104dc0489bc9081d7551d,True
results/tests/14/threshold__f0__threshold_value=210/00_input.png,data/tests/detection/_shared_inputs/video_14/frame_0.png,deduplicate_identical_input,308632,1,536476fb80292e0689de3f71ff180677f3f3333996c9f7f40cf395e883104381,True
results/tests/14/threshold__f0__threshold_value=210/detections.csv,data/tests/detection/threshold/legacy_t210__cfg4310fa76/frame_screening/video_14/frame_0/threshold__f0__threshold_value_210/detections.csv,move_file,579,1,cbd764b8b6d8349a31caff78ddf7348abf619efa5e7e429e272f6154c47ef310,True
results/tests/14/threshold__f0__threshold_value=210/detections.png,data/tests/detection/threshold/legacy_t210__cfg4310fa76/frame_screening/video_14/frame_0/threshold__f0__threshold_value_210/detections.png,move_file,317648,1,0e5e22087ddf6df111021484f98dbe575c7aa1151164c2127731ccaf1f97f8f8,True
results/tests/14/threshold__f0__threshold_value=210/summary.json,data/tests/detection/threshold/legacy_t210__cfg4310fa76/frame_screening/video_14/frame_0/threshold__f0__threshold_value_210/summary.json,move_file,1026,1,8d100eb6226febd64a7c7b32c0cdccaf609d5cf82850a8759f69e7fa2bbb9bc7,True
results/tests/14/threshold__f100/00_input.png,data/tests/detection/_shared_inputs/video_14/frame_100.png,move_file,232432,1,df0eb6c7d3c363dc0ea86bd81ab626a5450cf1b31accb1dc4b546139c94b0f85,True
results/tests/14/threshold__f100/detections.csv,data/tests/detection/otsu/legacy_otsu_defaults__cfgbbaffb3e/frame_screening/video_14/frame_100/threshold__f100/detections.csv,move_file,2310,1,fee96a0ad31788e1c351479f1e0c71a37bd83904a6834c1edd02c137a7286e60,True
results/tests/14/threshold__f100/detections.png,data/tests/detection/otsu/legacy_otsu_defaults__cfgbbaffb3e/frame_screening/video_14/frame_100/threshold__f100/detections.png,move_file,242686,1,691bf765b213b5605d300e46e62857474fbe19c6c0a9dc5f215c54fa602f1724,True
results/tests/14/threshold__f100/summary.json,data/tests/detection/otsu/legacy_otsu_defaults__cfgbbaffb3e/frame_screening/video_14/frame_100/threshold__f100/summary.json,move_file,3823,1,6ec464f351df613e6524b3d26332a7fe9887e02d2f4477e651bd07be950193b4,True
results/tests/14/threshold__f100__close_iterations=0/00_input.png,data/tests/detection/_shared_inputs/video_14/frame_100.png,deduplicate_identical_input,232432,1,df0eb6c7d3c363dc0ea86bd81ab626a5450cf1b31accb1dc4b546139c94b0f85,True
results/tests/14/threshold__f100__close_iterations=0/detections.csv,data/tests/detection/otsu/legacy_otsu_defaults__cfg4633c2bb/frame_screening/video_14/frame_100/threshold__f100__close_iterations_0/detections.csv,move_file,2641,1,17d393f0e8c249305310fabcf7675bf0fcb9a39b1436d903dbf63ce62d17f13f,True
results/tests/14/threshold__f100__close_iterations=0/detections.png,data/tests/detection/otsu/legacy_otsu_defaults__cfg4633c2bb/frame_screening/video_14/frame_100/threshold__f100__close_iterations_0/detections.png,move_file,242374,1,d2f0c19d47a136f4ede35bfd2522f6b577b85b01e6342150e0ef9aae9a786b7c,True
results/tests/14/threshold__f100__close_iterations=0/summary.json,data/tests/detection/otsu/legacy_otsu_defaults__cfg4633c2bb/frame_screening/video_14/frame_100/threshold__f100__close_iterations_0/summary.json,move_file,4391,1,dda21ec942e96f9edc93691820c5ecbccff5d6b4ddc92c13fa3ba63b78a987d7,True
results/tests/14/threshold__f100__close_iterations=0_threshold_value=200/00_input.png,data/tests/detection/_shared_inputs/video_14/frame_100.png,deduplicate_identical_input,232432,1,df0eb6c7d3c363dc0ea86bd81ab626a5450cf1b31accb1dc4b546139c94b0f85,True
results/tests/14/threshold__f100__close_iterations=0_threshold_value=200/detections.csv,data/tests/detection/threshold/legacy_t200_c0__cfg1359249f/frame_screening/video_14/frame_100/threshold__f100__close_iterations_0_threshold_value_200/detections.csv,move_file,666,1,7251e2fd3ddf54f5c9737b546dc17d3038c0a40e7434c3b50e2861b2061b1517,True
results/tests/14/threshold__f100__close_iterations=0_threshold_value=200/detections.png,data/tests/detection/threshold/legacy_t200_c0__cfg1359249f/frame_screening/video_14/frame_100/threshold__f100__close_iterations_0_threshold_value_200/detections.png,move_file,241164,1,093c612cef9484065e3bed65f000f8ea5eede393ff47e0dcc9a81e208ebbe35c,True
results/tests/14/threshold__f100__close_iterations=0_threshold_value=200/summary.json,data/tests/detection/threshold/legacy_t200_c0__cfg1359249f/frame_screening/video_14/frame_100/threshold__f100__close_iterations_0_threshold_value_200/summary.json,move_file,1154,1,3e7bf132967a51029564e9826b99abd005a7e696cf4161161b151607ba2a7942,True
results/tests/14/threshold__f100__close_iterations=2_threshold_value=200/00_input.png,data/tests/detection/_shared_inputs/video_14/frame_100.png,deduplicate_identical_input,232432,1,df0eb6c7d3c363dc0ea86bd81ab626a5450cf1b31accb1dc4b546139c94b0f85,True
results/tests/14/threshold__f100__close_iterations=2_threshold_value=200/detections.csv,data/tests/detection/threshold/legacy_t200_c2__cfg5d0522c8/frame_screening/video_14/frame_100/threshold__f100__close_iterations_2_threshold_value_200/detections.csv,move_file,666,1,7251e2fd3ddf54f5c9737b546dc17d3038c0a40e7434c3b50e2861b2061b1517,True
results/tests/14/threshold__f100__close_iterations=2_threshold_value=200/detections.png,data/tests/detection/threshold/legacy_t200_c2__cfg5d0522c8/frame_screening/video_14/frame_100/threshold__f100__close_iterations_2_threshold_value_200/detections.png,move_file,241164,1,093c612cef9484065e3bed65f000f8ea5eede393ff47e0dcc9a81e208ebbe35c,True
results/tests/14/threshold__f100__close_iterations=2_threshold_value=200/summary.json,data/tests/detection/threshold/legacy_t200_c2__cfg5d0522c8/frame_screening/video_14/frame_100/threshold__f100__close_iterations_2_threshold_value_200/summary.json,move_file,1186,1,87c0ee2473ade3a3914d98a134a68da428974f07d92905b80c46c13d62347453,True
results/tests/14/threshold__f100__morph_iterations=2/00_input.png,data/tests/detection/_shared_inputs/video_14/frame_100.png,deduplicate_identical_input,232432,1,df0eb6c7d3c363dc0ea86bd81ab626a5450cf1b31accb1dc4b546139c94b0f85,True
results/tests/14/threshold__f100__morph_iterations=2/detections.csv,data/tests/detection/otsu/legacy_otsu_defaults__cfg76e32ed9/frame_screening/video_14/frame_100/threshold__f100__morph_iterations_2/detections.csv,move_file,1402,1,084b01a4695f2d2d146681e12a2a8bf9ac5b5970a93515a62293b08bb256c8cf,True
results/tests/14/threshold__f100__morph_iterations=2/detections.png,data/tests/detection/otsu/legacy_otsu_defaults__cfg76e32ed9/frame_screening/video_14/frame_100/threshold__f100__morph_iterations_2/detections.png,move_file,242442,1,c231fdbc54a36ab3219090e5f2ac9806d35a39f690aaec11c300a1f4559959c3,True
results/tests/14/threshold__f100__morph_iterations=2/summary.json,data/tests/detection/otsu/legacy_otsu_defaults__cfg76e32ed9/frame_screening/video_14/frame_100/threshold__f100__morph_iterations_2/summary.json,move_file,2357,1,fa6f027ca9b1a22684e6bbe919d575f5097d13f8bb077e0ea8b28415c2bfaf45,True
results/tests/14/threshold__f100__morph_iterations=2_threshold_value=200/00_input.png,data/tests/detection/_shared_inputs/video_14/frame_100.png,deduplicate_identical_input,232432,1,df0eb6c7d3c363dc0ea86bd81ab626a5450cf1b31accb1dc4b546139c94b0f85,True
results/tests/14/threshold__f100__morph_iterations=2_threshold_value=200/detections.csv,data/tests/detection/threshold/legacy_t200_o2__cfga13617b6/frame_screening/video_14/frame_100/threshold__f100__morph_iterations_2_threshold_value_200/detections.csv,move_file,408,1,52a61920b334059bc34af0234097d31b29fe063c4b26ce2ed40da613d664db04,True
results/tests/14/threshold__f100__morph_iterations=2_threshold_value=200/detections.png,data/tests/detection/threshold/legacy_t200_o2__cfga13617b6/frame_screening/video_14/frame_100/threshold__f100__morph_iterations_2_threshold_value_200/detections.png,move_file,241318,1,42c475d2d834461700f4de52cf820ab4855dc8aadab561ef00ae00f687e90a12,True
results/tests/14/threshold__f100__morph_iterations=2_threshold_value=200/summary.json,data/tests/detection/threshold/legacy_t200_o2__cfga13617b6/frame_screening/video_14/frame_100/threshold__f100__morph_iterations_2_threshold_value_200/summary.json,move_file,752,1,16d82da789a0c19f571a34016572496fb8973c59905a22866067e64e8ec61bae,True
results/tests/14/threshold__f100__threshold_value=180/00_input.png,data/tests/detection/_shared_inputs/video_14/frame_100.png,deduplicate_identical_input,232432,1,df0eb6c7d3c363dc0ea86bd81ab626a5450cf1b31accb1dc4b546139c94b0f85,True
results/tests/14/threshold__f100__threshold_value=180/detections.csv,data/tests/detection/threshold/legacy_t180__cfg1fd3f76e/frame_screening/video_14/frame_100/threshold__f100__threshold_value_180/detections.csv,move_file,731,1,8b18910c632bf7e4dbce12ee7128860fbdea30a2a9c1c3912f794d3889a42522,True
results/tests/14/threshold__f100__threshold_value=180/detections.png,data/tests/detection/threshold/legacy_t180__cfg1fd3f76e/frame_screening/video_14/frame_100/threshold__f100__threshold_value_180/detections.png,move_file,241070,1,2079a8297abc01a3bc31bb64b91564e309722ee35982e9a9a8169f8c74f1930f,True
results/tests/14/threshold__f100__threshold_value=180/summary.json,data/tests/detection/threshold/legacy_t180__cfg1fd3f76e/frame_screening/video_14/frame_100/threshold__f100__threshold_value_180/summary.json,move_file,1246,1,2046a71f9295861fd3e2faf7869eaeab1c3d7e972a9253c79c3d76849b907396,True
results/tests/14/threshold__f100__threshold_value=190/00_input.png,data/tests/detection/_shared_inputs/video_14/frame_100.png,deduplicate_identical_input,232432,1,df0eb6c7d3c363dc0ea86bd81ab626a5450cf1b31accb1dc4b546139c94b0f85,True
results/tests/14/threshold__f100__threshold_value=190/detections.csv,data/tests/detection/threshold/legacy_t190__cfgfeeed012/frame_screening/video_14/frame_100/threshold__f100__threshold_value_190/detections.csv,move_file,666,1,1bdcaa74082b28b573600b55fded96fd50460d4bc772d6d2a074d3b9bdb31f9b,True
results/tests/14/threshold__f100__threshold_value=190/detections.png,data/tests/detection/threshold/legacy_t190__cfgfeeed012/frame_screening/video_14/frame_100/threshold__f100__threshold_value_190/detections.png,move_file,241155,1,b13bea0e46b384f0e8c9aaba1d8aea376da703b7dd6738ca7b0e7880ca886498,True
results/tests/14/threshold__f100__threshold_value=190/summary.json,data/tests/detection/threshold/legacy_t190__cfgfeeed012/frame_screening/video_14/frame_100/threshold__f100__threshold_value_190/summary.json,move_file,1139,1,9ffb3629cf4d27fab3399c87d983d68ce280fcaf4c18c676fabad919a1dc06f7,True
results/tests/14/threshold__f100__threshold_value=200/00_input.png,data/tests/detection/_shared_inputs/video_14/frame_100.png,deduplicate_identical_input,232432,1,df0eb6c7d3c363dc0ea86bd81ab626a5450cf1b31accb1dc4b546139c94b0f85,True
results/tests/14/threshold__f100__threshold_value=200/detections.csv,data/tests/detection/threshold/legacy_t200__cfg1f8f28ac/frame_screening/video_14/frame_100/threshold__f100__threshold_value_200/detections.csv,move_file,666,1,7251e2fd3ddf54f5c9737b546dc17d3038c0a40e7434c3b50e2861b2061b1517,True
results/tests/14/threshold__f100__threshold_value=200/detections.png,data/tests/detection/threshold/legacy_t200__cfg1f8f28ac/frame_screening/video_14/frame_100/threshold__f100__threshold_value_200/detections.png,move_file,241164,1,093c612cef9484065e3bed65f000f8ea5eede393ff47e0dcc9a81e208ebbe35c,True
results/tests/14/threshold__f100__threshold_value=200/summary.json,data/tests/detection/threshold/legacy_t200__cfg1f8f28ac/frame_screening/video_14/frame_100/threshold__f100__threshold_value_200/summary.json,move_file,1139,1,761e7d86eeda3d61e9934aebad9d7c605b896e8b65866235a6146930107423d4,True
results/tests/14/threshold__f100__threshold_value=210/00_input.png,data/tests/detection/_shared_inputs/video_14/frame_100.png,deduplicate_identical_input,232432,1,df0eb6c7d3c363dc0ea86bd81ab626a5450cf1b31accb1dc4b546139c94b0f85,True
results/tests/14/threshold__f100__threshold_value=210/detections.csv,data/tests/detection/threshold/legacy_t210__cfg4310fa76/frame_screening/video_14/frame_100/threshold__f100__threshold_value_210/detections.csv,move_file,538,1,da5f40c64728686cd45e7e7d04bb7fdeb7b9d392a6dac672664894fd736ccc52,True
results/tests/14/threshold__f100__threshold_value=210/detections.png,data/tests/detection/threshold/legacy_t210__cfg4310fa76/frame_screening/video_14/frame_100/threshold__f100__threshold_value_210/detections.png,move_file,241244,1,5acb0bb842c380f6e0f70eeacb8c3e8ae8ba23918ae2b6cf3827774c2fbd7ca9,True
results/tests/14/threshold__f100__threshold_value=210/summary.json,data/tests/detection/threshold/legacy_t210__cfg4310fa76/frame_screening/video_14/frame_100/threshold__f100__threshold_value_210/summary.json,move_file,920,1,f6001c6c92f3237b1cc7d9b9ca46442d2035d8ce951221ac5dd05840c776ebd4,True
results/tests/14/threshold__f50/00_input.png,data/tests/detection/_shared_inputs/video_14/frame_50.png,move_file,230807,1,f6dbdc0c38e81d7f20f0b1e90a515c024c78394ceaaedf9e0e19fcedaa3d85b5,True
results/tests/14/threshold__f50/detections.csv,data/tests/detection/otsu/legacy_otsu_defaults__cfgbbaffb3e/frame_screening/video_14/frame_50/threshold__f50/detections.csv,move_file,2400,1,8cbfc30702327474f7d5666958f46780745b263ffd22fc76ee631d3212c57176,True
results/tests/14/threshold__f50/detections.png,data/tests/detection/otsu/legacy_otsu_defaults__cfgbbaffb3e/frame_screening/video_14/frame_50/threshold__f50/detections.png,move_file,240765,1,1a52fed4618c9017f3ef9e05e29a9968f82514961684d02c5e05183384cb3793,True
results/tests/14/threshold__f50/summary.json,data/tests/detection/otsu/legacy_otsu_defaults__cfgbbaffb3e/frame_screening/video_14/frame_50/threshold__f50/summary.json,move_file,4039,1,a78a7f02e029941894f93548325b7c7d1c04b408eca9a49a50dd1672560552bc,True
results/tests/14/threshold__f50__close_iterations=0/00_input.png,data/tests/detection/_shared_inputs/video_14/frame_50.png,deduplicate_identical_input,230807,1,f6dbdc0c38e81d7f20f0b1e90a515c024c78394ceaaedf9e0e19fcedaa3d85b5,True
results/tests/14/threshold__f50__close_iterations=0/detections.csv,data/tests/detection/otsu/legacy_otsu_defaults__cfg4633c2bb/frame_screening/video_14/frame_50/threshold__f50__close_iterations_0/detections.csv,move_file,2789,1,1c9fc93472232931e14f67eb267431685004b06ff8e3bd6a118fd10717f4b897,True
results/tests/14/threshold__f50__close_iterations=0/detections.png,data/tests/detection/otsu/legacy_otsu_defaults__cfg4633c2bb/frame_screening/video_14/frame_50/threshold__f50__close_iterations_0/detections.png,move_file,240710,1,c2912c2cbe6880e39c1cc175261b7ea9855eea2287c424df2d8cc6d1b3c59f1b,True
results/tests/14/threshold__f50__close_iterations=0/summary.json,data/tests/detection/otsu/legacy_otsu_defaults__cfg4633c2bb/frame_screening/video_14/frame_50/threshold__f50__close_iterations_0/summary.json,move_file,4713,1,16aba7ab804baaee2b488b2ef7f520ca5a0f7497b35dbc08c676386c49809e07,True
results/tests/14/threshold__f50__close_iterations=0_threshold_value=200/00_input.png,data/tests/detection/_shared_inputs/video_14/frame_50.png,deduplicate_identical_input,230807,1,f6dbdc0c38e81d7f20f0b1e90a515c024c78394ceaaedf9e0e19fcedaa3d85b5,True
results/tests/14/threshold__f50__close_iterations=0_threshold_value=200/detections.csv,data/tests/detection/threshold/legacy_t200_c0__cfg1359249f/frame_screening/video_14/frame_50/threshold__f50__close_iterations_0_threshold_value_200/detections.csv,move_file,656,1,c44e63d25012b6da1613fe314ae53723ae563313f1036dff5b5ef43bb017f5d6,True
results/tests/14/threshold__f50__close_iterations=0_threshold_value=200/detections.png,data/tests/detection/threshold/legacy_t200_c0__cfg1359249f/frame_screening/video_14/frame_50/threshold__f50__close_iterations_0_threshold_value_200/detections.png,move_file,239437,1,0cad19f2a73a9fa91664d7818d8e38b354140a175f5d1f4ad31fc1ebdd8e23ec,True
results/tests/14/threshold__f50__close_iterations=0_threshold_value=200/summary.json,data/tests/detection/threshold/legacy_t200_c0__cfg1359249f/frame_screening/video_14/frame_50/threshold__f50__close_iterations_0_threshold_value_200/summary.json,move_file,1152,1,b95a4effd5eea6c1f69b957849f9d9667974c0b713429bd58c4c782dd2646df2,True
results/tests/14/threshold__f50__close_iterations=2_threshold_value=200/00_input.png,data/tests/detection/_shared_inputs/video_14/frame_50.png,deduplicate_identical_input,230807,1,f6dbdc0c38e81d7f20f0b1e90a515c024c78394ceaaedf9e0e19fcedaa3d85b5,True
results/tests/14/threshold__f50__close_iterations=2_threshold_value=200/detections.csv,data/tests/detection/threshold/legacy_t200_c2__cfg5d0522c8/frame_screening/video_14/frame_50/threshold__f50__close_iterations_2_threshold_value_200/detections.csv,move_file,656,1,c44e63d25012b6da1613fe314ae53723ae563313f1036dff5b5ef43bb017f5d6,True
results/tests/14/threshold__f50__close_iterations=2_threshold_value=200/detections.png,data/tests/detection/threshold/legacy_t200_c2__cfg5d0522c8/frame_screening/video_14/frame_50/threshold__f50__close_iterations_2_threshold_value_200/detections.png,move_file,239437,1,0cad19f2a73a9fa91664d7818d8e38b354140a175f5d1f4ad31fc1ebdd8e23ec,True
results/tests/14/threshold__f50__close_iterations=2_threshold_value=200/summary.json,data/tests/detection/threshold/legacy_t200_c2__cfg5d0522c8/frame_screening/video_14/frame_50/threshold__f50__close_iterations_2_threshold_value_200/summary.json,move_file,1184,1,81e440a3801a07c177985eee62ece73a2b929eaa66fb334bba47921f96ce55e4,True
results/tests/14/threshold__f50__morph_iterations=2/00_input.png,data/tests/detection/_shared_inputs/video_14/frame_50.png,deduplicate_identical_input,230807,1,f6dbdc0c38e81d7f20f0b1e90a515c024c78394ceaaedf9e0e19fcedaa3d85b5,True
results/tests/14/threshold__f50__morph_iterations=2/detections.csv,data/tests/detection/otsu/legacy_otsu_defaults__cfg76e32ed9/frame_screening/video_14/frame_50/threshold__f50__morph_iterations_2/detections.csv,move_file,1372,1,e22ae623e593632a1119b60837a6ef1d42d54cdc2ca4b00c25e4dc180c62bd1e,True
results/tests/14/threshold__f50__morph_iterations=2/detections.png,data/tests/detection/otsu/legacy_otsu_defaults__cfg76e32ed9/frame_screening/video_14/frame_50/threshold__f50__morph_iterations_2/detections.png,move_file,240459,1,4efb2974324ab6f77211a8672b2b316ba9e5f26c8ee82e6790ef153878e780f6,True
results/tests/14/threshold__f50__morph_iterations=2/summary.json,data/tests/detection/otsu/legacy_otsu_defaults__cfg76e32ed9/frame_screening/video_14/frame_50/threshold__f50__morph_iterations_2/summary.json,move_file,2349,1,9d4126b2f9fe49a229496f0f8d6fdd67e3ccf27068900c6a68221d1160522ba3,True
results/tests/14/threshold__f50__morph_iterations=2_threshold_value=200/00_input.png,data/tests/detection/_shared_inputs/video_14/frame_50.png,deduplicate_identical_input,230807,1,f6dbdc0c38e81d7f20f0b1e90a515c024c78394ceaaedf9e0e19fcedaa3d85b5,True
results/tests/14/threshold__f50__morph_iterations=2_threshold_value=200/detections.csv,data/tests/detection/threshold/legacy_t200_o2__cfga13617b6/frame_screening/video_14/frame_50/threshold__f50__morph_iterations_2_threshold_value_200/detections.csv,move_file,402,1,cf6462115dcec54f391dc3cf3bc7a8dae7daecfe59541c81a97e2e85bf34eb5f,True
results/tests/14/threshold__f50__morph_iterations=2_threshold_value=200/detections.png,data/tests/detection/threshold/legacy_t200_o2__cfga13617b6/frame_screening/video_14/frame_50/threshold__f50__morph_iterations_2_threshold_value_200/detections.png,move_file,239525,1,c9fe98a83d386ce7a4122e6dd21bdb691c619e41964485c185e864574caa7d8c,True
results/tests/14/threshold__f50__morph_iterations=2_threshold_value=200/summary.json,data/tests/detection/threshold/legacy_t200_o2__cfga13617b6/frame_screening/video_14/frame_50/threshold__f50__morph_iterations_2_threshold_value_200/summary.json,move_file,750,1,67e4715a0ea292180de0b874f898f8405f5847df05ae05abce9fd256f58670e4,True
results/tests/14/threshold__f50__threshold_value=180/00_input.png,data/tests/detection/_shared_inputs/video_14/frame_50.png,deduplicate_identical_input,230807,1,f6dbdc0c38e81d7f20f0b1e90a515c024c78394ceaaedf9e0e19fcedaa3d85b5,True
results/tests/14/threshold__f50__threshold_value=180/detections.csv,data/tests/detection/threshold/legacy_t180__cfg1fd3f76e/frame_screening/video_14/frame_50/threshold__f50__threshold_value_180/detections.csv,move_file,720,1,6012ea521cc326cc3cb3e255f1bbb7db6fb4992825da20a070c7ae5754e31929,True
results/tests/14/threshold__f50__threshold_value=180/detections.png,data/tests/detection/threshold/legacy_t180__cfg1fd3f76e/frame_screening/video_14/frame_50/threshold__f50__threshold_value_180/detections.png,move_file,239378,1,6ae6a5a80c3f0f9c52c52dc168f92ebd77d310fc252bf6ab78416cded4fca270,True
results/tests/14/threshold__f50__threshold_value=180/summary.json,data/tests/detection/threshold/legacy_t180__cfg1fd3f76e/frame_screening/video_14/frame_50/threshold__f50__threshold_value_180/summary.json,move_file,1244,1,b00db53f1d978d7a9c2717ef3492bca27951085bd689d2183231249d64c5a632,True
results/tests/14/threshold__f50__threshold_value=190/00_input.png,data/tests/detection/_shared_inputs/video_14/frame_50.png,deduplicate_identical_input,230807,1,f6dbdc0c38e81d7f20f0b1e90a515c024c78394ceaaedf9e0e19fcedaa3d85b5,True
results/tests/14/threshold__f50__threshold_value=190/detections.csv,data/tests/detection/threshold/legacy_t190__cfgfeeed012/frame_screening/video_14/frame_50/threshold__f50__threshold_value_190/detections.csv,move_file,656,1,062a655707c83b062d0031e7d5448f5a247e22e0b98fcda0b35d3fa3543a28fb,True
results/tests/14/threshold__f50__threshold_value=190/detections.png,data/tests/detection/threshold/legacy_t190__cfgfeeed012/frame_screening/video_14/frame_50/threshold__f50__threshold_value_190/detections.png,move_file,239412,1,f7fbab5be38dbf505d8bbe339a30733c6ff5bb875276f1cd177b6ba78314f93b,True
results/tests/14/threshold__f50__threshold_value=190/summary.json,data/tests/detection/threshold/legacy_t190__cfgfeeed012/frame_screening/video_14/frame_50/threshold__f50__threshold_value_190/summary.json,move_file,1137,1,005a9b01d8ec28c31c2ef262f11fc2915eb4f21fb488a83c374dc836d6f32a54,True
results/tests/14/threshold__f50__threshold_value=200/00_input.png,data/tests/detection/_shared_inputs/video_14/frame_50.png,deduplicate_identical_input,230807,1,f6dbdc0c38e81d7f20f0b1e90a515c024c78394ceaaedf9e0e19fcedaa3d85b5,True
results/tests/14/threshold__f50__threshold_value=200/detections.csv,data/tests/detection/threshold/legacy_t200__cfg1f8f28ac/frame_screening/video_14/frame_50/threshold__f50__threshold_value_200/detections.csv,move_file,656,1,c44e63d25012b6da1613fe314ae53723ae563313f1036dff5b5ef43bb017f5d6,True
results/tests/14/threshold__f50__threshold_value=200/detections.png,data/tests/detection/threshold/legacy_t200__cfg1f8f28ac/frame_screening/video_14/frame_50/threshold__f50__threshold_value_200/detections.png,move_file,239437,1,0cad19f2a73a9fa91664d7818d8e38b354140a175f5d1f4ad31fc1ebdd8e23ec,True
results/tests/14/threshold__f50__threshold_value=200/summary.json,data/tests/detection/threshold/legacy_t200__cfg1f8f28ac/frame_screening/video_14/frame_50/threshold__f50__threshold_value_200/summary.json,move_file,1137,1,d5d50c9852adc59e83a54f24bef62fa5b8a8f2195ec4e13f0818043aa1aff356,True
results/tests/14/threshold__f50__threshold_value=210/00_input.png,data/tests/detection/_shared_inputs/video_14/frame_50.png,deduplicate_identical_input,230807,1,f6dbdc0c38e81d7f20f0b1e90a515c024c78394ceaaedf9e0e19fcedaa3d85b5,True
results/tests/14/threshold__f50__threshold_value=210/detections.csv,data/tests/detection/threshold/legacy_t210__cfg4310fa76/frame_screening/video_14/frame_50/threshold__f50__threshold_value_210/detections.csv,move_file,592,1,187dbf66d11f265a8b0b347be6d1e8d8d01eb24e7c8bcd004206fb777799e2ed,True
results/tests/14/threshold__f50__threshold_value=210/detections.png,data/tests/detection/threshold/legacy_t210__cfg4310fa76/frame_screening/video_14/frame_50/threshold__f50__threshold_value_210/detections.png,move_file,239398,1,997b202b314136c442db319490268be850b3c0ea44be615b95a6c4075165b772,True
results/tests/14/threshold__f50__threshold_value=210/summary.json,data/tests/detection/threshold/legacy_t210__cfg4310fa76/frame_screening/video_14/frame_50/threshold__f50__threshold_value_210/summary.json,move_file,1028,1,3727ba1b9c33f90f9eccd1a6605d2d0f1802798d006eb15d90b82e265cde80ea,True
results/tests/15/threshold__f0/00_input.png,data/tests/detection/_shared_inputs/video_15/frame_0.png,move_file,364517,1,96442c2db78aeaed72de17880853b8f2c3648e22b8a8efa21b044a788f6c6dfb,True
results/tests/15/threshold__f0/detections.csv,data/tests/detection/otsu/legacy_otsu_defaults__cfgbbaffb3e/frame_screening/video_15/frame_0/threshold__f0/detections.csv,move_file,4457,1,2ec2119a78b8ade05a37cac888a539150ec525611b00c2609aa90af850ce5b17,True
results/tests/15/threshold__f0/detections.png,data/tests/detection/otsu/legacy_otsu_defaults__cfgbbaffb3e/frame_screening/video_15/frame_0/threshold__f0/detections.png,move_file,386680,1,cf8cf51f002bd1414435ebc7ef48774c74d7b30d6619b7661c2940f5864200b4,True
results/tests/15/threshold__f0/summary.json,data/tests/detection/otsu/legacy_otsu_defaults__cfgbbaffb3e/frame_screening/video_15/frame_0/threshold__f0/summary.json,move_file,4711,1,e042d9385824e9460e0a29a80a1f5aba7ffbc6ea25c90c9f5f4c62357c0ca3f1,True
results/tests/15/threshold__f0__close_iterations=0/00_input.png,data/tests/detection/_shared_inputs/video_15/frame_0.png,deduplicate_identical_input,364517,1,96442c2db78aeaed72de17880853b8f2c3648e22b8a8efa21b044a788f6c6dfb,True
results/tests/15/threshold__f0__close_iterations=0/detections.csv,data/tests/detection/otsu/legacy_otsu_defaults__cfg4633c2bb/frame_screening/video_15/frame_0/threshold__f0__close_iterations_0/detections.csv,move_file,4709,1,ddbbb52b7e3b6dbc84ffaa30d51ca75f5754c86de83a06dcf200774fae021b8c,True
results/tests/15/threshold__f0__close_iterations=0/detections.png,data/tests/detection/otsu/legacy_otsu_defaults__cfg4633c2bb/frame_screening/video_15/frame_0/threshold__f0__close_iterations_0/detections.png,move_file,386371,1,330f34102dabb396bd8f1d1c37417b678239b6a932410e9f81d6429cd32712e2,True
results/tests/15/threshold__f0__close_iterations=0/summary.json,data/tests/detection/otsu/legacy_otsu_defaults__cfg4633c2bb/frame_screening/video_15/frame_0/threshold__f0__close_iterations_0/summary.json,move_file,5164,1,8622882e137e63cff78fcb31bcfafdd620bf2dc98a70e45804e25b1e844102bb,True
results/tests/15/threshold__f0__close_iterations=0_threshold_value=200/00_input.png,data/tests/detection/_shared_inputs/video_15/frame_0.png,deduplicate_identical_input,364517,1,96442c2db78aeaed72de17880853b8f2c3648e22b8a8efa21b044a788f6c6dfb,True
results/tests/15/threshold__f0__close_iterations=0_threshold_value=200/detections.csv,data/tests/detection/threshold/legacy_t200_c0__cfg1359249f/frame_screening/video_15/frame_0/threshold__f0__close_iterations_0_threshold_value_200/detections.csv,move_file,3399,1,d2e758e9dc54787d490795e8fe7e32384aa4085268c88024853bd9cdac3b1e46,True
results/tests/15/threshold__f0__close_iterations=0_threshold_value=200/detections.png,data/tests/detection/threshold/legacy_t200_c0__cfg1359249f/frame_screening/video_15/frame_0/threshold__f0__close_iterations_0_threshold_value_200/detections.png,move_file,385567,1,01f55add0c30a740d459e3b62a868ff949ac670be89681bbd4bc1cfd57432d3c,True
results/tests/15/threshold__f0__close_iterations=0_threshold_value=200/summary.json,data/tests/detection/threshold/legacy_t200_c0__cfg1359249f/frame_screening/video_15/frame_0/threshold__f0__close_iterations_0_threshold_value_200/summary.json,move_file,2999,1,9e27e85c765a8cc84deddf00fe0e7a99034f386d02c314c19bf7363e3a75cafb,True
results/tests/15/threshold__f0__close_iterations=2_threshold_value=200/00_input.png,data/tests/detection/_shared_inputs/video_15/frame_0.png,deduplicate_identical_input,364517,1,96442c2db78aeaed72de17880853b8f2c3648e22b8a8efa21b044a788f6c6dfb,True
results/tests/15/threshold__f0__close_iterations=2_threshold_value=200/detections.csv,data/tests/detection/threshold/legacy_t200_c2__cfg5d0522c8/frame_screening/video_15/frame_0/threshold__f0__close_iterations_2_threshold_value_200/detections.csv,move_file,3337,1,0418a99e0f070ebbd00a6f0ebee8ad86b5d2f4832079f539488bd1589ee17c74,True
results/tests/15/threshold__f0__close_iterations=2_threshold_value=200/detections.png,data/tests/detection/threshold/legacy_t200_c2__cfg5d0522c8/frame_screening/video_15/frame_0/threshold__f0__close_iterations_2_threshold_value_200/detections.png,move_file,385622,1,16fbdeab7a4a4cdcc8427df170b784dd794a8b5cc713766fd1adeac7bace9d7c,True
results/tests/15/threshold__f0__close_iterations=2_threshold_value=200/summary.json,data/tests/detection/threshold/legacy_t200_c2__cfg5d0522c8/frame_screening/video_15/frame_0/threshold__f0__close_iterations_2_threshold_value_200/summary.json,move_file,2923,1,8c8a07c00f43f31a4681189bc5098132c163879c32ef5a5423b6f1b3e79e4940,True
results/tests/15/threshold__f0__morph_iterations=2/00_input.png,data/tests/detection/_shared_inputs/video_15/frame_0.png,deduplicate_identical_input,364517,1,96442c2db78aeaed72de17880853b8f2c3648e22b8a8efa21b044a788f6c6dfb,True
results/tests/15/threshold__f0__morph_iterations=2/detections.csv,data/tests/detection/otsu/legacy_otsu_defaults__cfg76e32ed9/frame_screening/video_15/frame_0/threshold__f0__morph_iterations_2/detections.csv,move_file,3822,1,47897ae97c976b72964e2feee93b1eb7f3a2b73fb23ff87ba517ab0773b140c7,True
results/tests/15/threshold__f0__morph_iterations=2/detections.png,data/tests/detection/otsu/legacy_otsu_defaults__cfg76e32ed9/frame_screening/video_15/frame_0/threshold__f0__morph_iterations_2/detections.png,move_file,386395,1,1e51cfae43bf8ce1d02bf54664f4d571dd485a6611eaec501b98a1ca6f878201,True
results/tests/15/threshold__f0__morph_iterations=2/summary.json,data/tests/detection/otsu/legacy_otsu_defaults__cfg76e32ed9/frame_screening/video_15/frame_0/threshold__f0__morph_iterations_2/summary.json,move_file,3670,1,a98661c2626f9fb0be9428cceba99f1f6087690c39fc0ec3c6b6c6fc778e9f99,True
results/tests/15/threshold__f0__morph_iterations=2_threshold_value=200/00_input.png,data/tests/detection/_shared_inputs/video_15/frame_0.png,deduplicate_identical_input,364517,1,96442c2db78aeaed72de17880853b8f2c3648e22b8a8efa21b044a788f6c6dfb,True
results/tests/15/threshold__f0__morph_iterations=2_threshold_value=200/detections.csv,data/tests/detection/threshold/legacy_t200_o2__cfga13617b6/frame_screening/video_15/frame_0/threshold__f0__morph_iterations_2_threshold_value_200/detections.csv,move_file,2329,1,d8999f05930441fca69a640ba6a8fa2d5fb4b40566a2ebc82c7945cc51b75e58,True
results/tests/15/threshold__f0__morph_iterations=2_threshold_value=200/detections.png,data/tests/detection/threshold/legacy_t200_o2__cfga13617b6/frame_screening/video_15/frame_0/threshold__f0__morph_iterations_2_threshold_value_200/detections.png,move_file,386401,1,786b913193cdfb614043dfa351b61e6f723c3601776235cd41db7f6533fca285,True
results/tests/15/threshold__f0__morph_iterations=2_threshold_value=200/summary.json,data/tests/detection/threshold/legacy_t200_o2__cfga13617b6/frame_screening/video_15/frame_0/threshold__f0__morph_iterations_2_threshold_value_200/summary.json,move_file,1183,1,c8a67747b63ddd26d9befd18f72f73952275b0c77e1493b0f866389dc058c0a0,True
results/tests/15/threshold__f0__threshold_value=180/00_input.png,data/tests/detection/_shared_inputs/video_15/frame_0.png,deduplicate_identical_input,364517,1,96442c2db78aeaed72de17880853b8f2c3648e22b8a8efa21b044a788f6c6dfb,True
results/tests/15/threshold__f0__threshold_value=180/detections.csv,data/tests/detection/threshold/legacy_t180__cfg1fd3f76e/frame_screening/video_15/frame_0/threshold__f0__threshold_value_180/detections.csv,move_file,3784,1,38388e49790739262202117aaf3f75b2aaba7d59fba2f735b9e5656667da5e10,True
results/tests/15/threshold__f0__threshold_value=180/detections.png,data/tests/detection/threshold/legacy_t180__cfg1fd3f76e/frame_screening/video_15/frame_0/threshold__f0__threshold_value_180/detections.png,move_file,385242,1,fede17cc3c7041843f043c10e9decfb724ab2e7d6f6ea3293e5af31bd16f3aca,True
results/tests/15/threshold__f0__threshold_value=180/summary.json,data/tests/detection/threshold/legacy_t180__cfg1fd3f76e/frame_screening/video_15/frame_0/threshold__f0__threshold_value_180/summary.json,move_file,3638,1,96436f5b2d2cb6bc18eb6ed2c4218f7abd9b6a9698be687596f5313ee7433796,True
results/tests/15/threshold__f0__threshold_value=190/00_input.png,data/tests/detection/_shared_inputs/video_15/frame_0.png,deduplicate_identical_input,364517,1,96442c2db78aeaed72de17880853b8f2c3648e22b8a8efa21b044a788f6c6dfb,True
results/tests/15/threshold__f0__threshold_value=190/detections.csv,data/tests/detection/threshold/legacy_t190__cfgfeeed012/frame_screening/video_15/frame_0/threshold__f0__threshold_value_190/detections.csv,move_file,3529,1,fe6fe0536767fbcdc9b304eea5a42261456d451552b8c6f08abde6eec5759245,True
results/tests/15/threshold__f0__threshold_value=190/detections.png,data/tests/detection/threshold/legacy_t190__cfgfeeed012/frame_screening/video_15/frame_0/threshold__f0__threshold_value_190/detections.png,move_file,385455,1,d3cb4a05f38d547c341a5ad92be81097972bc24788395901620f108a4bbb5fb3,True
results/tests/15/threshold__f0__threshold_value=190/summary.json,data/tests/detection/threshold/legacy_t190__cfgfeeed012/frame_screening/video_15/frame_0/threshold__f0__threshold_value_190/summary.json,move_file,3202,1,708a50687f6fa541e3c6fb59c8f52125e15fc763878f45c02ed13fba0cf60af8,True
results/tests/15/threshold__f0__threshold_value=200/00_input.png,data/tests/detection/_shared_inputs/video_15/frame_0.png,deduplicate_identical_input,364517,1,96442c2db78aeaed72de17880853b8f2c3648e22b8a8efa21b044a788f6c6dfb,True
results/tests/15/threshold__f0__threshold_value=200/detections.csv,data/tests/detection/threshold/legacy_t200__cfg1f8f28ac/frame_screening/video_15/frame_0/threshold__f0__threshold_value_200/detections.csv,move_file,3399,1,d2e758e9dc54787d490795e8fe7e32384aa4085268c88024853bd9cdac3b1e46,True
results/tests/15/threshold__f0__threshold_value=200/detections.png,data/tests/detection/threshold/legacy_t200__cfg1f8f28ac/frame_screening/video_15/frame_0/threshold__f0__threshold_value_200/detections.png,move_file,385567,1,01f55add0c30a740d459e3b62a868ff949ac670be89681bbd4bc1cfd57432d3c,True
results/tests/15/threshold__f0__threshold_value=200/summary.json,data/tests/detection/threshold/legacy_t200__cfg1f8f28ac/frame_screening/video_15/frame_0/threshold__f0__threshold_value_200/summary.json,move_file,2984,1,1790771368c9a263fe79b53780c7f2ccc8042ab5a5578637941760ecf3829313,True
results/tests/15/threshold__f0__threshold_value=210/00_input.png,data/tests/detection/_shared_inputs/video_15/frame_0.png,deduplicate_identical_input,364517,1,96442c2db78aeaed72de17880853b8f2c3648e22b8a8efa21b044a788f6c6dfb,True
results/tests/15/threshold__f0__threshold_value=210/detections.csv,data/tests/detection/threshold/legacy_t210__cfg4310fa76/frame_screening/video_15/frame_0/threshold__f0__threshold_value_210/detections.csv,move_file,3211,1,c4866063b2786c8c8369d9bdf75d88ae4d0f5a1ff648c395fce3bcfc54434065,True
results/tests/15/threshold__f0__threshold_value=210/detections.png,data/tests/detection/threshold/legacy_t210__cfg4310fa76/frame_screening/video_15/frame_0/threshold__f0__threshold_value_210/detections.png,move_file,385852,1,fa715a743a05c2fb8fa3f79c5539ee7705abc0937f973885bedf04e1837cfb6a,True
results/tests/15/threshold__f0__threshold_value=210/summary.json,data/tests/detection/threshold/legacy_t210__cfg4310fa76/frame_screening/video_15/frame_0/threshold__f0__threshold_value_210/summary.json,move_file,2659,1,0ff0686acf60f8b129934bb9696e345e9a9c8b7eb78d88fd4c9b7e2663113665,True
results/tests/15/threshold__f100/00_input.png,data/tests/detection/_shared_inputs/video_15/frame_100.png,move_file,367505,1,ec06550adf263e31c46ce6912cc7d3cfd30eba6cd1413d5ffbdb9accf46bf047,True
results/tests/15/threshold__f100/detections.csv,data/tests/detection/otsu/legacy_otsu_defaults__cfgbbaffb3e/frame_screening/video_15/frame_100/threshold__f100/detections.csv,move_file,4796,1,208281b2970a9b6612d7e0fca5f9f8f7bade6621c3b5ba6735f637a5c8b84c9d,True
results/tests/15/threshold__f100/detections.png,data/tests/detection/otsu/legacy_otsu_defaults__cfgbbaffb3e/frame_screening/video_15/frame_100/threshold__f100/detections.png,move_file,388278,1,be9b601751afbe363053f72278f21c4136c2e5302ea036f7ccbd673ca5aa498a,True
results/tests/15/threshold__f100/summary.json,data/tests/detection/otsu/legacy_otsu_defaults__cfgbbaffb3e/frame_screening/video_15/frame_100/threshold__f100/summary.json,move_file,5039,1,4deeb329c62a57fb526aed81fd6ac64bd4d135912bd2a9cb1dab4bffdb659175,True
results/tests/15/threshold__f100__close_iterations=0/00_input.png,data/tests/detection/_shared_inputs/video_15/frame_100.png,deduplicate_identical_input,367505,1,ec06550adf263e31c46ce6912cc7d3cfd30eba6cd1413d5ffbdb9accf46bf047,True
results/tests/15/threshold__f100__close_iterations=0/detections.csv,data/tests/detection/otsu/legacy_otsu_defaults__cfg4633c2bb/frame_screening/video_15/frame_100/threshold__f100__close_iterations_0/detections.csv,move_file,4927,1,e56d9e0f6acd530ed86d8036c42dfb1bc3965f092adf1b3eb3409d32afdeca71,True
results/tests/15/threshold__f100__close_iterations=0/detections.png,data/tests/detection/otsu/legacy_otsu_defaults__cfg4633c2bb/frame_screening/video_15/frame_100/threshold__f100__close_iterations_0/detections.png,move_file,388235,1,d27d96e6568866bc640d3959fb8c1b7bb9144ef714944bd9f1b616091322db8d,True
results/tests/15/threshold__f100__close_iterations=0/summary.json,data/tests/detection/otsu/legacy_otsu_defaults__cfg4633c2bb/frame_screening/video_15/frame_100/threshold__f100__close_iterations_0/summary.json,move_file,5275,1,315bae2d25304e58790690b5d1db33befe429a9bdfb0e31690174c790fc64831,True
results/tests/15/threshold__f100__close_iterations=0_threshold_value=200/00_input.png,data/tests/detection/_shared_inputs/video_15/frame_100.png,deduplicate_identical_input,367505,1,ec06550adf263e31c46ce6912cc7d3cfd30eba6cd1413d5ffbdb9accf46bf047,True
results/tests/15/threshold__f100__close_iterations=0_threshold_value=200/detections.csv,data/tests/detection/threshold/legacy_t200_c0__cfg1359249f/frame_screening/video_15/frame_100/threshold__f100__close_iterations_0_threshold_value_200/detections.csv,move_file,3650,1,b2c1092a0ca6ec83cf7e3d9201a72ff641d5cbfd1d3238c2c6eb83617fc0d939,True
results/tests/15/threshold__f100__close_iterations=0_threshold_value=200/detections.png,data/tests/detection/threshold/legacy_t200_c0__cfg1359249f/frame_screening/video_15/frame_100/threshold__f100__close_iterations_0_threshold_value_200/detections.png,move_file,387563,1,6ba90fc803f771def9dab206343e02ad683abb224030ca7e4b1c8236a09bc2a4,True
results/tests/15/threshold__f100__close_iterations=0_threshold_value=200/summary.json,data/tests/detection/threshold/legacy_t200_c0__cfg1359249f/frame_screening/video_15/frame_100/threshold__f100__close_iterations_0_threshold_value_200/summary.json,move_file,3224,1,eb70f078faa7b32574bb46a3d998c4e9e2de8bf0830187748735b87c67f45452,True
results/tests/15/threshold__f100__close_iterations=2_threshold_value=200/00_input.png,data/tests/detection/_shared_inputs/video_15/frame_100.png,deduplicate_identical_input,367505,1,ec06550adf263e31c46ce6912cc7d3cfd30eba6cd1413d5ffbdb9accf46bf047,True
results/tests/15/threshold__f100__close_iterations=2_threshold_value=200/detections.csv,data/tests/detection/threshold/legacy_t200_c2__cfg5d0522c8/frame_screening/video_15/frame_100/threshold__f100__close_iterations_2_threshold_value_200/detections.csv,move_file,3584,1,538e58e6956eddbd4606a8c563593206baa2fe9aa1b8229a4412317b93219b8f,True
results/tests/15/threshold__f100__close_iterations=2_threshold_value=200/detections.png,data/tests/detection/threshold/legacy_t200_c2__cfg5d0522c8/frame_screening/video_15/frame_100/threshold__f100__close_iterations_2_threshold_value_200/detections.png,move_file,387617,1,4c1cdac99cd945c42c1c0a0507d04dd8da64d3b570714b5e484b59a1e804c637,True
results/tests/15/threshold__f100__close_iterations=2_threshold_value=200/summary.json,data/tests/detection/threshold/legacy_t200_c2__cfg5d0522c8/frame_screening/video_15/frame_100/threshold__f100__close_iterations_2_threshold_value_200/summary.json,move_file,3145,1,95de2566a0ddab11d97f5351c6db42a23a0213d8596cda2b746e2b626ecd3693,True
results/tests/15/threshold__f100__morph_iterations=2/00_input.png,data/tests/detection/_shared_inputs/video_15/frame_100.png,deduplicate_identical_input,367505,1,ec06550adf263e31c46ce6912cc7d3cfd30eba6cd1413d5ffbdb9accf46bf047,True
results/tests/15/threshold__f100__morph_iterations=2/detections.csv,data/tests/detection/otsu/legacy_otsu_defaults__cfg76e32ed9/frame_screening/video_15/frame_100/threshold__f100__morph_iterations_2/detections.csv,move_file,3942,1,74cd53803ca1f2521f91b8abd9fb893777ce8757aa0364227944790b77e21db3,True
results/tests/15/threshold__f100__morph_iterations=2/detections.png,data/tests/detection/otsu/legacy_otsu_defaults__cfg76e32ed9/frame_screening/video_15/frame_100/threshold__f100__morph_iterations_2/detections.png,move_file,388194,1,785a6943d3628b7483cef633d2834c8d8cce26c32598d92848cc5fd763266d7e,True
results/tests/15/threshold__f100__morph_iterations=2/summary.json,data/tests/detection/otsu/legacy_otsu_defaults__cfg76e32ed9/frame_screening/video_15/frame_100/threshold__f100__morph_iterations_2/summary.json,move_file,3670,1,33eca7f492d0af72df3e58a054c2d8f9d093032431111a2293182e3bc2e978d0,True
results/tests/15/threshold__f100__morph_iterations=2_threshold_value=200/00_input.png,data/tests/detection/_shared_inputs/video_15/frame_100.png,deduplicate_identical_input,367505,1,ec06550adf263e31c46ce6912cc7d3cfd30eba6cd1413d5ffbdb9accf46bf047,True
results/tests/15/threshold__f100__morph_iterations=2_threshold_value=200/detections.csv,data/tests/detection/threshold/legacy_t200_o2__cfga13617b6/frame_screening/video_15/frame_100/threshold__f100__morph_iterations_2_threshold_value_200/detections.csv,move_file,2602,1,498f0f1525368a7700297baea9c95de7ef52421268d0ffce2f2c38d39e183ab2,True
results/tests/15/threshold__f100__morph_iterations=2_threshold_value=200/detections.png,data/tests/detection/threshold/legacy_t200_o2__cfga13617b6/frame_screening/video_15/frame_100/threshold__f100__morph_iterations_2_threshold_value_200/detections.png,move_file,388344,1,cf70fcf4d40f78c631dbfaa464603bdc28e919ded80f3ec2000da4906cbba5e5,True
results/tests/15/threshold__f100__morph_iterations=2_threshold_value=200/summary.json,data/tests/detection/threshold/legacy_t200_o2__cfga13617b6/frame_screening/video_15/frame_100/threshold__f100__morph_iterations_2_threshold_value_200/summary.json,move_file,1514,1,699f72741ce8992b3bfa846c8d788877519c02da5774eba725311f9f116b06f9,True
results/tests/15/threshold__f100__threshold_value=180/00_input.png,data/tests/detection/_shared_inputs/video_15/frame_100.png,deduplicate_identical_input,367505,1,ec06550adf263e31c46ce6912cc7d3cfd30eba6cd1413d5ffbdb9accf46bf047,True
results/tests/15/threshold__f100__threshold_value=180/detections.csv,data/tests/detection/threshold/legacy_t180__cfg1fd3f76e/frame_screening/video_15/frame_100/threshold__f100__threshold_value_180/detections.csv,move_file,3846,1,3214f10954b9f9e3c69b7c8f0e348d8ae21fdffca20655146e217667073c8049,True
results/tests/15/threshold__f100__threshold_value=180/detections.png,data/tests/detection/threshold/legacy_t180__cfg1fd3f76e/frame_screening/video_15/frame_100/threshold__f100__threshold_value_180/detections.png,move_file,387472,1,2418765502f51a3a7c2dcae3fc1854828c1a196a251e80ddad2c2f39c7981350,True
results/tests/15/threshold__f100__threshold_value=180/summary.json,data/tests/detection/threshold/legacy_t180__cfg1fd3f76e/frame_screening/video_15/frame_100/threshold__f100__threshold_value_180/summary.json,move_file,3536,1,e0741ff759c04526b32af4d6939cae2b4192f0f1b6df8869581c7c0d7552d13d,True
results/tests/15/threshold__f100__threshold_value=190/00_input.png,data/tests/detection/_shared_inputs/video_15/frame_100.png,deduplicate_identical_input,367505,1,ec06550adf263e31c46ce6912cc7d3cfd30eba6cd1413d5ffbdb9accf46bf047,True
results/tests/15/threshold__f100__threshold_value=190/detections.csv,data/tests/detection/threshold/legacy_t190__cfgfeeed012/frame_screening/video_15/frame_100/threshold__f100__threshold_value_190/detections.csv,move_file,3717,1,8ebaa6afc42674aeb97e53be69c103c9764b386122022c91bb72d8c9aa50f02f,True
results/tests/15/threshold__f100__threshold_value=190/detections.png,data/tests/detection/threshold/legacy_t190__cfgfeeed012/frame_screening/video_15/frame_100/threshold__f100__threshold_value_190/detections.png,move_file,387539,1,a82bfaaeb4e9f18d0b710dde77f052f9aa089765125827beb06d185caa0de4cc,True
results/tests/15/threshold__f100__threshold_value=190/summary.json,data/tests/detection/threshold/legacy_t190__cfgfeeed012/frame_screening/video_15/frame_100/threshold__f100__threshold_value_190/summary.json,move_file,3318,1,e054451bb15db6c6afb767cf9c4bb119cae9941e4b0fbc4adf6c8386950158f9,True
results/tests/15/threshold__f100__threshold_value=200/00_input.png,data/tests/detection/_shared_inputs/video_15/frame_100.png,deduplicate_identical_input,367505,1,ec06550adf263e31c46ce6912cc7d3cfd30eba6cd1413d5ffbdb9accf46bf047,True
results/tests/15/threshold__f100__threshold_value=200/detections.csv,data/tests/detection/threshold/legacy_t200__cfg1f8f28ac/frame_screening/video_15/frame_100/threshold__f100__threshold_value_200/detections.csv,move_file,3584,1,538e58e6956eddbd4606a8c563593206baa2fe9aa1b8229a4412317b93219b8f,True
results/tests/15/threshold__f100__threshold_value=200/detections.png,data/tests/detection/threshold/legacy_t200__cfg1f8f28ac/frame_screening/video_15/frame_100/threshold__f100__threshold_value_200/detections.png,move_file,387617,1,4c1cdac99cd945c42c1c0a0507d04dd8da64d3b570714b5e484b59a1e804c637,True
results/tests/15/threshold__f100__threshold_value=200/summary.json,data/tests/detection/threshold/legacy_t200__cfg1f8f28ac/frame_screening/video_15/frame_100/threshold__f100__threshold_value_200/summary.json,move_file,3098,1,f5f166fa18a118c868c7e3a386c85cab33ea87d4ffbdf4ad745531697a96b129,True
results/tests/15/threshold__f100__threshold_value=210/00_input.png,data/tests/detection/_shared_inputs/video_15/frame_100.png,deduplicate_identical_input,367505,1,ec06550adf263e31c46ce6912cc7d3cfd30eba6cd1413d5ffbdb9accf46bf047,True
results/tests/15/threshold__f100__threshold_value=210/detections.csv,data/tests/detection/threshold/legacy_t210__cfg4310fa76/frame_screening/video_15/frame_100/threshold__f100__threshold_value_210/detections.csv,move_file,3581,1,82c5d1983e17f441ab1aa0b9a0140dda2966cd7afdd51ee667418456444ebe60,True
results/tests/15/threshold__f100__threshold_value=210/detections.png,data/tests/detection/threshold/legacy_t210__cfg4310fa76/frame_screening/video_15/frame_100/threshold__f100__threshold_value_210/detections.png,move_file,387657,1,01dbca2f9d86ade266b1ae28caaae60bc13092d779f99b7a0920a2bf7d4225aa,True
results/tests/15/threshold__f100__threshold_value=210/summary.json,data/tests/detection/threshold/legacy_t210__cfg4310fa76/frame_screening/video_15/frame_100/threshold__f100__threshold_value_210/summary.json,move_file,3096,1,2543094a624adcc4c4aa3c1a0172282c650fc6335f43fad1148a6c39c3096e25,True
results/tests/15/threshold__f50/00_input.png,data/tests/detection/_shared_inputs/video_15/frame_50.png,move_file,365976,1,c118062a018855ada8557a57df6d051131463a856fd16b8d3ee623326989d2ca,True
results/tests/15/threshold__f50/detections.csv,data/tests/detection/otsu/legacy_otsu_defaults__cfgbbaffb3e/frame_screening/video_15/frame_50/threshold__f50/detections.csv,move_file,4666,1,5c0f448a37a5ffa702129d6fb3b8eff9f8865ae4834941d62189db1db9a64b2f,True
results/tests/15/threshold__f50/detections.png,data/tests/detection/otsu/legacy_otsu_defaults__cfgbbaffb3e/frame_screening/video_15/frame_50/threshold__f50/detections.png,move_file,387328,1,c2098a8e6d41db18ca54b3a42cc69525d84701b064ea1b91f04e28ab4143a8d4,True
results/tests/15/threshold__f50/summary.json,data/tests/detection/otsu/legacy_otsu_defaults__cfgbbaffb3e/frame_screening/video_15/frame_50/threshold__f50/summary.json,move_file,4928,1,8825bf70db463872e9f47230bc92a0f1cf005a7ec7141afc12ce7e74f459e0fe,True
results/tests/15/threshold__f50__close_iterations=0/00_input.png,data/tests/detection/_shared_inputs/video_15/frame_50.png,deduplicate_identical_input,365976,1,c118062a018855ada8557a57df6d051131463a856fd16b8d3ee623326989d2ca,True
results/tests/15/threshold__f50__close_iterations=0/detections.csv,data/tests/detection/otsu/legacy_otsu_defaults__cfg4633c2bb/frame_screening/video_15/frame_50/threshold__f50__close_iterations_0/detections.csv,move_file,5116,1,14871c9998eaa501eceecd2781944f3e7468fa3c9d4b92147842b59c258e91f1,True
results/tests/15/threshold__f50__close_iterations=0/detections.png,data/tests/detection/otsu/legacy_otsu_defaults__cfg4633c2bb/frame_screening/video_15/frame_50/threshold__f50__close_iterations_0/detections.png,move_file,387137,1,b1550fdd4fda39c8f6bd863475084fb2e464f18f296ec9a9854356f2c768af41,True
results/tests/15/threshold__f50__close_iterations=0/summary.json,data/tests/detection/otsu/legacy_otsu_defaults__cfg4633c2bb/frame_screening/video_15/frame_50/threshold__f50__close_iterations_0/summary.json,move_file,5709,1,7468b0fc789b4f0a3e454d566e468f5fc2d43500ecbb97c7c8ec0dbdb195d5f0,True
results/tests/15/threshold__f50__close_iterations=0_threshold_value=200/00_input.png,data/tests/detection/_shared_inputs/video_15/frame_50.png,deduplicate_identical_input,365976,1,c118062a018855ada8557a57df6d051131463a856fd16b8d3ee623326989d2ca,True
results/tests/15/threshold__f50__close_iterations=0_threshold_value=200/detections.csv,data/tests/detection/threshold/legacy_t200_c0__cfg1359249f/frame_screening/video_15/frame_50/threshold__f50__close_iterations_0_threshold_value_200/detections.csv,move_file,3406,1,474a86c4db0b60a154aeeff87b1a75e0fd9b515219853314ee732242f5b76c99,True
results/tests/15/threshold__f50__close_iterations=0_threshold_value=200/detections.png,data/tests/detection/threshold/legacy_t200_c0__cfg1359249f/frame_screening/video_15/frame_50/threshold__f50__close_iterations_0_threshold_value_200/detections.png,move_file,386654,1,546336e0c24e73fdf177c6ed78d5dfb41ac19db8736a5fa08a440c10ea505bfb,True
results/tests/15/threshold__f50__close_iterations=0_threshold_value=200/summary.json,data/tests/detection/threshold/legacy_t200_c0__cfg1359249f/frame_screening/video_15/frame_50/threshold__f50__close_iterations_0_threshold_value_200/summary.json,move_file,2894,1,4c6bd56ca70bbd881cfd6d7121c67a37996d94586a8766d0dd9a48fd5382525a,True
results/tests/15/threshold__f50__close_iterations=2_threshold_value=200/00_input.png,data/tests/detection/_shared_inputs/video_15/frame_50.png,deduplicate_identical_input,365976,1,c118062a018855ada8557a57df6d051131463a856fd16b8d3ee623326989d2ca,True
results/tests/15/threshold__f50__close_iterations=2_threshold_value=200/detections.csv,data/tests/detection/threshold/legacy_t200_c2__cfg5d0522c8/frame_screening/video_15/frame_50/threshold__f50__close_iterations_2_threshold_value_200/detections.csv,move_file,3406,1,474a86c4db0b60a154aeeff87b1a75e0fd9b515219853314ee732242f5b76c99,True
results/tests/15/threshold__f50__close_iterations=2_threshold_value=200/detections.png,data/tests/detection/threshold/legacy_t200_c2__cfg5d0522c8/frame_screening/video_15/frame_50/threshold__f50__close_iterations_2_threshold_value_200/detections.png,move_file,386654,1,546336e0c24e73fdf177c6ed78d5dfb41ac19db8736a5fa08a440c10ea505bfb,True
results/tests/15/threshold__f50__close_iterations=2_threshold_value=200/summary.json,data/tests/detection/threshold/legacy_t200_c2__cfg5d0522c8/frame_screening/video_15/frame_50/threshold__f50__close_iterations_2_threshold_value_200/summary.json,move_file,2926,1,ee1e43ca0c2085f8d41b46553b93dd1d89d3ee4908b874c4ae87fa304a4e9c72,True
results/tests/15/threshold__f50__morph_iterations=2/00_input.png,data/tests/detection/_shared_inputs/video_15/frame_50.png,deduplicate_identical_input,365976,1,c118062a018855ada8557a57df6d051131463a856fd16b8d3ee623326989d2ca,True
results/tests/15/threshold__f50__morph_iterations=2/detections.csv,data/tests/detection/otsu/legacy_otsu_defaults__cfg76e32ed9/frame_screening/video_15/frame_50/threshold__f50__morph_iterations_2/detections.csv,move_file,3950,1,71b1db5ae06e9a7a9adffe0caa3a78faabdcd662c7cb62d3db233fa2a4203dd3,True
results/tests/15/threshold__f50__morph_iterations=2/detections.png,data/tests/detection/otsu/legacy_otsu_defaults__cfg76e32ed9/frame_screening/video_15/frame_50/threshold__f50__morph_iterations_2/detections.png,move_file,387149,1,7e81abd1cd1369307ba58916e4a65b51d5a2885bcd4c81d94f5169ba64654f5b,True
results/tests/15/threshold__f50__morph_iterations=2/summary.json,data/tests/detection/otsu/legacy_otsu_defaults__cfg76e32ed9/frame_screening/video_15/frame_50/threshold__f50__morph_iterations_2/summary.json,move_file,3774,1,9c6d5bcca52296f9b35dfb38c8106cb69a8c1958a1aade960e3b5814a09a752f,True
results/tests/15/threshold__f50__morph_iterations=2_threshold_value=200/00_input.png,data/tests/detection/_shared_inputs/video_15/frame_50.png,deduplicate_identical_input,365976,1,c118062a018855ada8557a57df6d051131463a856fd16b8d3ee623326989d2ca,True
results/tests/15/threshold__f50__morph_iterations=2_threshold_value=200/detections.csv,data/tests/detection/threshold/legacy_t200_o2__cfga13617b6/frame_screening/video_15/frame_50/threshold__f50__morph_iterations_2_threshold_value_200/detections.csv,move_file,2506,1,8f2faea99dfa09fb060aed6a59dd9a7b08a3ed67bcbbc2c6a00bf43012897526,True
results/tests/15/threshold__f50__morph_iterations=2_threshold_value=200/detections.png,data/tests/detection/threshold/legacy_t200_o2__cfga13617b6/frame_screening/video_15/frame_50/threshold__f50__morph_iterations_2_threshold_value_200/detections.png,move_file,387303,1,9a998f318b33f856ee69b88c008c429951975eecc01ce6ea0b22ff154c09a197,True
results/tests/15/threshold__f50__morph_iterations=2_threshold_value=200/summary.json,data/tests/detection/threshold/legacy_t200_o2__cfga13617b6/frame_screening/video_15/frame_50/threshold__f50__morph_iterations_2_threshold_value_200/summary.json,move_file,1402,1,0ec4b83759f97c118a9c017aaed9c6a0bd428694860e0cf29ba40f24469c649f,True
results/tests/15/threshold__f50__threshold_value=180/00_input.png,data/tests/detection/_shared_inputs/video_15/frame_50.png,deduplicate_identical_input,365976,1,c118062a018855ada8557a57df6d051131463a856fd16b8d3ee623326989d2ca,True
results/tests/15/threshold__f50__threshold_value=180/detections.csv,data/tests/detection/threshold/legacy_t180__cfg1fd3f76e/frame_screening/video_15/frame_50/threshold__f50__threshold_value_180/detections.csv,move_file,3859,1,ef9e9224027cd33c0e9f77792fb7197d4f00f0d017921e728d394ff568ba1f9f,True
results/tests/15/threshold__f50__threshold_value=180/detections.png,data/tests/detection/threshold/legacy_t180__cfg1fd3f76e/frame_screening/video_15/frame_50/threshold__f50__threshold_value_180/detections.png,move_file,386409,1,e1348974b2ed6db9ae1c2fdc800fe3cba78e3ea570264ac274c271408219d0ce,True
results/tests/15/threshold__f50__threshold_value=180/summary.json,data/tests/detection/threshold/legacy_t180__cfg1fd3f76e/frame_screening/video_15/frame_50/threshold__f50__threshold_value_180/summary.json,move_file,3641,1,db0b1d542679a1c9340e96449b16a6ca94f6180f16aab1f8a5b4d52f4210ccb9,True
results/tests/15/threshold__f50__threshold_value=190/00_input.png,data/tests/detection/_shared_inputs/video_15/frame_50.png,deduplicate_identical_input,365976,1,c118062a018855ada8557a57df6d051131463a856fd16b8d3ee623326989d2ca,True
results/tests/15/threshold__f50__threshold_value=190/detections.csv,data/tests/detection/threshold/legacy_t190__cfgfeeed012/frame_screening/video_15/frame_50/threshold__f50__threshold_value_190/detections.csv,move_file,3667,1,31d6b55f138977c8aabba28ce0cf42c25886e38636667c10641b7fe182f6e59b,True
results/tests/15/threshold__f50__threshold_value=190/detections.png,data/tests/detection/threshold/legacy_t190__cfgfeeed012/frame_screening/video_15/frame_50/threshold__f50__threshold_value_190/detections.png,move_file,386541,1,fe21ad2905e1f5d27a5bd0b91d7d476bd8afd02f69c03d637b878c4cd941869f,True
results/tests/15/threshold__f50__threshold_value=190/summary.json,data/tests/detection/threshold/legacy_t190__cfgfeeed012/frame_screening/video_15/frame_50/threshold__f50__threshold_value_190/summary.json,move_file,3315,1,96deac7948950e2f532f15f103bd04a5359ad80566ca7d4b5442b8315bb278ec,True
results/tests/15/threshold__f50__threshold_value=200/00_input.png,data/tests/detection/_shared_inputs/video_15/frame_50.png,deduplicate_identical_input,365976,1,c118062a018855ada8557a57df6d051131463a856fd16b8d3ee623326989d2ca,True
results/tests/15/threshold__f50__threshold_value=200/detections.csv,data/tests/detection/threshold/legacy_t200__cfg1f8f28ac/frame_screening/video_15/frame_50/threshold__f50__threshold_value_200/detections.csv,move_file,3406,1,474a86c4db0b60a154aeeff87b1a75e0fd9b515219853314ee732242f5b76c99,True
results/tests/15/threshold__f50__threshold_value=200/detections.png,data/tests/detection/threshold/legacy_t200__cfg1f8f28ac/frame_screening/video_15/frame_50/threshold__f50__threshold_value_200/detections.png,move_file,386654,1,546336e0c24e73fdf177c6ed78d5dfb41ac19db8736a5fa08a440c10ea505bfb,True
results/tests/15/threshold__f50__threshold_value=200/summary.json,data/tests/detection/threshold/legacy_t200__cfg1f8f28ac/frame_screening/video_15/frame_50/threshold__f50__threshold_value_200/summary.json,move_file,2879,1,eb90a48af886f84603a0c463b54d7b7281a76c77f81b09be73c63b884235c5be,True
results/tests/15/threshold__f50__threshold_value=210/00_input.png,data/tests/detection/_shared_inputs/video_15/frame_50.png,deduplicate_identical_input,365976,1,c118062a018855ada8557a57df6d051131463a856fd16b8d3ee623326989d2ca,True
results/tests/15/threshold__f50__threshold_value=210/detections.csv,data/tests/detection/threshold/legacy_t210__cfg4310fa76/frame_screening/video_15/frame_50/threshold__f50__threshold_value_210/detections.csv,move_file,3276,1,d7f3c6950ae279515aa053787a23117d6a8c4134b194eacf69c41ed7c411d06e,True
results/tests/15/threshold__f50__threshold_value=210/detections.png,data/tests/detection/threshold/legacy_t210__cfg4310fa76/frame_screening/video_15/frame_50/threshold__f50__threshold_value_210/detections.png,move_file,386887,1,5ea7a6985db86e97f90325b5603a450971832e838221aa44d158c78bb2f466f6,True
results/tests/15/threshold__f50__threshold_value=210/summary.json,data/tests/detection/threshold/legacy_t210__cfg4310fa76/frame_screening/video_15/frame_50/threshold__f50__threshold_value_210/summary.json,move_file,2661,1,f74a799e4dddfbd60fbc1e19f0a55532f8aeb782899b124a912e59f9ef32c7ac,True
results/tests/19/threshold__f0/00_input.png,data/tests/detection/_shared_inputs/video_19/frame_0.png,move_file,454083,1,0d210e46fbb94905b29c43f90307c00b2285155cda6e722ecef90e102f62f407,True
results/tests/19/threshold__f0/detections.csv,data/tests/detection/otsu/legacy_otsu_defaults__cfgbbaffb3e/frame_screening/video_19/frame_0/threshold__f0/detections.csv,move_file,7965,1,3ff4bc12cf9e927fb04f245ecf430eac1d1ab487bbef8c6918b65560a691d533,True
results/tests/19/threshold__f0/detections.png,data/tests/detection/otsu/legacy_otsu_defaults__cfgbbaffb3e/frame_screening/video_19/frame_0/threshold__f0/detections.png,move_file,478456,1,d05bddec1753aa9bc2c23c338a108bd1525f875b880f52b5f510ccdd33ede56d,True
results/tests/19/threshold__f0/summary.json,data/tests/detection/otsu/legacy_otsu_defaults__cfgbbaffb3e/frame_screening/video_19/frame_0/threshold__f0/summary.json,move_file,10719,1,a76b3d63ccaf445c7a6ecccb500e7634737acb7afe454db1521129564094c219,True
results/tests/19/threshold__f0__close_iterations=0/00_input.png,data/tests/detection/_shared_inputs/video_19/frame_0.png,deduplicate_identical_input,454083,1,0d210e46fbb94905b29c43f90307c00b2285155cda6e722ecef90e102f62f407,True
results/tests/19/threshold__f0__close_iterations=0/detections.csv,data/tests/detection/otsu/legacy_otsu_defaults__cfg4633c2bb/frame_screening/video_19/frame_0/threshold__f0__close_iterations_0/detections.csv,move_file,8920,1,8d767141fde2bbda17c16a3c8addbfd7a036dc3d5468e7e5c0fdb569c663d707,True
results/tests/19/threshold__f0__close_iterations=0/detections.png,data/tests/detection/otsu/legacy_otsu_defaults__cfg4633c2bb/frame_screening/video_19/frame_0/threshold__f0__close_iterations_0/detections.png,move_file,478176,1,d734ef3d994fbb2e3f1dab0785ca6d404ec0157ca45f24cf4d30828aa338d6c7,True
results/tests/19/threshold__f0__close_iterations=0/summary.json,data/tests/detection/otsu/legacy_otsu_defaults__cfg4633c2bb/frame_screening/video_19/frame_0/threshold__f0__close_iterations_0/summary.json,move_file,12370,1,5393a21eea2e95afa2a5063c76c972bf5664576ae09c8e6159327a455aa5527a,True
results/tests/19/threshold__f0__close_iterations=0_threshold_value=200/00_input.png,data/tests/detection/_shared_inputs/video_19/frame_0.png,deduplicate_identical_input,454083,1,0d210e46fbb94905b29c43f90307c00b2285155cda6e722ecef90e102f62f407,True
results/tests/19/threshold__f0__close_iterations=0_threshold_value=200/detections.csv,data/tests/detection/threshold/legacy_t200_c0__cfg1359249f/frame_screening/video_19/frame_0/threshold__f0__close_iterations_0_threshold_value_200/detections.csv,move_file,4424,1,9f3161adede36b9e9350fbeb484baaea82f519f7b50ee22692dfc418888d38a0,True
results/tests/19/threshold__f0__close_iterations=0_threshold_value=200/detections.png,data/tests/detection/threshold/legacy_t200_c0__cfg1359249f/frame_screening/video_19/frame_0/threshold__f0__close_iterations_0_threshold_value_200/detections.png,move_file,474992,1,bd650e28554cb7dfd96da287e5a03910260d5c38ed05d174e0f62e29c6982062,True
results/tests/19/threshold__f0__close_iterations=0_threshold_value=200/summary.json,data/tests/detection/threshold/legacy_t200_c0__cfg1359249f/frame_screening/video_19/frame_0/threshold__f0__close_iterations_0_threshold_value_200/summary.json,move_file,4742,1,d624b30cfee744b1b1c1bd0c5e8dfa8b4651a551c097269f54e2508089b7ef9d,True
results/tests/19/threshold__f0__close_iterations=2_threshold_value=200/00_input.png,data/tests/detection/_shared_inputs/video_19/frame_0.png,deduplicate_identical_input,454083,1,0d210e46fbb94905b29c43f90307c00b2285155cda6e722ecef90e102f62f407,True
results/tests/19/threshold__f0__close_iterations=2_threshold_value=200/detections.csv,data/tests/detection/threshold/legacy_t200_c2__cfg5d0522c8/frame_screening/video_19/frame_0/threshold__f0__close_iterations_2_threshold_value_200/detections.csv,move_file,4108,1,7685a02ad2005a87b0dc5cae90f14322b1c6773c62e1b87bd2936dc75423b05b,True
results/tests/19/threshold__f0__close_iterations=2_threshold_value=200/detections.png,data/tests/detection/threshold/legacy_t200_c2__cfg5d0522c8/frame_screening/video_19/frame_0/threshold__f0__close_iterations_2_threshold_value_200/detections.png,move_file,475528,1,bfc232bdc437b6e4b76d67b1cdebeac80aaff18ef338f9f8a58cefd1e1eb505f,True
results/tests/19/threshold__f0__close_iterations=2_threshold_value=200/summary.json,data/tests/detection/threshold/legacy_t200_c2__cfg5d0522c8/frame_screening/video_19/frame_0/threshold__f0__close_iterations_2_threshold_value_200/summary.json,move_file,4230,1,6fe9f2ed88e126b788696c6d86ba4540444b76f97733e56541a5b342cbfa6800,True
results/tests/19/threshold__f0__morph_iterations=2/00_input.png,data/tests/detection/_shared_inputs/video_19/frame_0.png,deduplicate_identical_input,454083,1,0d210e46fbb94905b29c43f90307c00b2285155cda6e722ecef90e102f62f407,True
results/tests/19/threshold__f0__morph_iterations=2/detections.csv,data/tests/detection/otsu/legacy_otsu_defaults__cfg76e32ed9/frame_screening/video_19/frame_0/threshold__f0__morph_iterations_2/detections.csv,move_file,6969,1,7b529833fd0f7c3c8d82cac2c77a6fee32ff88cb595a86ad8d4721935764fd63,True
results/tests/19/threshold__f0__morph_iterations=2/detections.png,data/tests/detection/otsu/legacy_otsu_defaults__cfg76e32ed9/frame_screening/video_19/frame_0/threshold__f0__morph_iterations_2/detections.png,move_file,478064,1,dd273f675e43fadf2fd5d0edb87b4913e12e2eec20ce5bee4d1f8cbae338ab2a,True
results/tests/19/threshold__f0__morph_iterations=2/summary.json,data/tests/detection/otsu/legacy_otsu_defaults__cfg76e32ed9/frame_screening/video_19/frame_0/threshold__f0__morph_iterations_2/summary.json,move_file,9039,1,8baced6c1fd3f0a412d014fcec4de4939d37a1578e413f8d761c0e8963593814,True
results/tests/19/threshold__f0__morph_iterations=2_threshold_value=200/00_input.png,data/tests/detection/_shared_inputs/video_19/frame_0.png,deduplicate_identical_input,454083,1,0d210e46fbb94905b29c43f90307c00b2285155cda6e722ecef90e102f62f407,True
results/tests/19/threshold__f0__morph_iterations=2_threshold_value=200/detections.csv,data/tests/detection/threshold/legacy_t200_o2__cfga13617b6/frame_screening/video_19/frame_0/threshold__f0__morph_iterations_2_threshold_value_200/detections.csv,move_file,2781,1,93ce1194505ea51eb8af4aa19dd9742360c86ebcfa798a95767f99f33823f479,True
results/tests/19/threshold__f0__morph_iterations=2_threshold_value=200/detections.png,data/tests/detection/threshold/legacy_t200_o2__cfga13617b6/frame_screening/video_19/frame_0/threshold__f0__morph_iterations_2_threshold_value_200/detections.png,move_file,476372,1,2d9fd1a1a011d430a5f051a893bb590b917eb4fcdfc203d4d32f346acb4b620e,True
results/tests/19/threshold__f0__morph_iterations=2_threshold_value=200/summary.json,data/tests/detection/threshold/legacy_t200_o2__cfga13617b6/frame_screening/video_19/frame_0/threshold__f0__morph_iterations_2_threshold_value_200/summary.json,move_file,1949,1,fcf7758a185d639ed5bd5608a9d10563b2bf37a9141b5881989d09cfdfb44ff6,True
results/tests/19/threshold__f0__threshold_value=180/00_input.png,data/tests/detection/_shared_inputs/video_19/frame_0.png,deduplicate_identical_input,454083,1,0d210e46fbb94905b29c43f90307c00b2285155cda6e722ecef90e102f62f407,True
results/tests/19/threshold__f0__threshold_value=180/detections.csv,data/tests/detection/threshold/legacy_t180__cfg1fd3f76e/frame_screening/video_19/frame_0/threshold__f0__threshold_value_180/detections.csv,move_file,4810,1,ef22bcf91cbc124709dcab8708b58df5514e5791683c37badd85d5af63ac2f46,True
results/tests/19/threshold__f0__threshold_value=180/detections.png,data/tests/detection/threshold/legacy_t180__cfg1fd3f76e/frame_screening/video_19/frame_0/threshold__f0__threshold_value_180/detections.png,move_file,475173,1,ad3057fe729967e200fca30eb89abba0ff1d9e6af65f5b59ac8331a931a3fda4,True
results/tests/19/threshold__f0__threshold_value=180/summary.json,data/tests/detection/threshold/legacy_t180__cfg1fd3f76e/frame_screening/video_19/frame_0/threshold__f0__threshold_value_180/summary.json,move_file,5385,1,f4f4a383f309c40906983755f071732cefdf3eb14bd98b9c9588c18ad4e3aba4,True
results/tests/19/threshold__f0__threshold_value=190/00_input.png,data/tests/detection/_shared_inputs/video_19/frame_0.png,deduplicate_identical_input,454083,1,0d210e46fbb94905b29c43f90307c00b2285155cda6e722ecef90e102f62f407,True
results/tests/19/threshold__f0__threshold_value=190/detections.csv,data/tests/detection/threshold/legacy_t190__cfgfeeed012/frame_screening/video_19/frame_0/threshold__f0__threshold_value_190/detections.csv,move_file,4303,1,ca71a00ff735d830bae3d58054e557f4c064c87dcbf4bac12555cfcdf6c9ef67,True
results/tests/19/threshold__f0__threshold_value=190/detections.png,data/tests/detection/threshold/legacy_t190__cfgfeeed012/frame_screening/video_19/frame_0/threshold__f0__threshold_value_190/detections.png,move_file,475530,1,eb2511045ecff5beea23a8802ed9867786f028ec7b67b470290704af49f33251,True
results/tests/19/threshold__f0__threshold_value=190/summary.json,data/tests/detection/threshold/legacy_t190__cfgfeeed012/frame_screening/video_19/frame_0/threshold__f0__threshold_value_190/summary.json,move_file,4513,1,b66dead0e99e7e1ed842111e075740c8c07893193dd873a009cb58b2109a3719,True
results/tests/19/threshold__f0__threshold_value=200/00_input.png,data/tests/detection/_shared_inputs/video_19/frame_0.png,deduplicate_identical_input,454083,1,0d210e46fbb94905b29c43f90307c00b2285155cda6e722ecef90e102f62f407,True
results/tests/19/threshold__f0__threshold_value=200/detections.csv,data/tests/detection/threshold/legacy_t200__cfg1f8f28ac/frame_screening/video_19/frame_0/threshold__f0__threshold_value_200/detections.csv,move_file,4361,1,33bb80a34c586dae97b93aa1720a7e41db3971097123fae9320f618a6a080eea,True
results/tests/19/threshold__f0__threshold_value=200/detections.png,data/tests/detection/threshold/legacy_t200__cfg1f8f28ac/frame_screening/video_19/frame_0/threshold__f0__threshold_value_200/detections.png,move_file,475087,1,1e5472e5f43b56fd3fa0533b9502e18cb9725a5778af63ea563a6db1ff35c333,True
results/tests/19/threshold__f0__threshold_value=200/summary.json,data/tests/detection/threshold/legacy_t200__cfg1f8f28ac/frame_screening/video_19/frame_0/threshold__f0__threshold_value_200/summary.json,move_file,4618,1,9a95a8892c14367d5c6c049820a73c0f59990aeccc6118418b8f79f3d6fd9a25,True
results/tests/19/threshold__f0__threshold_value=210/00_input.png,data/tests/detection/_shared_inputs/video_19/frame_0.png,deduplicate_identical_input,454083,1,0d210e46fbb94905b29c43f90307c00b2285155cda6e722ecef90e102f62f407,True
results/tests/19/threshold__f0__threshold_value=210/detections.csv,data/tests/detection/threshold/legacy_t210__cfg4310fa76/frame_screening/video_19/frame_0/threshold__f0__threshold_value_210/detections.csv,move_file,3794,1,4cf402341ce6899110d1790c7b30327ee019e3b0598c48f2c70136f5bbe9de57,True
results/tests/19/threshold__f0__threshold_value=210/detections.png,data/tests/detection/threshold/legacy_t210__cfg4310fa76/frame_screening/video_19/frame_0/threshold__f0__threshold_value_210/detections.png,move_file,475759,1,3e9c751ef87eb28cac9bec47ab84c75d986eb0fc3155c21a44eb1acc59599495,True
results/tests/19/threshold__f0__threshold_value=210/summary.json,data/tests/detection/threshold/legacy_t210__cfg4310fa76/frame_screening/video_19/frame_0/threshold__f0__threshold_value_210/summary.json,move_file,3640,1,2c9cc15f4cb13a0b3e2981e1db8f3e390dd28e5a31c5caadd876775c47604bc0,True
results/tests/19/threshold__f100/00_input.png,data/tests/detection/_shared_inputs/video_19/frame_100.png,move_file,412281,1,f49177f494047f23268cc9e8939d26223039112f227be8ae7a4b3677e2a7a850,True
results/tests/19/threshold__f100/detections.csv,data/tests/detection/otsu/legacy_otsu_defaults__cfgbbaffb3e/frame_screening/video_19/frame_100/threshold__f100/detections.csv,move_file,7762,1,ea05f149a20a3f4ed5d4d28bfba8110960f038df8a2731251f576d5d3cdca751,True
results/tests/19/threshold__f100/detections.png,data/tests/detection/otsu/legacy_otsu_defaults__cfgbbaffb3e/frame_screening/video_19/frame_100/threshold__f100/detections.png,move_file,435230,1,6c25df8e351ef07087237aedad8b75ffba4932fde1d8c7732855028f7911c6c8,True
results/tests/19/threshold__f100/summary.json,data/tests/detection/otsu/legacy_otsu_defaults__cfgbbaffb3e/frame_screening/video_19/frame_100/threshold__f100/summary.json,move_file,10065,1,67030d4cff849f99d553a0e8c3fa4601f30ed8f3486531adbebb1f2d76ad53e6,True
results/tests/19/threshold__f100__close_iterations=0/00_input.png,data/tests/detection/_shared_inputs/video_19/frame_100.png,deduplicate_identical_input,412281,1,f49177f494047f23268cc9e8939d26223039112f227be8ae7a4b3677e2a7a850,True
results/tests/19/threshold__f100__close_iterations=0/detections.csv,data/tests/detection/otsu/legacy_otsu_defaults__cfg4633c2bb/frame_screening/video_19/frame_100/threshold__f100__close_iterations_0/detections.csv,move_file,8610,1,b9eb97847490445dd57302c94839479dc04be00dcfff1f80dd7188a451dd7d5b,True
results/tests/19/threshold__f100__close_iterations=0/detections.png,data/tests/detection/otsu/legacy_otsu_defaults__cfg4633c2bb/frame_screening/video_19/frame_100/threshold__f100__close_iterations_0/detections.png,move_file,434977,1,3acb7b62edef45f4d62199609c7f07b85dabc679ca48b4ef85c740ce400498d3,True
results/tests/19/threshold__f100__close_iterations=0/summary.json,data/tests/detection/otsu/legacy_otsu_defaults__cfg4633c2bb/frame_screening/video_19/frame_100/threshold__f100__close_iterations_0/summary.json,move_file,11498,1,3424518bc3303c816d96bd4f3c0ab07035d5eeaed623dcea2ab09d63a3ab4b18,True
results/tests/19/threshold__f100__close_iterations=0_threshold_value=200/00_input.png,data/tests/detection/_shared_inputs/video_19/frame_100.png,deduplicate_identical_input,412281,1,f49177f494047f23268cc9e8939d26223039112f227be8ae7a4b3677e2a7a850,True
results/tests/19/threshold__f100__close_iterations=0_threshold_value=200/detections.csv,data/tests/detection/threshold/legacy_t200_c0__cfg1359249f/frame_screening/video_19/frame_100/threshold__f100__close_iterations_0_threshold_value_200/detections.csv,move_file,4377,1,763d6aabc8a5225fe04dba79997193911f6f24cde443a5bc9e62f25d7df66b98,True
results/tests/19/threshold__f100__close_iterations=0_threshold_value=200/detections.png,data/tests/detection/threshold/legacy_t200_c0__cfg1359249f/frame_screening/video_19/frame_100/threshold__f100__close_iterations_0_threshold_value_200/detections.png,move_file,432604,1,23707c8d75abdb4e9e32100fa97709032f8411ab8c2c8c02ff746de2f92e19a0,True
results/tests/19/threshold__f100__close_iterations=0_threshold_value=200/summary.json,data/tests/detection/threshold/legacy_t200_c0__cfg1359249f/frame_screening/video_19/frame_100/threshold__f100__close_iterations_0_threshold_value_200/summary.json,move_file,4527,1,c42803fb4bcb6097d453d5cc0e3fb32fcc967b81285238a2996d74ad77639909,True
results/tests/19/threshold__f100__close_iterations=2_threshold_value=200/00_input.png,data/tests/detection/_shared_inputs/video_19/frame_100.png,deduplicate_identical_input,412281,1,f49177f494047f23268cc9e8939d26223039112f227be8ae7a4b3677e2a7a850,True
results/tests/19/threshold__f100__close_iterations=2_threshold_value=200/detections.csv,data/tests/detection/threshold/legacy_t200_c2__cfg5d0522c8/frame_screening/video_19/frame_100/threshold__f100__close_iterations_2_threshold_value_200/detections.csv,move_file,4053,1,b4c7494587b46c67a66a77862dfbfaec35a4d1ab987c3b12826466833741b69e,True
results/tests/19/threshold__f100__close_iterations=2_threshold_value=200/detections.png,data/tests/detection/threshold/legacy_t200_c2__cfg5d0522c8/frame_screening/video_19/frame_100/threshold__f100__close_iterations_2_threshold_value_200/detections.png,move_file,432730,1,0c96ca1a8a7ccb058e8b6a5ede5ca7bceed86062473a3ba2732174104103c392,True
results/tests/19/threshold__f100__close_iterations=2_threshold_value=200/summary.json,data/tests/detection/threshold/legacy_t200_c2__cfg5d0522c8/frame_screening/video_19/frame_100/threshold__f100__close_iterations_2_threshold_value_200/summary.json,move_file,4017,1,596cd1df2ceb1b76b11802a1c97e359c98b1105ba24ef6982870d398a0022137,True
results/tests/19/threshold__f100__morph_iterations=2/00_input.png,data/tests/detection/_shared_inputs/video_19/frame_100.png,deduplicate_identical_input,412281,1,f49177f494047f23268cc9e8939d26223039112f227be8ae7a4b3677e2a7a850,True
results/tests/19/threshold__f100__morph_iterations=2/detections.csv,data/tests/detection/otsu/legacy_otsu_defaults__cfg76e32ed9/frame_screening/video_19/frame_100/threshold__f100__morph_iterations_2/detections.csv,move_file,6973,1,b081894c2a69fd23559049cd0b8a8d04750058f9677d61d9325e05abed506d4e,True
results/tests/19/threshold__f100__morph_iterations=2/detections.png,data/tests/detection/otsu/legacy_otsu_defaults__cfg76e32ed9/frame_screening/video_19/frame_100/threshold__f100__morph_iterations_2/detections.png,move_file,433998,1,0706bbbbaadbd20ade5e490af83abcff7a4fb1d31aaf4995da480d3ee20a0abc,True
results/tests/19/threshold__f100__morph_iterations=2/summary.json,data/tests/detection/otsu/legacy_otsu_defaults__cfg76e32ed9/frame_screening/video_19/frame_100/threshold__f100__morph_iterations_2/summary.json,move_file,8806,1,894253ab23046696ed5d3e5efe0cbc3cc4babc884ddfa70e79c9e3fdbd40e99f,True
results/tests/19/threshold__f100__morph_iterations=2_threshold_value=200/00_input.png,data/tests/detection/_shared_inputs/video_19/frame_100.png,deduplicate_identical_input,412281,1,f49177f494047f23268cc9e8939d26223039112f227be8ae7a4b3677e2a7a850,True
results/tests/19/threshold__f100__morph_iterations=2_threshold_value=200/detections.csv,data/tests/detection/threshold/legacy_t200_o2__cfga13617b6/frame_screening/video_19/frame_100/threshold__f100__morph_iterations_2_threshold_value_200/detections.csv,move_file,2683,1,495e02baf28ced34b1d2b8b68e460f2d4c1dfd379e3c762a67c20fe8a172e5fd,True
results/tests/19/threshold__f100__morph_iterations=2_threshold_value=200/detections.png,data/tests/detection/threshold/legacy_t200_o2__cfga13617b6/frame_screening/video_19/frame_100/threshold__f100__morph_iterations_2_threshold_value_200/detections.png,move_file,433795,1,68b4ee57fb40e8d481eab5316c1e755db30be530724c8bf737b978b0f91f3eae,True
results/tests/19/threshold__f100__morph_iterations=2_threshold_value=200/summary.json,data/tests/detection/threshold/legacy_t200_o2__cfga13617b6/frame_screening/video_19/frame_100/threshold__f100__morph_iterations_2_threshold_value_200/summary.json,move_file,1736,1,4bb23466bc3ee57b516a13cf605864af43d0646bbefb7f6fa7a78b02847ed06d,True
results/tests/19/threshold__f100__threshold_value=180/00_input.png,data/tests/detection/_shared_inputs/video_19/frame_100.png,deduplicate_identical_input,412281,1,f49177f494047f23268cc9e8939d26223039112f227be8ae7a4b3677e2a7a850,True
results/tests/19/threshold__f100__threshold_value=180/detections.csv,data/tests/detection/threshold/legacy_t180__cfg1fd3f76e/frame_screening/video_19/frame_100/threshold__f100__threshold_value_180/detections.csv,move_file,4646,1,894ef6b53b61c6af6c79c461de9a8df7e3f97d5be134438d703ee6e37907a48d,True
results/tests/19/threshold__f100__threshold_value=180/detections.png,data/tests/detection/threshold/legacy_t180__cfg1fd3f76e/frame_screening/video_19/frame_100/threshold__f100__threshold_value_180/detections.png,move_file,432700,1,ddb357060f5d04921fceb7bfcb73e5afccf0d6b5ebb182ac0404b04459a55354,True
results/tests/19/threshold__f100__threshold_value=180/summary.json,data/tests/detection/threshold/legacy_t180__cfg1fd3f76e/frame_screening/video_19/frame_100/threshold__f100__threshold_value_180/summary.json,move_file,4955,1,43a4bae2f620d2e2b89da9141f502660f3804b5aea4a47e1e3d65ec612f5da8e,True
results/tests/19/threshold__f100__threshold_value=190/00_input.png,data/tests/detection/_shared_inputs/video_19/frame_100.png,deduplicate_identical_input,412281,1,f49177f494047f23268cc9e8939d26223039112f227be8ae7a4b3677e2a7a850,True
results/tests/19/threshold__f100__threshold_value=190/detections.csv,data/tests/detection/threshold/legacy_t190__cfgfeeed012/frame_screening/video_19/frame_100/threshold__f100__threshold_value_190/detections.csv,move_file,4382,1,ea2e978be5c880aa6d553c739c594173e7496b3d2e998567da6442f2514e6c12,True
results/tests/19/threshold__f100__threshold_value=190/detections.png,data/tests/detection/threshold/legacy_t190__cfgfeeed012/frame_screening/video_19/frame_100/threshold__f100__threshold_value_190/detections.png,move_file,432764,1,1250c39cda70ff8fc2c308dda97b8e8cf2b08d2fb22354fb3efc504f34384fb8,True
results/tests/19/threshold__f100__threshold_value=190/summary.json,data/tests/detection/threshold/legacy_t190__cfgfeeed012/frame_screening/video_19/frame_100/threshold__f100__threshold_value_190/summary.json,move_file,4518,1,d2852139bf8814096c708723fb11fa502a5ac3741539854bcaa02e9f5588a0f2,True
results/tests/19/threshold__f100__threshold_value=200/00_input.png,data/tests/detection/_shared_inputs/video_19/frame_100.png,deduplicate_identical_input,412281,1,f49177f494047f23268cc9e8939d26223039112f227be8ae7a4b3677e2a7a850,True
results/tests/19/threshold__f100__threshold_value=200/detections.csv,data/tests/detection/threshold/legacy_t200__cfg1f8f28ac/frame_screening/video_19/frame_100/threshold__f100__threshold_value_200/detections.csv,move_file,4248,1,6ff91507877e2c732bc2ca520d4b1759ac2af6365c66209a05a5983a2acd8e4e,True
results/tests/19/threshold__f100__threshold_value=200/detections.png,data/tests/detection/threshold/legacy_t200__cfg1f8f28ac/frame_screening/video_19/frame_100/threshold__f100__threshold_value_200/detections.png,move_file,432633,1,3a4b88c5a59d4ec9be487e7dfaefed0a48ec7c5084bfe5037e512dd0095b1fe8,True
results/tests/19/threshold__f100__threshold_value=200/summary.json,data/tests/detection/threshold/legacy_t200__cfg1f8f28ac/frame_screening/video_19/frame_100/threshold__f100__threshold_value_200/summary.json,move_file,4296,1,66c08f2c10ba4c8bfbff24ff04e1f5781f87352602f277723caa83e142fa6c52,True
results/tests/19/threshold__f100__threshold_value=210/00_input.png,data/tests/detection/_shared_inputs/video_19/frame_100.png,deduplicate_identical_input,412281,1,f49177f494047f23268cc9e8939d26223039112f227be8ae7a4b3677e2a7a850,True
results/tests/19/threshold__f100__threshold_value=210/detections.csv,data/tests/detection/threshold/legacy_t210__cfg4310fa76/frame_screening/video_19/frame_100/threshold__f100__threshold_value_210/detections.csv,move_file,3857,1,63dc409a1e46260123abf9406767c0af21695f5509853ad0f0818244a9d98d83,True
results/tests/19/threshold__f100__threshold_value=210/detections.png,data/tests/detection/threshold/legacy_t210__cfg4310fa76/frame_screening/video_19/frame_100/threshold__f100__threshold_value_210/detections.png,move_file,432898,1,feddcbfbd6da530ce8b26c1bacb51cfe0072275a71e67f8d215afbe8c15c334d,True
results/tests/19/threshold__f100__threshold_value=210/summary.json,data/tests/detection/threshold/legacy_t210__cfg4310fa76/frame_screening/video_19/frame_100/threshold__f100__threshold_value_210/summary.json,move_file,3643,1,c94d75f1361c619a353cca6ed3a6bb9b66c3e1b9bafc37e0bbaf33763ed410f1,True
results/tests/19/threshold__f50/00_input.png,data/tests/detection/_shared_inputs/video_19/frame_50.png,move_file,403180,1,dc84fc1e1bf2580a09f564021d765c5f0c145bbef616ced4693c2884cacea0df,True
results/tests/19/threshold__f50/detections.csv,data/tests/detection/otsu/legacy_otsu_defaults__cfgbbaffb3e/frame_screening/video_19/frame_50/threshold__f50/detections.csv,move_file,7709,1,2a9a90e39b58c150a4b1f0d5ab7c6a21f71b7da6305432ed555ee9a6e9347f62,True
results/tests/19/threshold__f50/detections.png,data/tests/detection/otsu/legacy_otsu_defaults__cfgbbaffb3e/frame_screening/video_19/frame_50/threshold__f50/detections.png,move_file,425867,1,a5e9ee41535831594cab2ae3ec46844cce4a00f2a14659af5a2d726a11fdf57f,True
results/tests/19/threshold__f50/summary.json,data/tests/detection/otsu/legacy_otsu_defaults__cfgbbaffb3e/frame_screening/video_19/frame_50/threshold__f50/summary.json,move_file,10159,1,b0bafdfe71fe0d90293138eb531f17290ad17cb89447a430588996d9d6713d45,True
results/tests/19/threshold__f50__close_iterations=0/00_input.png,data/tests/detection/_shared_inputs/video_19/frame_50.png,deduplicate_identical_input,403180,1,dc84fc1e1bf2580a09f564021d765c5f0c145bbef616ced4693c2884cacea0df,True
results/tests/19/threshold__f50__close_iterations=0/detections.csv,data/tests/detection/otsu/legacy_otsu_defaults__cfg4633c2bb/frame_screening/video_19/frame_50/threshold__f50__close_iterations_0/detections.csv,move_file,8608,1,dee1aeb9c6159a045c20925f1a214f56d5b74ebb1533305d42f5187a95b8ed1f,True
results/tests/19/threshold__f50__close_iterations=0/detections.png,data/tests/detection/otsu/legacy_otsu_defaults__cfg4633c2bb/frame_screening/video_19/frame_50/threshold__f50__close_iterations_0/detections.png,move_file,425324,1,104cec2a53d7acc661e16f16071d428f39361338a2ea7f87cce6b393b9d976ef,True
results/tests/19/threshold__f50__close_iterations=0/summary.json,data/tests/detection/otsu/legacy_otsu_defaults__cfg4633c2bb/frame_screening/video_19/frame_50/threshold__f50__close_iterations_0/summary.json,move_file,11705,1,a88d00c181f45b4402710e092b8d1f828477d751882e84b8f3b524449e545f51,True
results/tests/19/threshold__f50__close_iterations=0_threshold_value=200/00_input.png,data/tests/detection/_shared_inputs/video_19/frame_50.png,deduplicate_identical_input,403180,1,dc84fc1e1bf2580a09f564021d765c5f0c145bbef616ced4693c2884cacea0df,True
results/tests/19/threshold__f50__close_iterations=0_threshold_value=200/detections.csv,data/tests/detection/threshold/legacy_t200_c0__cfg1359249f/frame_screening/video_19/frame_50/threshold__f50__close_iterations_0_threshold_value_200/detections.csv,move_file,4190,1,b88286d477b34053721adcfe4ea88e80f70ebed02a3e899e7233648e96ba8c79,True
results/tests/19/threshold__f50__close_iterations=0_threshold_value=200/detections.png,data/tests/detection/threshold/legacy_t200_c0__cfg1359249f/frame_screening/video_19/frame_50/threshold__f50__close_iterations_0_threshold_value_200/detections.png,move_file,423191,1,c6f022bd02b7d5580d45c61e3cae1038be400f73f6617a48b2b1436928ef3b07,True
results/tests/19/threshold__f50__close_iterations=0_threshold_value=200/summary.json,data/tests/detection/threshold/legacy_t200_c0__cfg1359249f/frame_screening/video_19/frame_50/threshold__f50__close_iterations_0_threshold_value_200/summary.json,move_file,4306,1,c4a9dc2c5d346c55c4fdb7813394bf6de306009ae2c1bd5246c5f7f679ed2081,True
results/tests/19/threshold__f50__close_iterations=2_threshold_value=200/00_input.png,data/tests/detection/_shared_inputs/video_19/frame_50.png,deduplicate_identical_input,403180,1,dc84fc1e1bf2580a09f564021d765c5f0c145bbef616ced4693c2884cacea0df,True
results/tests/19/threshold__f50__close_iterations=2_threshold_value=200/detections.csv,data/tests/detection/threshold/legacy_t200_c2__cfg5d0522c8/frame_screening/video_19/frame_50/threshold__f50__close_iterations_2_threshold_value_200/detections.csv,move_file,4062,1,79846ad6d0078d42bd210362c647ee9b18f245284a22e08da5e3542df1485edc,True
results/tests/19/threshold__f50__close_iterations=2_threshold_value=200/detections.png,data/tests/detection/threshold/legacy_t200_c2__cfg5d0522c8/frame_screening/video_19/frame_50/threshold__f50__close_iterations_2_threshold_value_200/detections.png,move_file,423416,1,a77232a90c922a050e5488621e6e6d25327814f2e099e5bbe91e8b879e567c8f,True
results/tests/19/threshold__f50__close_iterations=2_threshold_value=200/summary.json,data/tests/detection/threshold/legacy_t200_c2__cfg5d0522c8/frame_screening/video_19/frame_50/threshold__f50__close_iterations_2_threshold_value_200/summary.json,move_file,4121,1,a6c7f1442f84e099ecb4b69747abb24135a4a6652ac642b14cc0285bcab5952e,True
results/tests/19/threshold__f50__morph_iterations=2/00_input.png,data/tests/detection/_shared_inputs/video_19/frame_50.png,deduplicate_identical_input,403180,1,dc84fc1e1bf2580a09f564021d765c5f0c145bbef616ced4693c2884cacea0df,True
results/tests/19/threshold__f50__morph_iterations=2/detections.csv,data/tests/detection/otsu/legacy_otsu_defaults__cfg76e32ed9/frame_screening/video_19/frame_50/threshold__f50__morph_iterations_2/detections.csv,move_file,6314,1,46bb15a170cff9a49d9027397c62b2d2f311d28752e545861b4f8623261ea1bd,True
results/tests/19/threshold__f50__morph_iterations=2/detections.png,data/tests/detection/otsu/legacy_otsu_defaults__cfg76e32ed9/frame_screening/video_19/frame_50/threshold__f50__morph_iterations_2/detections.png,move_file,425693,1,3af177717c51c15203f8da2aefe40d6daf8c86d02a59ec232977a375e24bb818,True
results/tests/19/threshold__f50__morph_iterations=2/summary.json,data/tests/detection/otsu/legacy_otsu_defaults__cfg76e32ed9/frame_screening/video_19/frame_50/threshold__f50__morph_iterations_2/summary.json,move_file,7827,1,aaaaaf3e6bce96a3ae5659fd6e0ebafbb90d84f9c16cb2fb540a8be78757ff67,True
results/tests/19/threshold__f50__morph_iterations=2_threshold_value=200/00_input.png,data/tests/detection/_shared_inputs/video_19/frame_50.png,deduplicate_identical_input,403180,1,dc84fc1e1bf2580a09f564021d765c5f0c145bbef616ced4693c2884cacea0df,True
results/tests/19/threshold__f50__morph_iterations=2_threshold_value=200/detections.csv,data/tests/detection/threshold/legacy_t200_o2__cfga13617b6/frame_screening/video_19/frame_50/threshold__f50__morph_iterations_2_threshold_value_200/detections.csv,move_file,2654,1,ef6af15078c6b685e7b63465e06af45ed65939aaa21693d34945b4617498ce9c,True
results/tests/19/threshold__f50__morph_iterations=2_threshold_value=200/detections.png,data/tests/detection/threshold/legacy_t200_o2__cfga13617b6/frame_screening/video_19/frame_50/threshold__f50__morph_iterations_2_threshold_value_200/detections.png,move_file,424503,1,7e345da2cc1f25fdb9fa769e3e1cf8553bb2b745a985439173ee494138c13fbd,True
results/tests/19/threshold__f50__morph_iterations=2_threshold_value=200/summary.json,data/tests/detection/threshold/legacy_t200_o2__cfga13617b6/frame_screening/video_19/frame_50/threshold__f50__morph_iterations_2_threshold_value_200/summary.json,move_file,1733,1,8f02e589f5361fe955782458fac729dc67def4ee831e1cb032d387fc27255bf1,True
results/tests/19/threshold__f50__threshold_value=180/00_input.png,data/tests/detection/_shared_inputs/video_19/frame_50.png,deduplicate_identical_input,403180,1,dc84fc1e1bf2580a09f564021d765c5f0c145bbef616ced4693c2884cacea0df,True
results/tests/19/threshold__f50__threshold_value=180/detections.csv,data/tests/detection/threshold/legacy_t180__cfg1fd3f76e/frame_screening/video_19/frame_50/threshold__f50__threshold_value_180/detections.csv,move_file,5163,1,58827b475e6eb9ab2d727f0585f85c3471eb0e1dc51acf9170fb5983a8233c3f,True
results/tests/19/threshold__f50__threshold_value=180/detections.png,data/tests/detection/threshold/legacy_t180__cfg1fd3f76e/frame_screening/video_19/frame_50/threshold__f50__threshold_value_180/detections.png,move_file,423026,1,c8ec513fd1997548bea3d877fba1a531ce1214b5ab796bf535e991a96592ac1c,True
results/tests/19/threshold__f50__threshold_value=180/summary.json,data/tests/detection/threshold/legacy_t180__cfg1fd3f76e/frame_screening/video_19/frame_50/threshold__f50__threshold_value_180/summary.json,move_file,5929,1,30ce1119d51dbae2c0a83aa568288f291039d19d8ed28388e50ef2b53e191bb0,True
results/tests/19/threshold__f50__threshold_value=190/00_input.png,data/tests/detection/_shared_inputs/video_19/frame_50.png,deduplicate_identical_input,403180,1,dc84fc1e1bf2580a09f564021d765c5f0c145bbef616ced4693c2884cacea0df,True
results/tests/19/threshold__f50__threshold_value=190/detections.csv,data/tests/detection/threshold/legacy_t190__cfgfeeed012/frame_screening/video_19/frame_50/threshold__f50__threshold_value_190/detections.csv,move_file,4391,1,b28d1550c4d99e4ec313d8f77c85f6f253ccbd3b6c31f64756a8251855fc5903,True
results/tests/19/threshold__f50__threshold_value=190/detections.png,data/tests/detection/threshold/legacy_t190__cfgfeeed012/frame_screening/video_19/frame_50/threshold__f50__threshold_value_190/detections.png,move_file,423349,1,2ddbca4c0d11c48c02ebbbd749f07e74ec71a1a43911b352bef662694a7b7d45,True
results/tests/19/threshold__f50__threshold_value=190/summary.json,data/tests/detection/threshold/legacy_t190__cfgfeeed012/frame_screening/video_19/frame_50/threshold__f50__threshold_value_190/summary.json,move_file,4623,1,5e929183248359a3609825fd73100071a72d53e27c911ad12e6f8c113292c2f9,True
results/tests/19/threshold__f50__threshold_value=200/00_input.png,data/tests/detection/_shared_inputs/video_19/frame_50.png,deduplicate_identical_input,403180,1,dc84fc1e1bf2580a09f564021d765c5f0c145bbef616ced4693c2884cacea0df,True
results/tests/19/threshold__f50__threshold_value=200/detections.csv,data/tests/detection/threshold/legacy_t200__cfg1f8f28ac/frame_screening/video_19/frame_50/threshold__f50__threshold_value_200/detections.csv,move_file,4062,1,79846ad6d0078d42bd210362c647ee9b18f245284a22e08da5e3542df1485edc,True
results/tests/19/threshold__f50__threshold_value=200/detections.png,data/tests/detection/threshold/legacy_t200__cfg1f8f28ac/frame_screening/video_19/frame_50/threshold__f50__threshold_value_200/detections.png,move_file,423416,1,a77232a90c922a050e5488621e6e6d25327814f2e099e5bbe91e8b879e567c8f,True
results/tests/19/threshold__f50__threshold_value=200/summary.json,data/tests/detection/threshold/legacy_t200__cfg1f8f28ac/frame_screening/video_19/frame_50/threshold__f50__threshold_value_200/summary.json,move_file,4074,1,29e84898cfd25fd74c2fb524e505e9679770bacb6558a6b9312dc72fa2cb9dc0,True
results/tests/19/threshold__f50__threshold_value=210/00_input.png,data/tests/detection/_shared_inputs/video_19/frame_50.png,deduplicate_identical_input,403180,1,dc84fc1e1bf2580a09f564021d765c5f0c145bbef616ced4693c2884cacea0df,True
results/tests/19/threshold__f50__threshold_value=210/detections.csv,data/tests/detection/threshold/legacy_t210__cfg4310fa76/frame_screening/video_19/frame_50/threshold__f50__threshold_value_210/detections.csv,move_file,3872,1,3c6382ed5bb19e632fd949a71cac155449bf7d668ddfe9a6cea0fb0ef07d1202,True
results/tests/19/threshold__f50__threshold_value=210/detections.png,data/tests/detection/threshold/legacy_t210__cfg4310fa76/frame_screening/video_19/frame_50/threshold__f50__threshold_value_210/detections.png,move_file,423562,1,e558f9efe76ab629fea0074432bf173d1e1b0202a5d70b95978f85209e29016f,True
results/tests/19/threshold__f50__threshold_value=210/summary.json,data/tests/detection/threshold/legacy_t210__cfg4310fa76/frame_screening/video_19/frame_50/threshold__f50__threshold_value_210/summary.json,move_file,3748,1,4f5dfbd50d4e8f095a541ffc98f3328256edfd3dceab156697bee1d856586f2f,True
results/tests/21/threshold__f0/00_input.png,data/tests/detection/_shared_inputs/video_21/frame_0.png,move_file,344955,1,46cef4bade013cb1dde97436b4af1e52f52de5795534715415a6039b7e5676ee,True
results/tests/21/threshold__f0/detections.csv,data/tests/detection/otsu/legacy_otsu_defaults__cfgbbaffb3e/frame_screening/video_21/frame_0/threshold__f0/detections.csv,move_file,4161,1,1348441564536be8bec5cff2d5075259aa555718ad94cb752c8e1e09b0d370be,True
results/tests/21/threshold__f0/detections.png,data/tests/detection/otsu/legacy_otsu_defaults__cfgbbaffb3e/frame_screening/video_21/frame_0/threshold__f0/detections.png,move_file,368590,1,2dd7c91f41c6189bd3898a7c740e51bd9d74c63b8ce092b31f29a3b7272b7e26,True
results/tests/21/threshold__f0/summary.json,data/tests/detection/otsu/legacy_otsu_defaults__cfgbbaffb3e/frame_screening/video_21/frame_0/threshold__f0/summary.json,move_file,4050,1,9494d393dc6d4866fa87d5c6f86513d9b3cf7945351672dfeebc91a7191a43f3,True
results/tests/21/threshold__f0__close_iterations=0/00_input.png,data/tests/detection/_shared_inputs/video_21/frame_0.png,deduplicate_identical_input,344955,1,46cef4bade013cb1dde97436b4af1e52f52de5795534715415a6039b7e5676ee,True
results/tests/21/threshold__f0__close_iterations=0/detections.csv,data/tests/detection/otsu/legacy_otsu_defaults__cfg4633c2bb/frame_screening/video_21/frame_0/threshold__f0__close_iterations_0/detections.csv,move_file,4606,1,f052ab1a46b7558676d98ede9b1b948886ab09a77902d954ac2716cfe96ca6ef,True
results/tests/21/threshold__f0__close_iterations=0/detections.png,data/tests/detection/otsu/legacy_otsu_defaults__cfg4633c2bb/frame_screening/video_21/frame_0/threshold__f0__close_iterations_0/detections.png,move_file,368523,1,6e909037bdab1c6c259d2131579122e6f2d299c0ad7e8823e331fe56cac5c31e,True
results/tests/21/threshold__f0__close_iterations=0/summary.json,data/tests/detection/otsu/legacy_otsu_defaults__cfg4633c2bb/frame_screening/video_21/frame_0/threshold__f0__close_iterations_0/summary.json,move_file,4834,1,11d5e74b3738fb179a9336e70ee462d9d531e3e2c39e3b2fb190abebcc70240e,True
results/tests/21/threshold__f0__close_iterations=0_threshold_value=200/00_input.png,data/tests/detection/_shared_inputs/video_21/frame_0.png,deduplicate_identical_input,344955,1,46cef4bade013cb1dde97436b4af1e52f52de5795534715415a6039b7e5676ee,True
results/tests/21/threshold__f0__close_iterations=0_threshold_value=200/detections.csv,data/tests/detection/threshold/legacy_t200_c0__cfg1359249f/frame_screening/video_21/frame_0/threshold__f0__close_iterations_0_threshold_value_200/detections.csv,move_file,4016,1,449bb70dc87c5a8570c51cbf5fef7a5a4abea12db211c3a66873a7817439e9a9,True
results/tests/21/threshold__f0__close_iterations=0_threshold_value=200/detections.png,data/tests/detection/threshold/legacy_t200_c0__cfg1359249f/frame_screening/video_21/frame_0/threshold__f0__close_iterations_0_threshold_value_200/detections.png,move_file,367331,1,700e6226e7eb1d9d86f059550b4eb9e147233488391054615e84bb7f3cec5665,True
results/tests/21/threshold__f0__close_iterations=0_threshold_value=200/summary.json,data/tests/detection/threshold/legacy_t200_c0__cfg1359249f/frame_screening/video_21/frame_0/threshold__f0__close_iterations_0_threshold_value_200/summary.json,move_file,3879,1,1e9d44eb1e34464694704a246f7b17a1c748b5870692104939afb5c777d57948,True
results/tests/21/threshold__f0__close_iterations=2_threshold_value=200/00_input.png,data/tests/detection/_shared_inputs/video_21/frame_0.png,deduplicate_identical_input,344955,1,46cef4bade013cb1dde97436b4af1e52f52de5795534715415a6039b7e5676ee,True
results/tests/21/threshold__f0__close_iterations=2_threshold_value=200/detections.csv,data/tests/detection/threshold/legacy_t200_c2__cfg5d0522c8/frame_screening/video_21/frame_0/threshold__f0__close_iterations_2_threshold_value_200/detections.csv,move_file,3824,1,a56fd5ee9264f92801c3da55bf0674a3532d1d3f05ab41d2b3b500264731e8ac,True
results/tests/21/threshold__f0__close_iterations=2_threshold_value=200/detections.png,data/tests/detection/threshold/legacy_t200_c2__cfg5d0522c8/frame_screening/video_21/frame_0/threshold__f0__close_iterations_2_threshold_value_200/detections.png,move_file,367370,1,2a2027e69ae3e090e9883ca8bddf49942bf114670eecd96a795be48a9add0181,True
results/tests/21/threshold__f0__close_iterations=2_threshold_value=200/summary.json,data/tests/detection/threshold/legacy_t200_c2__cfg5d0522c8/frame_screening/video_21/frame_0/threshold__f0__close_iterations_2_threshold_value_200/summary.json,move_file,3585,1,f3666d4f8d491d4a33f1bd7b34880d445f03ba8b7da3d12d3a6736d386900906,True
results/tests/21/threshold__f0__morph_iterations=2/00_input.png,data/tests/detection/_shared_inputs/video_21/frame_0.png,deduplicate_identical_input,344955,1,46cef4bade013cb1dde97436b4af1e52f52de5795534715415a6039b7e5676ee,True
results/tests/21/threshold__f0__morph_iterations=2/detections.csv,data/tests/detection/otsu/legacy_otsu_defaults__cfg76e32ed9/frame_screening/video_21/frame_0/threshold__f0__morph_iterations_2/detections.csv,move_file,3651,1,e9d7e3ed2689368042570fd6748c3b5b6f2d467a0b22333732d8c6a24190e9d2,True
results/tests/21/threshold__f0__morph_iterations=2/detections.png,data/tests/detection/otsu/legacy_otsu_defaults__cfg76e32ed9/frame_screening/video_21/frame_0/threshold__f0__morph_iterations_2/detections.png,move_file,368732,1,0032e38905d597c8480e03c18857f1cfae7b2f2bee1dc840053e7b31fa11d35a,True
results/tests/21/threshold__f0__morph_iterations=2/summary.json,data/tests/detection/otsu/legacy_otsu_defaults__cfg76e32ed9/frame_screening/video_21/frame_0/threshold__f0__morph_iterations_2/summary.json,move_file,3227,1,5ddcde881523dac283dd29b659d04e47161dd83dd005b95922117a7746389959,True
results/tests/21/threshold__f0__morph_iterations=2_threshold_value=200/00_input.png,data/tests/detection/_shared_inputs/video_21/frame_0.png,deduplicate_identical_input,344955,1,46cef4bade013cb1dde97436b4af1e52f52de5795534715415a6039b7e5676ee,True
results/tests/21/threshold__f0__morph_iterations=2_threshold_value=200/detections.csv,data/tests/detection/threshold/legacy_t200_o2__cfga13617b6/frame_screening/video_21/frame_0/threshold__f0__morph_iterations_2_threshold_value_200/detections.csv,move_file,3182,1,e7add205c1ab5e76ad41419c7476f70676e1314457999146080690caf3d87dce,True
results/tests/21/threshold__f0__morph_iterations=2_threshold_value=200/detections.png,data/tests/detection/threshold/legacy_t200_o2__cfga13617b6/frame_screening/video_21/frame_0/threshold__f0__morph_iterations_2_threshold_value_200/detections.png,move_file,367701,1,ee3c97835c215a496e33636767df791d5223ddd163d71d0f5f01a1c73c291d06,True
results/tests/21/threshold__f0__morph_iterations=2_threshold_value=200/summary.json,data/tests/detection/threshold/legacy_t200_o2__cfga13617b6/frame_screening/video_21/frame_0/threshold__f0__morph_iterations_2_threshold_value_200/summary.json,move_file,2492,1,d1845a40e0f8ca98f06f9afd1c972fab26b63fa441c353ac62eb4b685e0f6288,True
results/tests/21/threshold__f0__threshold_value=180/00_input.png,data/tests/detection/_shared_inputs/video_21/frame_0.png,deduplicate_identical_input,344955,1,46cef4bade013cb1dde97436b4af1e52f52de5795534715415a6039b7e5676ee,True
results/tests/21/threshold__f0__threshold_value=180/detections.csv,data/tests/detection/threshold/legacy_t180__cfg1fd3f76e/frame_screening/video_21/frame_0/threshold__f0__threshold_value_180/detections.csv,move_file,3759,1,94773e285b32c31cab641bf663bc705ab42083fc26030c37e006ff494140c778,True
results/tests/21/threshold__f0__threshold_value=180/detections.png,data/tests/detection/threshold/legacy_t180__cfg1fd3f76e/frame_screening/video_21/frame_0/threshold__f0__threshold_value_180/detections.png,move_file,367451,1,13ad2a6258602c6864b5ccef85ea6188d74b0696f55f2df3f036df0e37fedd30,True
results/tests/21/threshold__f0__threshold_value=180/summary.json,data/tests/detection/threshold/legacy_t180__cfg1fd3f76e/frame_screening/video_21/frame_0/threshold__f0__threshold_value_180/summary.json,move_file,3428,1,9debb35c7099f57f7f6e9fa1e536a36020895d34ebf150792c16351862b68a95,True
results/tests/21/threshold__f0__threshold_value=190/00_input.png,data/tests/detection/_shared_inputs/video_21/frame_0.png,deduplicate_identical_input,344955,1,46cef4bade013cb1dde97436b4af1e52f52de5795534715415a6039b7e5676ee,True
results/tests/21/threshold__f0__threshold_value=190/detections.csv,data/tests/detection/threshold/legacy_t190__cfgfeeed012/frame_screening/video_21/frame_0/threshold__f0__threshold_value_190/detections.csv,move_file,3755,1,4c0d746e1220d94715c18b2a53470383fe868615b8d5cacd53ba90593826f7ca,True
results/tests/21/threshold__f0__threshold_value=190/detections.png,data/tests/detection/threshold/legacy_t190__cfgfeeed012/frame_screening/video_21/frame_0/threshold__f0__threshold_value_190/detections.png,move_file,367359,1,a54e2a123cf2cd482fb8d4b3717bde2f003bad43d8c8d42f57b497a1c17d973f,True
results/tests/21/threshold__f0__threshold_value=190/summary.json,data/tests/detection/threshold/legacy_t190__cfgfeeed012/frame_screening/video_21/frame_0/threshold__f0__threshold_value_190/summary.json,move_file,3425,1,45e4d28ac2f6c759208b6a3fbac5a618242352049a98b23a4d32ddabacd6ef2d,True
results/tests/21/threshold__f0__threshold_value=200/00_input.png,data/tests/detection/_shared_inputs/video_21/frame_0.png,deduplicate_identical_input,344955,1,46cef4bade013cb1dde97436b4af1e52f52de5795534715415a6039b7e5676ee,True
results/tests/21/threshold__f0__threshold_value=200/detections.csv,data/tests/detection/threshold/legacy_t200__cfg1f8f28ac/frame_screening/video_21/frame_0/threshold__f0__threshold_value_200/detections.csv,move_file,4016,1,b7d7178a62297410387ec78dbba74e147a7e4b02ce8b7ed25e266c0ad29bbc1f,True
results/tests/21/threshold__f0__threshold_value=200/detections.png,data/tests/detection/threshold/legacy_t200__cfg1f8f28ac/frame_screening/video_21/frame_0/threshold__f0__threshold_value_200/detections.png,move_file,367371,1,d0f327ac5666c531168d2f14b67dfb39eb0218f4c061ce477923a4d313d49ccc,True
results/tests/21/threshold__f0__threshold_value=200/summary.json,data/tests/detection/threshold/legacy_t200__cfg1f8f28ac/frame_screening/video_21/frame_0/threshold__f0__threshold_value_200/summary.json,move_file,3864,1,35cab18370e2b99b11176361af5abd610934562eea7fc2f73248c0682227bfc7,True
results/tests/21/threshold__f0__threshold_value=210/00_input.png,data/tests/detection/_shared_inputs/video_21/frame_0.png,deduplicate_identical_input,344955,1,46cef4bade013cb1dde97436b4af1e52f52de5795534715415a6039b7e5676ee,True
results/tests/21/threshold__f0__threshold_value=210/detections.csv,data/tests/detection/threshold/legacy_t210__cfg4310fa76/frame_screening/video_21/frame_0/threshold__f0__threshold_value_210/detections.csv,move_file,4078,1,c83d0be49d756c84f5b7c4bad2bf6b238ba038d50b7d4ecd599f8302186a9cff,True
results/tests/21/threshold__f0__threshold_value=210/detections.png,data/tests/detection/threshold/legacy_t210__cfg4310fa76/frame_screening/video_21/frame_0/threshold__f0__threshold_value_210/detections.png,move_file,367198,1,5e2fcb1d36dea48605e23f60889e10f9464d678cfbd882fd177bc11e02b3f716,True
results/tests/21/threshold__f0__threshold_value=210/summary.json,data/tests/detection/threshold/legacy_t210__cfg4310fa76/frame_screening/video_21/frame_0/threshold__f0__threshold_value_210/summary.json,move_file,3972,1,90ef8f4aa086f4a9e3f224016ee575a55ff0c8fb75605e32130950db6f42dc27,True
results/tests/21/threshold__f100/00_input.png,data/tests/detection/_shared_inputs/video_21/frame_100.png,move_file,324849,1,ebcbfe422d5ee46e2eb3599735e0fc7f21c54d676933fd87759b84ad1572e54c,True
results/tests/21/threshold__f100/detections.csv,data/tests/detection/otsu/legacy_otsu_defaults__cfgbbaffb3e/frame_screening/video_21/frame_100/threshold__f100/detections.csv,move_file,3665,1,e35852cc694b2c8593e11b1694d514417f63c6eb80e3605225683f583e2fc963,True
results/tests/21/threshold__f100/detections.png,data/tests/detection/otsu/legacy_otsu_defaults__cfgbbaffb3e/frame_screening/video_21/frame_100/threshold__f100/detections.png,move_file,347470,1,b508d2b443c16fcb17e8aeb96c1ce61ed198dc54a9bd3d8bbcd6e2cfe9f1ed08,True
results/tests/21/threshold__f100/summary.json,data/tests/detection/otsu/legacy_otsu_defaults__cfgbbaffb3e/frame_screening/video_21/frame_100/threshold__f100/summary.json,move_file,3401,1,185a6ad5b521fd62684d01750db5f6a1279990b9f5be8ac7e8734b8a92f20b4f,True
results/tests/21/threshold__f100__close_iterations=0/00_input.png,data/tests/detection/_shared_inputs/video_21/frame_100.png,deduplicate_identical_input,324849,1,ebcbfe422d5ee46e2eb3599735e0fc7f21c54d676933fd87759b84ad1572e54c,True
results/tests/21/threshold__f100__close_iterations=0/detections.csv,data/tests/detection/otsu/legacy_otsu_defaults__cfg4633c2bb/frame_screening/video_21/frame_100/threshold__f100__close_iterations_0/detections.csv,move_file,3928,1,e072fa3ee51bc2f978b2a2baa1968e5bd3e8b0e5151e856df4d88055c198e738,True
results/tests/21/threshold__f100__close_iterations=0/detections.png,data/tests/detection/otsu/legacy_otsu_defaults__cfg4633c2bb/frame_screening/video_21/frame_100/threshold__f100__close_iterations_0/detections.png,move_file,347337,1,b1ad77488ec3efb0f1e21ba54fd34f14ce03613fe848091a007a1a78b7e43fc1,True
results/tests/21/threshold__f100__close_iterations=0/summary.json,data/tests/detection/otsu/legacy_otsu_defaults__cfg4633c2bb/frame_screening/video_21/frame_100/threshold__f100__close_iterations_0/summary.json,move_file,3856,1,798140a3c04f44b43efd7564ac55ce32b7e00b36f9d407e4a08f847caa632965,True
results/tests/21/threshold__f100__close_iterations=0_threshold_value=200/00_input.png,data/tests/detection/_shared_inputs/video_21/frame_100.png,deduplicate_identical_input,324849,1,ebcbfe422d5ee46e2eb3599735e0fc7f21c54d676933fd87759b84ad1572e54c,True
results/tests/21/threshold__f100__close_iterations=0_threshold_value=200/detections.csv,data/tests/detection/threshold/legacy_t200_c0__cfg1359249f/frame_screening/video_21/frame_100/threshold__f100__close_iterations_0_threshold_value_200/detections.csv,move_file,4111,1,5b1b2f3faee0f72fb70327dfa12f91d21b98bbe3588f6a6bde4fe56373c7c027,True
results/tests/21/threshold__f100__close_iterations=0_threshold_value=200/detections.png,data/tests/detection/threshold/legacy_t200_c0__cfg1359249f/frame_screening/video_21/frame_100/threshold__f100__close_iterations_0_threshold_value_200/detections.png,move_file,346019,1,a30e1450462daabaf7ab8d3ab5980afd70beef07770498a328f78cc3b8670c14,True
results/tests/21/threshold__f100__close_iterations=0_threshold_value=200/summary.json,data/tests/detection/threshold/legacy_t200_c0__cfg1359249f/frame_screening/video_21/frame_100/threshold__f100__close_iterations_0_threshold_value_200/summary.json,move_file,4217,1,dd7f7ae73e353b35349df201e32eadfa0e1a242440228e5ce248b2e0125449f7,True
results/tests/21/threshold__f100__close_iterations=2_threshold_value=200/00_input.png,data/tests/detection/_shared_inputs/video_21/frame_100.png,deduplicate_identical_input,324849,1,ebcbfe422d5ee46e2eb3599735e0fc7f21c54d676933fd87759b84ad1572e54c,True
results/tests/21/threshold__f100__close_iterations=2_threshold_value=200/detections.csv,data/tests/detection/threshold/legacy_t200_c2__cfg5d0522c8/frame_screening/video_21/frame_100/threshold__f100__close_iterations_2_threshold_value_200/detections.csv,move_file,3714,1,28fef3c41874edb55f4ce1ba845a9e9c99b2050dc300f69ea21813ca6393aa40,True
results/tests/21/threshold__f100__close_iterations=2_threshold_value=200/detections.png,data/tests/detection/threshold/legacy_t200_c2__cfg5d0522c8/frame_screening/video_21/frame_100/threshold__f100__close_iterations_2_threshold_value_200/detections.png,move_file,346319,1,c991a58a79927c6462ca972277991987c63b8042de63a32e39d25e9e7c83bbc2,True
results/tests/21/threshold__f100__close_iterations=2_threshold_value=200/summary.json,data/tests/detection/threshold/legacy_t200_c2__cfg5d0522c8/frame_screening/video_21/frame_100/threshold__f100__close_iterations_2_threshold_value_200/summary.json,move_file,3593,1,759d325b271e3fdb9d15aa0a2d7d7dd20be0e1b969a726c612a6c984dda34181,True
results/tests/21/threshold__f100__morph_iterations=2/00_input.png,data/tests/detection/_shared_inputs/video_21/frame_100.png,deduplicate_identical_input,324849,1,ebcbfe422d5ee46e2eb3599735e0fc7f21c54d676933fd87759b84ad1572e54c,True
results/tests/21/threshold__f100__morph_iterations=2/detections.csv,data/tests/detection/otsu/legacy_otsu_defaults__cfg76e32ed9/frame_screening/video_21/frame_100/threshold__f100__morph_iterations_2/detections.csv,move_file,3656,1,fe94ea26cea50e0c31de992963a60909db1d3bbf200b683fa97eb0a25989bfc3,True
results/tests/21/threshold__f100__morph_iterations=2/detections.png,data/tests/detection/otsu/legacy_otsu_defaults__cfg76e32ed9/frame_screening/video_21/frame_100/threshold__f100__morph_iterations_2/detections.png,move_file,347257,1,a074be94814041d038c2cc28adb1a3a641bfc717843a821a56aacdfdd7f01f44,True
results/tests/21/threshold__f100__morph_iterations=2/summary.json,data/tests/detection/otsu/legacy_otsu_defaults__cfg76e32ed9/frame_screening/video_21/frame_100/threshold__f100__morph_iterations_2/summary.json,move_file,3446,1,88fb1a295bacfc356271ee405b65d5044bcd2cd4b6ce69946f0231cc6ddcdb25,True
results/tests/21/threshold__f100__morph_iterations=2_threshold_value=200/00_input.png,data/tests/detection/_shared_inputs/video_21/frame_100.png,deduplicate_identical_input,324849,1,ebcbfe422d5ee46e2eb3599735e0fc7f21c54d676933fd87759b84ad1572e54c,True
results/tests/21/threshold__f100__morph_iterations=2_threshold_value=200/detections.csv,data/tests/detection/threshold/legacy_t200_o2__cfga13617b6/frame_screening/video_21/frame_100/threshold__f100__morph_iterations_2_threshold_value_200/detections.csv,move_file,2661,1,14c9240b69914a746611423bf14ffb7791305106bbf2a8cbb2982cfaf06300c6,True
results/tests/21/threshold__f100__morph_iterations=2_threshold_value=200/detections.png,data/tests/detection/threshold/legacy_t200_o2__cfga13617b6/frame_screening/video_21/frame_100/threshold__f100__morph_iterations_2_threshold_value_200/detections.png,move_file,347000,1,175a69bc0cedfbeca1a4e61ca71d22057a624e9af9504576f0d6d1979a646200,True
results/tests/21/threshold__f100__morph_iterations=2_threshold_value=200/summary.json,data/tests/detection/threshold/legacy_t200_o2__cfga13617b6/frame_screening/video_21/frame_100/threshold__f100__morph_iterations_2_threshold_value_200/summary.json,move_file,1849,1,e132cb9caf6eec4f8694473dea51b2ad6b65ea8bc5870db0580e8a65cf673bb6,True
results/tests/21/threshold__f100__threshold_value=180/00_input.png,data/tests/detection/_shared_inputs/video_21/frame_100.png,deduplicate_identical_input,324849,1,ebcbfe422d5ee46e2eb3599735e0fc7f21c54d676933fd87759b84ad1572e54c,True
results/tests/21/threshold__f100__threshold_value=180/detections.csv,data/tests/detection/threshold/legacy_t180__cfg1fd3f76e/frame_screening/video_21/frame_100/threshold__f100__threshold_value_180/detections.csv,move_file,3316,1,a2c5d0bd1b13f5663edd34604f3d0be5071e91d1fdabd000d8c94096b51fbfcd,True
results/tests/21/threshold__f100__threshold_value=180/detections.png,data/tests/detection/threshold/legacy_t180__cfg1fd3f76e/frame_screening/video_21/frame_100/threshold__f100__threshold_value_180/detections.png,move_file,346366,1,7013108dc539e5e840de420702f01182ac49b5e9f4cc19516b56c3eebf7dfc2f,True
results/tests/21/threshold__f100__threshold_value=180/summary.json,data/tests/detection/threshold/legacy_t180__cfg1fd3f76e/frame_screening/video_21/frame_100/threshold__f100__threshold_value_180/summary.json,move_file,2887,1,abdb08f83f5aaf4b0d3a831530aed84c61b0376836484897a098810c6fae1530,True
results/tests/21/threshold__f100__threshold_value=190/00_input.png,data/tests/detection/_shared_inputs/video_21/frame_100.png,deduplicate_identical_input,324849,1,ebcbfe422d5ee46e2eb3599735e0fc7f21c54d676933fd87759b84ad1572e54c,True
results/tests/21/threshold__f100__threshold_value=190/detections.csv,data/tests/detection/threshold/legacy_t190__cfgfeeed012/frame_screening/video_21/frame_100/threshold__f100__threshold_value_190/detections.csv,move_file,3248,1,e0d271faa00d19e79f8c355545fcffaed6d7817094be9b1c931d11eb330531fb,True
results/tests/21/threshold__f100__threshold_value=190/detections.png,data/tests/detection/threshold/legacy_t190__cfgfeeed012/frame_screening/video_21/frame_100/threshold__f100__threshold_value_190/detections.png,move_file,346468,1,86abdc392ca31f82cb379f15d62310fa5dab128acf1cb4a8487a04c5b0135dcc,True
results/tests/21/threshold__f100__threshold_value=190/summary.json,data/tests/detection/threshold/legacy_t190__cfgfeeed012/frame_screening/video_21/frame_100/threshold__f100__threshold_value_190/summary.json,move_file,2779,1,0e514a41964e384da4dd7d33a482948c689f3451346e43cc467c98b47178369d,True
results/tests/21/threshold__f100__threshold_value=200/00_input.png,data/tests/detection/_shared_inputs/video_21/frame_100.png,deduplicate_identical_input,324849,1,ebcbfe422d5ee46e2eb3599735e0fc7f21c54d676933fd87759b84ad1572e54c,True
results/tests/21/threshold__f100__threshold_value=200/detections.csv,data/tests/detection/threshold/legacy_t200__cfg1f8f28ac/frame_screening/video_21/frame_100/threshold__f100__threshold_value_200/detections.csv,move_file,4044,1,8900ca62ac64c9c47b836da3062fbd87202325a8657b521a62dc212ae4452023,True
results/tests/21/threshold__f100__threshold_value=200/detections.png,data/tests/detection/threshold/legacy_t200__cfg1f8f28ac/frame_screening/video_21/frame_100/threshold__f100__threshold_value_200/detections.png,move_file,346098,1,8fd5017f41708c2e57a27f254f7ee3ee55e05f63eb1fb5db2a72a44f4b4fafea,True
results/tests/21/threshold__f100__threshold_value=200/summary.json,data/tests/detection/threshold/legacy_t200__cfg1f8f28ac/frame_screening/video_21/frame_100/threshold__f100__threshold_value_200/summary.json,move_file,4092,1,b5e6ae2d0a2890c12d452638afa3b253769fc4718a30c18bd5659699e3512443,True
results/tests/21/threshold__f100__threshold_value=210/00_input.png,data/tests/detection/_shared_inputs/video_21/frame_100.png,deduplicate_identical_input,324849,1,ebcbfe422d5ee46e2eb3599735e0fc7f21c54d676933fd87759b84ad1572e54c,True
results/tests/21/threshold__f100__threshold_value=210/detections.csv,data/tests/detection/threshold/legacy_t210__cfg4310fa76/frame_screening/video_21/frame_100/threshold__f100__threshold_value_210/detections.csv,move_file,3709,1,bcc9fddd3ead5f32cabfd44fcc0f0c935e49ca94dd3ade4dd9c09564e04b236e,True
results/tests/21/threshold__f100__threshold_value=210/detections.png,data/tests/detection/threshold/legacy_t210__cfg4310fa76/frame_screening/video_21/frame_100/threshold__f100__threshold_value_210/detections.png,move_file,346344,1,13b0545535708883a72e67b77ca4df9ad919601998d7186f348cf027b5cc1940,True
results/tests/21/threshold__f100__threshold_value=210/summary.json,data/tests/detection/threshold/legacy_t210__cfg4310fa76/frame_screening/video_21/frame_100/threshold__f100__threshold_value_210/summary.json,move_file,3541,1,de0e284ba74c41e2eb7053ce835686fabbfbb677b4e5d0a1835910bd6d0634b9,True
results/tests/21/threshold__f50/00_input.png,data/tests/detection/_shared_inputs/video_21/frame_50.png,move_file,325879,1,a917f6254621d718150e44cb119c663914963ec2fea65069229932ff701b41e8,True
results/tests/21/threshold__f50/detections.csv,data/tests/detection/otsu/legacy_otsu_defaults__cfgbbaffb3e/frame_screening/video_21/frame_50/threshold__f50/detections.csv,move_file,4060,1,f6876187c904b00d99da6c83788b9d99faa9fc802a2439ce238ed617c2dde6cb,True
results/tests/21/threshold__f50/detections.png,data/tests/detection/otsu/legacy_otsu_defaults__cfgbbaffb3e/frame_screening/video_21/frame_50/threshold__f50/detections.png,move_file,348834,1,1578072f5877c3f449fdb98354727293a2b917158d4aed32fcdde69c301050ad,True
results/tests/21/threshold__f50/summary.json,data/tests/detection/otsu/legacy_otsu_defaults__cfgbbaffb3e/frame_screening/video_21/frame_50/threshold__f50/summary.json,move_file,3831,1,14e96ff5e05fc40413d0b957853606b9c618fed2d6c00cc7c4c48ce812a2df31,True
results/tests/21/threshold__f50__close_iterations=0/00_input.png,data/tests/detection/_shared_inputs/video_21/frame_50.png,deduplicate_identical_input,325879,1,a917f6254621d718150e44cb119c663914963ec2fea65069229932ff701b41e8,True
results/tests/21/threshold__f50__close_iterations=0/detections.csv,data/tests/detection/otsu/legacy_otsu_defaults__cfg4633c2bb/frame_screening/video_21/frame_50/threshold__f50__close_iterations_0/detections.csv,move_file,4191,1,4f55e518ffcf30e2e0637fb60079d7def0d26a6df8321bee1043df1ccb5812e8,True
results/tests/21/threshold__f50__close_iterations=0/detections.png,data/tests/detection/otsu/legacy_otsu_defaults__cfg4633c2bb/frame_screening/video_21/frame_50/threshold__f50__close_iterations_0/detections.png,move_file,348702,1,526f529dd04defe380a2dce290a5569e52fa26b2f8bed9546de89585c155a389,True
results/tests/21/threshold__f50__close_iterations=0/summary.json,data/tests/detection/otsu/legacy_otsu_defaults__cfg4633c2bb/frame_screening/video_21/frame_50/threshold__f50__close_iterations_0/summary.json,move_file,4069,1,dfe44431344579f2e8e02df21aec854bb676f48c71f43b631d442dc167db70e2,True
results/tests/21/threshold__f50__close_iterations=0_threshold_value=200/00_input.png,data/tests/detection/_shared_inputs/video_21/frame_50.png,deduplicate_identical_input,325879,1,a917f6254621d718150e44cb119c663914963ec2fea65069229932ff701b41e8,True
results/tests/21/threshold__f50__close_iterations=0_threshold_value=200/detections.csv,data/tests/detection/threshold/legacy_t200_c0__cfg1359249f/frame_screening/video_21/frame_50/threshold__f50__close_iterations_0_threshold_value_200/detections.csv,move_file,4306,1,aedbc681ce28ba6e40953cf02981ee93073c973f8217b7fc7cba52d01aacc4be,True
results/tests/21/threshold__f50__close_iterations=0_threshold_value=200/detections.png,data/tests/detection/threshold/legacy_t200_c0__cfg1359249f/frame_screening/video_21/frame_50/threshold__f50__close_iterations_0_threshold_value_200/detections.png,move_file,347029,1,821584e9076347ab111b23f58c3c7b19d8a91fdedce74a72eb68f21125a32f80,True
results/tests/21/threshold__f50__close_iterations=0_threshold_value=200/summary.json,data/tests/detection/threshold/legacy_t200_c0__cfg1359249f/frame_screening/video_21/frame_50/threshold__f50__close_iterations_0_threshold_value_200/summary.json,move_file,4321,1,05fb2ba291b55b4aeb0ef0866569055f10aef48348b61c9998b4df31940f0762,True
results/tests/21/threshold__f50__close_iterations=2_threshold_value=200/00_input.png,data/tests/detection/_shared_inputs/video_21/frame_50.png,deduplicate_identical_input,325879,1,a917f6254621d718150e44cb119c663914963ec2fea65069229932ff701b41e8,True
results/tests/21/threshold__f50__close_iterations=2_threshold_value=200/detections.csv,data/tests/detection/threshold/legacy_t200_c2__cfg5d0522c8/frame_screening/video_21/frame_50/threshold__f50__close_iterations_2_threshold_value_200/detections.csv,move_file,3917,1,b27912fe9e7f188a66ad6afab1caa9001e20bd03bdc9259b19f4cfea52c2489b,True
results/tests/21/threshold__f50__close_iterations=2_threshold_value=200/detections.png,data/tests/detection/threshold/legacy_t200_c2__cfg5d0522c8/frame_screening/video_21/frame_50/threshold__f50__close_iterations_2_threshold_value_200/detections.png,move_file,347357,1,0aeda6c171652a6b125bf1549a4197b63922ce281cdf93e6d4baa459a8f77888,True
results/tests/21/threshold__f50__close_iterations=2_threshold_value=200/summary.json,data/tests/detection/threshold/legacy_t200_c2__cfg5d0522c8/frame_screening/video_21/frame_50/threshold__f50__close_iterations_2_threshold_value_200/summary.json,move_file,3698,1,3152aceb68464b6b4aa28267565481ee76b9bc62338365d7890e3e8c020ca5ad,True
results/tests/21/threshold__f50__morph_iterations=2/00_input.png,data/tests/detection/_shared_inputs/video_21/frame_50.png,deduplicate_identical_input,325879,1,a917f6254621d718150e44cb119c663914963ec2fea65069229932ff701b41e8,True
results/tests/21/threshold__f50__morph_iterations=2/detections.csv,data/tests/detection/otsu/legacy_otsu_defaults__cfg76e32ed9/frame_screening/video_21/frame_50/threshold__f50__morph_iterations_2/detections.csv,move_file,3540,1,e574583efcf94822a42916e0ebf8d81cda824edda20b5ef01b587903c0637425,True
results/tests/21/threshold__f50__morph_iterations=2/detections.png,data/tests/detection/otsu/legacy_otsu_defaults__cfg76e32ed9/frame_screening/video_21/frame_50/threshold__f50__morph_iterations_2/detections.png,move_file,348815,1,7067e14872c5f5b661b51cc576ea27571f6cffabff5e53a894912799a6e37adf,True
results/tests/21/threshold__f50__morph_iterations=2/summary.json,data/tests/detection/otsu/legacy_otsu_defaults__cfg76e32ed9/frame_screening/video_21/frame_50/threshold__f50__morph_iterations_2/summary.json,move_file,3010,1,b42a514a6390b4d17cc361c0700905193d9080ccdd19282eccd51167dde23a04,True
results/tests/21/threshold__f50__morph_iterations=2_threshold_value=200/00_input.png,data/tests/detection/_shared_inputs/video_21/frame_50.png,deduplicate_identical_input,325879,1,a917f6254621d718150e44cb119c663914963ec2fea65069229932ff701b41e8,True
results/tests/21/threshold__f50__morph_iterations=2_threshold_value=200/detections.csv,data/tests/detection/threshold/legacy_t200_o2__cfga13617b6/frame_screening/video_21/frame_50/threshold__f50__morph_iterations_2_threshold_value_200/detections.csv,move_file,2944,1,c0362ce218ed7737d1351af6883429aed81cf84344e7a5fa05161b748b94ff2a,True
results/tests/21/threshold__f50__morph_iterations=2_threshold_value=200/detections.png,data/tests/detection/threshold/legacy_t200_o2__cfga13617b6/frame_screening/video_21/frame_50/threshold__f50__morph_iterations_2_threshold_value_200/detections.png,move_file,347996,1,1ae9bc280e840a4cb24b896c054ff1c405d98b0561f9aedb6b83e3585888fd43,True
results/tests/21/threshold__f50__morph_iterations=2_threshold_value=200/summary.json,data/tests/detection/threshold/legacy_t200_o2__cfga13617b6/frame_screening/video_21/frame_50/threshold__f50__morph_iterations_2_threshold_value_200/summary.json,move_file,2063,1,5c42b0d1ddf93060323d1e95d254a89635f006cfd25eb776d755734ed42761f3,True
results/tests/21/threshold__f50__threshold_value=180/00_input.png,data/tests/detection/_shared_inputs/video_21/frame_50.png,deduplicate_identical_input,325879,1,a917f6254621d718150e44cb119c663914963ec2fea65069229932ff701b41e8,True
results/tests/21/threshold__f50__threshold_value=180/detections.csv,data/tests/detection/threshold/legacy_t180__cfg1fd3f76e/frame_screening/video_21/frame_50/threshold__f50__threshold_value_180/detections.csv,move_file,3660,1,7838431d78fbd6d5165f23a7547d0087b1e0ba6f3b91cc2932aee25ab95a6fc5,True
results/tests/21/threshold__f50__threshold_value=180/detections.png,data/tests/detection/threshold/legacy_t180__cfg1fd3f76e/frame_screening/video_21/frame_50/threshold__f50__threshold_value_180/detections.png,move_file,347439,1,957eeebf3c4ad777c5a816e8fe4d47f161a2c56d2936504a882bcb9f9fbaf302,True
results/tests/21/threshold__f50__threshold_value=180/summary.json,data/tests/detection/threshold/legacy_t180__cfg1fd3f76e/frame_screening/video_21/frame_50/threshold__f50__threshold_value_180/summary.json,move_file,3217,1,661cf8cca20d14b1022a1c72b57ed1eaefa7f9072d87fc657319f854d1cfb442,True
results/tests/21/threshold__f50__threshold_value=190/00_input.png,data/tests/detection/_shared_inputs/video_21/frame_50.png,deduplicate_identical_input,325879,1,a917f6254621d718150e44cb119c663914963ec2fea65069229932ff701b41e8,True
results/tests/21/threshold__f50__threshold_value=190/detections.csv,data/tests/detection/threshold/legacy_t190__cfgfeeed012/frame_screening/video_21/frame_50/threshold__f50__threshold_value_190/detections.csv,move_file,3720,1,e66140e575996d9bc7342eaff6f638911575bd1d8e3b25236ba2c84bc97bf063,True
results/tests/21/threshold__f50__threshold_value=190/detections.png,data/tests/detection/threshold/legacy_t190__cfgfeeed012/frame_screening/video_21/frame_50/threshold__f50__threshold_value_190/detections.png,move_file,347380,1,e3feeedbe0d41f26d0d317184f55ae987f564d75d4f8406414854ec82714d423,True
results/tests/21/threshold__f50__threshold_value=190/summary.json,data/tests/detection/threshold/legacy_t190__cfgfeeed012/frame_screening/video_21/frame_50/threshold__f50__threshold_value_190/summary.json,move_file,3322,1,1358dc3443fefda2da65a319cbcaadd79a8a38da8a79ac4413a0e15c80429129,True
results/tests/21/threshold__f50__threshold_value=200/00_input.png,data/tests/detection/_shared_inputs/video_21/frame_50.png,deduplicate_identical_input,325879,1,a917f6254621d718150e44cb119c663914963ec2fea65069229932ff701b41e8,True
results/tests/21/threshold__f50__threshold_value=200/detections.csv,data/tests/detection/threshold/legacy_t200__cfg1f8f28ac/frame_screening/video_21/frame_50/threshold__f50__threshold_value_200/detections.csv,move_file,4178,1,498a74a94610fdeedab56e646c4f731609b4ad104bda1cbf1c4f43eaa7b5b960,True
results/tests/21/threshold__f50__threshold_value=200/detections.png,data/tests/detection/threshold/legacy_t200__cfg1f8f28ac/frame_screening/video_21/frame_50/threshold__f50__threshold_value_200/detections.png,move_file,347140,1,26f7753d900fbf9976d6e5f6cf83adb95b1bde9917f60e84960475717187c666,True
results/tests/21/threshold__f50__threshold_value=200/summary.json,data/tests/detection/threshold/legacy_t200__cfg1f8f28ac/frame_screening/video_21/frame_50/threshold__f50__threshold_value_200/summary.json,move_file,4088,1,b5baa7b1c06de73ab7883849e91b278038713ebd12c5c10f2b380a760b960a27,True
results/tests/21/threshold__f50__threshold_value=210/00_input.png,data/tests/detection/_shared_inputs/video_21/frame_50.png,deduplicate_identical_input,325879,1,a917f6254621d718150e44cb119c663914963ec2fea65069229932ff701b41e8,True
results/tests/21/threshold__f50__threshold_value=210/detections.csv,data/tests/detection/threshold/legacy_t210__cfg4310fa76/frame_screening/video_21/frame_50/threshold__f50__threshold_value_210/detections.csv,move_file,3979,1,b70c487596c96448ded72f90abcfb1758cea9be706e706407f10ae19a06be975,True
results/tests/21/threshold__f50__threshold_value=210/detections.png,data/tests/detection/threshold/legacy_t210__cfg4310fa76/frame_screening/video_21/frame_50/threshold__f50__threshold_value_210/detections.png,move_file,347370,1,aed367fffe06614868a53714d587a3ab126837aa156f06585102cf5bb089747a,True
results/tests/21/threshold__f50__threshold_value=210/summary.json,data/tests/detection/threshold/legacy_t210__cfg4310fa76/frame_screening/video_21/frame_50/threshold__f50__threshold_value_210/summary.json,move_file,3757,1,931e194deaaf0eacab715296047499ead89f00c106d0bdde96ecd48e48028b83,True
results/tests/22/threshold__f0/00_input.png,data/tests/detection/_shared_inputs/video_22/frame_0.png,move_file,273425,1,7863be1abcff0bf610eb50306a867da9ef4c8f2e02e195d7666acaa4e781698e,True
results/tests/22/threshold__f0/detections.csv,data/tests/detection/otsu/legacy_otsu_defaults__cfgbbaffb3e/frame_screening/video_22/frame_0/threshold__f0/detections.csv,move_file,2884,1,44b4856677c5f2740897d85f1a049fd35ff48b157f0e7652132dca05dcf269d6,True
results/tests/22/threshold__f0/detections.png,data/tests/detection/otsu/legacy_otsu_defaults__cfgbbaffb3e/frame_screening/video_22/frame_0/threshold__f0/detections.png,move_file,292607,1,8cb195ae4aed9f7a673682f268086f3edc86aa19135efdcf837fac6604dfb3cc,True
results/tests/22/threshold__f0/summary.json,data/tests/detection/otsu/legacy_otsu_defaults__cfgbbaffb3e/frame_screening/video_22/frame_0/threshold__f0/summary.json,move_file,3612,1,19dc0544cb1fc4a5c91602447bc2aae85223491399d22aa052bdad468cd6d82d,True
results/tests/22/threshold__f0__close_iterations=0/00_input.png,data/tests/detection/_shared_inputs/video_22/frame_0.png,deduplicate_identical_input,273425,1,7863be1abcff0bf610eb50306a867da9ef4c8f2e02e195d7666acaa4e781698e,True
results/tests/22/threshold__f0__close_iterations=0/detections.csv,data/tests/detection/otsu/legacy_otsu_defaults__cfg4633c2bb/frame_screening/video_22/frame_0/threshold__f0__close_iterations_0/detections.csv,move_file,3136,1,1fdd240e86766468f485ef48b307c26d2aed8b744900106ab003616be0565246,True
results/tests/22/threshold__f0__close_iterations=0/detections.png,data/tests/detection/otsu/legacy_otsu_defaults__cfg4633c2bb/frame_screening/video_22/frame_0/threshold__f0__close_iterations_0/detections.png,move_file,292376,1,7d05ec6ed70f147e6ffc86852827d4371140a23bd09ce3da0b17e83e7c1901b3,True
results/tests/22/threshold__f0__close_iterations=0/summary.json,data/tests/detection/otsu/legacy_otsu_defaults__cfg4633c2bb/frame_screening/video_22/frame_0/threshold__f0__close_iterations_0/summary.json,move_file,4065,1,fc7bf3cb6c5d2de32b8472e4601f808d4582a5afe95163453f85134f8de1ef49,True
results/tests/22/threshold__f0__close_iterations=0_threshold_value=200/00_input.png,data/tests/detection/_shared_inputs/video_22/frame_0.png,deduplicate_identical_input,273425,1,7863be1abcff0bf610eb50306a867da9ef4c8f2e02e195d7666acaa4e781698e,True
results/tests/22/threshold__f0__close_iterations=0_threshold_value=200/detections.csv,data/tests/detection/threshold/legacy_t200_c0__cfg1359249f/frame_screening/video_22/frame_0/threshold__f0__close_iterations_0_threshold_value_200/detections.csv,move_file,2028,1,9702479558738555339d084d48d20cec6956b364fbfc9daf188950e0cf9ab6a2,True
results/tests/22/threshold__f0__close_iterations=0_threshold_value=200/detections.png,data/tests/detection/threshold/legacy_t200_c0__cfg1359249f/frame_screening/video_22/frame_0/threshold__f0__close_iterations_0_threshold_value_200/detections.png,move_file,291826,1,b6c8c1d54d2997c8d41b6b0e4d8cb4779ab1351667879eed22d29ea5c7a8c217,True
results/tests/22/threshold__f0__close_iterations=0_threshold_value=200/summary.json,data/tests/detection/threshold/legacy_t200_c0__cfg1359249f/frame_screening/video_22/frame_0/threshold__f0__close_iterations_0_threshold_value_200/summary.json,move_file,2236,1,a7fe7edd1d83469d0c7557dc9d56a8274e7e0bb92e9d28a621c828794d260c27,True
results/tests/22/threshold__f0__close_iterations=2_threshold_value=200/00_input.png,data/tests/detection/_shared_inputs/video_22/frame_0.png,deduplicate_identical_input,273425,1,7863be1abcff0bf610eb50306a867da9ef4c8f2e02e195d7666acaa4e781698e,True
results/tests/22/threshold__f0__close_iterations=2_threshold_value=200/detections.csv,data/tests/detection/threshold/legacy_t200_c2__cfg5d0522c8/frame_screening/video_22/frame_0/threshold__f0__close_iterations_2_threshold_value_200/detections.csv,move_file,2028,1,9702479558738555339d084d48d20cec6956b364fbfc9daf188950e0cf9ab6a2,True
results/tests/22/threshold__f0__close_iterations=2_threshold_value=200/detections.png,data/tests/detection/threshold/legacy_t200_c2__cfg5d0522c8/frame_screening/video_22/frame_0/threshold__f0__close_iterations_2_threshold_value_200/detections.png,move_file,291826,1,b6c8c1d54d2997c8d41b6b0e4d8cb4779ab1351667879eed22d29ea5c7a8c217,True
results/tests/22/threshold__f0__close_iterations=2_threshold_value=200/summary.json,data/tests/detection/threshold/legacy_t200_c2__cfg5d0522c8/frame_screening/video_22/frame_0/threshold__f0__close_iterations_2_threshold_value_200/summary.json,move_file,2268,1,8b84412e92a242ae32fb093d00a5cbbf89ffcce5c5afa4260fa0a6013883f553,True
results/tests/22/threshold__f0__morph_iterations=2/00_input.png,data/tests/detection/_shared_inputs/video_22/frame_0.png,deduplicate_identical_input,273425,1,7863be1abcff0bf610eb50306a867da9ef4c8f2e02e195d7666acaa4e781698e,True
results/tests/22/threshold__f0__morph_iterations=2/detections.csv,data/tests/detection/otsu/legacy_otsu_defaults__cfg76e32ed9/frame_screening/video_22/frame_0/threshold__f0__morph_iterations_2/detections.csv,move_file,2628,1,b0a23d35b27044a7167f0f9152e53f1466a35690006e3e75a7a0703ae5f050b6,True
results/tests/22/threshold__f0__morph_iterations=2/detections.png,data/tests/detection/otsu/legacy_otsu_defaults__cfg76e32ed9/frame_screening/video_22/frame_0/threshold__f0__morph_iterations_2/detections.png,move_file,293388,1,e8cb2949dd05d507bf2d2a51518c0cfdd1409fdd7ce070888e900cd251ba7d83,True
results/tests/22/threshold__f0__morph_iterations=2/summary.json,data/tests/detection/otsu/legacy_otsu_defaults__cfg76e32ed9/frame_screening/video_22/frame_0/threshold__f0__morph_iterations_2/summary.json,move_file,3227,1,08417b63be76cd3ccc73188d32edfd91b7dbf6286dc14ead4cc30c5ef8644fb9,True
results/tests/22/threshold__f0__morph_iterations=2_threshold_value=200/00_input.png,data/tests/detection/_shared_inputs/video_22/frame_0.png,deduplicate_identical_input,273425,1,7863be1abcff0bf610eb50306a867da9ef4c8f2e02e195d7666acaa4e781698e,True
results/tests/22/threshold__f0__morph_iterations=2_threshold_value=200/detections.csv,data/tests/detection/threshold/legacy_t200_o2__cfga13617b6/frame_screening/video_22/frame_0/threshold__f0__morph_iterations_2_threshold_value_200/detections.csv,move_file,1280,1,57ec681b7355014901a0453f5dda1e35dca26c888451671fe66145919478f5c1,True
results/tests/22/threshold__f0__morph_iterations=2_threshold_value=200/detections.png,data/tests/detection/threshold/legacy_t200_o2__cfga13617b6/frame_screening/video_22/frame_0/threshold__f0__morph_iterations_2_threshold_value_200/detections.png,move_file,292322,1,7bfb73aca82dfc2ca21a58bcd135374dd20c0227fc1f8122c36ab9e98b061ea2,True
results/tests/22/threshold__f0__morph_iterations=2_threshold_value=200/summary.json,data/tests/detection/threshold/legacy_t200_o2__cfga13617b6/frame_screening/video_22/frame_0/threshold__f0__morph_iterations_2_threshold_value_200/summary.json,move_file,965,1,1e53fb47680d2c1a9d23c8020105e0d9728e9da5b485ed993daa4cf5a52730ea,True
results/tests/22/threshold__f0__threshold_value=180/00_input.png,data/tests/detection/_shared_inputs/video_22/frame_0.png,deduplicate_identical_input,273425,1,7863be1abcff0bf610eb50306a867da9ef4c8f2e02e195d7666acaa4e781698e,True
results/tests/22/threshold__f0__threshold_value=180/detections.csv,data/tests/detection/threshold/legacy_t180__cfg1fd3f76e/frame_screening/video_22/frame_0/threshold__f0__threshold_value_180/detections.csv,move_file,2284,1,7481adefcbc983288f715a7267e63c2d0b483ee85db283cf7a743474922af36e,True
results/tests/22/threshold__f0__threshold_value=180/detections.png,data/tests/detection/threshold/legacy_t180__cfg1fd3f76e/frame_screening/video_22/frame_0/threshold__f0__threshold_value_180/detections.png,move_file,291575,1,dcf9e67a0f97fc6e8f57b4cf91e37a9fbd7a72b18e15ce339fb809f45de821cb,True
results/tests/22/threshold__f0__threshold_value=180/summary.json,data/tests/detection/threshold/legacy_t180__cfg1fd3f76e/frame_screening/video_22/frame_0/threshold__f0__threshold_value_180/summary.json,move_file,2659,1,e0b05e14d1f99ae3d352ec4a4e3bb6b0d1f2799e0fe9dc6f75c8212ee5d02f23,True
results/tests/22/threshold__f0__threshold_value=190/00_input.png,data/tests/detection/_shared_inputs/video_22/frame_0.png,deduplicate_identical_input,273425,1,7863be1abcff0bf610eb50306a867da9ef4c8f2e02e195d7666acaa4e781698e,True
results/tests/22/threshold__f0__threshold_value=190/detections.csv,data/tests/detection/threshold/legacy_t190__cfgfeeed012/frame_screening/video_22/frame_0/threshold__f0__threshold_value_190/detections.csv,move_file,2153,1,f9c2b163f4b03efafd54a184d044264cf63cd739509694d61ae4e190e27cb2c4,True
results/tests/22/threshold__f0__threshold_value=190/detections.png,data/tests/detection/threshold/legacy_t190__cfgfeeed012/frame_screening/video_22/frame_0/threshold__f0__threshold_value_190/detections.png,move_file,291661,1,9cad3d6eab625b8bbb6172412a341afe15797da73d67b033160f58fd5f69a2d6,True
results/tests/22/threshold__f0__threshold_value=190/summary.json,data/tests/detection/threshold/legacy_t190__cfgfeeed012/frame_screening/video_22/frame_0/threshold__f0__threshold_value_190/summary.json,move_file,2439,1,80f0d638368dcb650c2929790f2bf285a1cd4826b1b7ba4a11ba4e2ec4db62f5,True
results/tests/22/threshold__f0__threshold_value=200/00_input.png,data/tests/detection/_shared_inputs/video_22/frame_0.png,deduplicate_identical_input,273425,1,7863be1abcff0bf610eb50306a867da9ef4c8f2e02e195d7666acaa4e781698e,True
results/tests/22/threshold__f0__threshold_value=200/detections.csv,data/tests/detection/threshold/legacy_t200__cfg1f8f28ac/frame_screening/video_22/frame_0/threshold__f0__threshold_value_200/detections.csv,move_file,2028,1,9702479558738555339d084d48d20cec6956b364fbfc9daf188950e0cf9ab6a2,True
results/tests/22/threshold__f0__threshold_value=200/detections.png,data/tests/detection/threshold/legacy_t200__cfg1f8f28ac/frame_screening/video_22/frame_0/threshold__f0__threshold_value_200/detections.png,move_file,291826,1,b6c8c1d54d2997c8d41b6b0e4d8cb4779ab1351667879eed22d29ea5c7a8c217,True
results/tests/22/threshold__f0__threshold_value=200/summary.json,data/tests/detection/threshold/legacy_t200__cfg1f8f28ac/frame_screening/video_22/frame_0/threshold__f0__threshold_value_200/summary.json,move_file,2221,1,79978bea5499864c01ed7cd69983143489dff1e35826ad620e4ba33675fb240d,True
results/tests/22/threshold__f0__threshold_value=210/00_input.png,data/tests/detection/_shared_inputs/video_22/frame_0.png,deduplicate_identical_input,273425,1,7863be1abcff0bf610eb50306a867da9ef4c8f2e02e195d7666acaa4e781698e,True
results/tests/22/threshold__f0__threshold_value=210/detections.csv,data/tests/detection/threshold/legacy_t210__cfg4310fa76/frame_screening/video_22/frame_0/threshold__f0__threshold_value_210/detections.csv,move_file,1839,1,1ca85ff04005da87038e425e01a488be535f6906c4761a5e81bd1f2154ea7648,True
results/tests/22/threshold__f0__threshold_value=210/detections.png,data/tests/detection/threshold/legacy_t210__cfg4310fa76/frame_screening/video_22/frame_0/threshold__f0__threshold_value_210/detections.png,move_file,292048,1,fcd654ea0c0dc3316d6d98565a3ecf51da68e6e70150ebb2a72dff6483b61802,True
results/tests/22/threshold__f0__threshold_value=210/summary.json,data/tests/detection/threshold/legacy_t210__cfg4310fa76/frame_screening/video_22/frame_0/threshold__f0__threshold_value_210/summary.json,move_file,1894,1,73fab9fd988b078d62ecbd07a030d1dd3ba180ff8908425b5fa3f1979e22a727,True
results/tests/22/threshold__f100/00_input.png,data/tests/detection/_shared_inputs/video_22/frame_100.png,move_file,227540,1,892c636195828fa9537469fd0031ac2e0073ca2a2bcf19b841deab5af5d5823e,True
results/tests/22/threshold__f100/detections.csv,data/tests/detection/otsu/legacy_otsu_defaults__cfgbbaffb3e/frame_screening/video_22/frame_100/threshold__f100/detections.csv,move_file,3004,1,ef0f1258d18537b2f8d1f204d718ec87589e4730c86803ea9d4b546e84c4fec7,True
results/tests/22/threshold__f100/detections.png,data/tests/detection/otsu/legacy_otsu_defaults__cfgbbaffb3e/frame_screening/video_22/frame_100/threshold__f100/detections.png,move_file,245037,1,cf8c96ecd2c1d3ba411b0c1304abeee0ebb30d5d209ea322c9e941218ef53f15,True
results/tests/22/threshold__f100/summary.json,data/tests/detection/otsu/legacy_otsu_defaults__cfgbbaffb3e/frame_screening/video_22/frame_100/threshold__f100/summary.json,move_file,3618,1,74ffa2ef1e003c5598acae55625a8bc8761b0c102bbc07771c1cd2ff72fa5397,True
results/tests/22/threshold__f100__close_iterations=0/00_input.png,data/tests/detection/_shared_inputs/video_22/frame_100.png,deduplicate_identical_input,227540,1,892c636195828fa9537469fd0031ac2e0073ca2a2bcf19b841deab5af5d5823e,True
results/tests/22/threshold__f100__close_iterations=0/detections.csv,data/tests/detection/otsu/legacy_otsu_defaults__cfg4633c2bb/frame_screening/video_22/frame_100/threshold__f100__close_iterations_0/detections.csv,move_file,3265,1,bcb07134f92c0f6d9f10cf827acb11bff411d23158ba10f571d2447c70f4430c,True
results/tests/22/threshold__f100__close_iterations=0/detections.png,data/tests/detection/otsu/legacy_otsu_defaults__cfg4633c2bb/frame_screening/video_22/frame_100/threshold__f100__close_iterations_0/detections.png,move_file,244846,1,64e4dd5cfaf93d40d118f010d15ce9c97358c63174bdc767f436c4062647d261,True
results/tests/22/threshold__f100__close_iterations=0/summary.json,data/tests/detection/otsu/legacy_otsu_defaults__cfg4633c2bb/frame_screening/video_22/frame_100/threshold__f100__close_iterations_0/summary.json,move_file,4071,1,346ba0fcd67da4a9033f534c58f975a381bcc345231be266d4e290d60b93d544,True
results/tests/22/threshold__f100__close_iterations=0_threshold_value=200/00_input.png,data/tests/detection/_shared_inputs/video_22/frame_100.png,deduplicate_identical_input,227540,1,892c636195828fa9537469fd0031ac2e0073ca2a2bcf19b841deab5af5d5823e,True
results/tests/22/threshold__f100__close_iterations=0_threshold_value=200/detections.csv,data/tests/detection/threshold/legacy_t200_c0__cfg1359249f/frame_screening/video_22/frame_100/threshold__f100__close_iterations_0_threshold_value_200/detections.csv,move_file,2119,1,12c2cd4769cec747b7632ced411b23f73dfc97cd8364b8e35953778472b90eee,True
results/tests/22/threshold__f100__close_iterations=0_threshold_value=200/detections.png,data/tests/detection/threshold/legacy_t200_c0__cfg1359249f/frame_screening/video_22/frame_100/threshold__f100__close_iterations_0_threshold_value_200/detections.png,move_file,244134,1,c8c6d5d4c5212336dae473500613d2c1046d1841323f0524c1d62dc7f994cdaf,True
results/tests/22/threshold__f100__close_iterations=0_threshold_value=200/summary.json,data/tests/detection/threshold/legacy_t200_c0__cfg1359249f/frame_screening/video_22/frame_100/threshold__f100__close_iterations_0_threshold_value_200/summary.json,move_file,2239,1,505db710faca7646abbae2341fb23ff0e3f584a28179819f436eaaa5875f0d34,True
results/tests/22/threshold__f100__close_iterations=2_threshold_value=200/00_input.png,data/tests/detection/_shared_inputs/video_22/frame_100.png,deduplicate_identical_input,227540,1,892c636195828fa9537469fd0031ac2e0073ca2a2bcf19b841deab5af5d5823e,True
results/tests/22/threshold__f100__close_iterations=2_threshold_value=200/detections.csv,data/tests/detection/threshold/legacy_t200_c2__cfg5d0522c8/frame_screening/video_22/frame_100/threshold__f100__close_iterations_2_threshold_value_200/detections.csv,move_file,2119,1,12c2cd4769cec747b7632ced411b23f73dfc97cd8364b8e35953778472b90eee,True
results/tests/22/threshold__f100__close_iterations=2_threshold_value=200/detections.png,data/tests/detection/threshold/legacy_t200_c2__cfg5d0522c8/frame_screening/video_22/frame_100/threshold__f100__close_iterations_2_threshold_value_200/detections.png,move_file,244134,1,c8c6d5d4c5212336dae473500613d2c1046d1841323f0524c1d62dc7f994cdaf,True
results/tests/22/threshold__f100__close_iterations=2_threshold_value=200/summary.json,data/tests/detection/threshold/legacy_t200_c2__cfg5d0522c8/frame_screening/video_22/frame_100/threshold__f100__close_iterations_2_threshold_value_200/summary.json,move_file,2271,1,c375ecc4e30aabf80c43ba488b2d3bc9d7fa7cf1023b10d4e869ab83d0e0ce32,True
results/tests/22/threshold__f100__morph_iterations=2/00_input.png,data/tests/detection/_shared_inputs/video_22/frame_100.png,deduplicate_identical_input,227540,1,892c636195828fa9537469fd0031ac2e0073ca2a2bcf19b841deab5af5d5823e,True
results/tests/22/threshold__f100__morph_iterations=2/detections.csv,data/tests/detection/otsu/legacy_otsu_defaults__cfg76e32ed9/frame_screening/video_22/frame_100/threshold__f100__morph_iterations_2/detections.csv,move_file,2935,1,bac2806e8899b06674f8b4307cdfb2d43f979fe018c9a1a42ab4a745ca9dc395,True
results/tests/22/threshold__f100__morph_iterations=2/detections.png,data/tests/detection/otsu/legacy_otsu_defaults__cfg76e32ed9/frame_screening/video_22/frame_100/threshold__f100__morph_iterations_2/detections.png,move_file,245414,1,ec6fb5fdee12dcbcabe8633189d13f5d8a74be9976ad55e939727fc4b398dff1,True
results/tests/22/threshold__f100__morph_iterations=2/summary.json,data/tests/detection/otsu/legacy_otsu_defaults__cfg76e32ed9/frame_screening/video_22/frame_100/threshold__f100__morph_iterations_2/summary.json,move_file,3559,1,329e0d7f8e2dcfe4953291b4910d2660c422fd2f0531047b76461d1cba89b504,True
results/tests/22/threshold__f100__morph_iterations=2_threshold_value=200/00_input.png,data/tests/detection/_shared_inputs/video_22/frame_100.png,deduplicate_identical_input,227540,1,892c636195828fa9537469fd0031ac2e0073ca2a2bcf19b841deab5af5d5823e,True
results/tests/22/threshold__f100__morph_iterations=2_threshold_value=200/detections.csv,data/tests/detection/threshold/legacy_t200_o2__cfga13617b6/frame_screening/video_22/frame_100/threshold__f100__morph_iterations_2_threshold_value_200/detections.csv,move_file,1285,1,bb8a4ee1234383ef40fe0e8462b0bc7f28501cbb2ad555a518e4da5869998818,True
results/tests/22/threshold__f100__morph_iterations=2_threshold_value=200/detections.png,data/tests/detection/threshold/legacy_t200_o2__cfga13617b6/frame_screening/video_22/frame_100/threshold__f100__morph_iterations_2_threshold_value_200/detections.png,move_file,244846,1,9d963fbe48b5e971ba22da4c35aaddd1c1deaf25e2cc2e0ffb46632d6881f057,True
results/tests/22/threshold__f100__morph_iterations=2_threshold_value=200/summary.json,data/tests/detection/threshold/legacy_t200_o2__cfga13617b6/frame_screening/video_22/frame_100/threshold__f100__morph_iterations_2_threshold_value_200/summary.json,move_file,862,1,059527fbdca4db179d6122bf410090a9730dcdbcf6c84632c8f6e5913c685528,True
results/tests/22/threshold__f100__threshold_value=180/00_input.png,data/tests/detection/_shared_inputs/video_22/frame_100.png,deduplicate_identical_input,227540,1,892c636195828fa9537469fd0031ac2e0073ca2a2bcf19b841deab5af5d5823e,True
results/tests/22/threshold__f100__threshold_value=180/detections.csv,data/tests/detection/threshold/legacy_t180__cfg1fd3f76e/frame_screening/video_22/frame_100/threshold__f100__threshold_value_180/detections.csv,move_file,2383,1,256c2db6b0d5eafae96f437c412461b490ae8ebcf8856a8d6e5810d124b1ecbe,True
results/tests/22/threshold__f100__threshold_value=180/detections.png,data/tests/detection/threshold/legacy_t180__cfg1fd3f76e/frame_screening/video_22/frame_100/threshold__f100__threshold_value_180/detections.png,move_file,243784,1,7e5065138b0ac71e143b6f831ff6672ebaff319056c05add33a157b1f64e6d8e,True
results/tests/22/threshold__f100__threshold_value=180/summary.json,data/tests/detection/threshold/legacy_t180__cfg1fd3f76e/frame_screening/video_22/frame_100/threshold__f100__threshold_value_180/summary.json,move_file,2662,1,151fdd8777cb8ec4d952fc2f0b7b282c16de3442dcba3900340c578550ee1d62,True
results/tests/22/threshold__f100__threshold_value=190/00_input.png,data/tests/detection/_shared_inputs/video_22/frame_100.png,deduplicate_identical_input,227540,1,892c636195828fa9537469fd0031ac2e0073ca2a2bcf19b841deab5af5d5823e,True
results/tests/22/threshold__f100__threshold_value=190/detections.csv,data/tests/detection/threshold/legacy_t190__cfgfeeed012/frame_screening/video_22/frame_100/threshold__f100__threshold_value_190/detections.csv,move_file,2374,1,31516170d5507eb232237faf35f0dc6aa25142099b11eb33d326258d84353ea4,True
results/tests/22/threshold__f100__threshold_value=190/detections.png,data/tests/detection/threshold/legacy_t190__cfgfeeed012/frame_screening/video_22/frame_100/threshold__f100__threshold_value_190/detections.png,move_file,243920,1,d754c97696159ee6ca6b3569e503b9e7ed9cbbd4976abcc2fe999343656955b2,True
results/tests/22/threshold__f100__threshold_value=190/summary.json,data/tests/detection/threshold/legacy_t190__cfgfeeed012/frame_screening/video_22/frame_100/threshold__f100__threshold_value_190/summary.json,move_file,2657,1,34efdb5954a6ab7f48095d286db3b390a38ba2cd2ef8348683d85a27db5330b3,True
results/tests/22/threshold__f100__threshold_value=200/00_input.png,data/tests/detection/_shared_inputs/video_22/frame_100.png,deduplicate_identical_input,227540,1,892c636195828fa9537469fd0031ac2e0073ca2a2bcf19b841deab5af5d5823e,True
results/tests/22/threshold__f100__threshold_value=200/detections.csv,data/tests/detection/threshold/legacy_t200__cfg1f8f28ac/frame_screening/video_22/frame_100/threshold__f100__threshold_value_200/detections.csv,move_file,2119,1,12c2cd4769cec747b7632ced411b23f73dfc97cd8364b8e35953778472b90eee,True
results/tests/22/threshold__f100__threshold_value=200/detections.png,data/tests/detection/threshold/legacy_t200__cfg1f8f28ac/frame_screening/video_22/frame_100/threshold__f100__threshold_value_200/detections.png,move_file,244134,1,c8c6d5d4c5212336dae473500613d2c1046d1841323f0524c1d62dc7f994cdaf,True
results/tests/22/threshold__f100__threshold_value=200/summary.json,data/tests/detection/threshold/legacy_t200__cfg1f8f28ac/frame_screening/video_22/frame_100/threshold__f100__threshold_value_200/summary.json,move_file,2224,1,4a2bf0110d93faaa8d0e2cab73ae69aa17c93ee936bc5db1bba8b340b7381f26,True
results/tests/22/threshold__f100__threshold_value=210/00_input.png,data/tests/detection/_shared_inputs/video_22/frame_100.png,deduplicate_identical_input,227540,1,892c636195828fa9537469fd0031ac2e0073ca2a2bcf19b841deab5af5d5823e,True
results/tests/22/threshold__f100__threshold_value=210/detections.csv,data/tests/detection/threshold/legacy_t210__cfg4310fa76/frame_screening/video_22/frame_100/threshold__f100__threshold_value_210/detections.csv,move_file,1925,1,023508c032c34f9c13e2756bc571282f27f5f9f0f35e0a80197d38f206cf8508,True
results/tests/22/threshold__f100__threshold_value=210/detections.png,data/tests/detection/threshold/legacy_t210__cfg4310fa76/frame_screening/video_22/frame_100/threshold__f100__threshold_value_210/detections.png,move_file,244325,1,a0e280b7dd3ff25e742b5352c7de6b1a9a27f27fba3fb8071bea4c68e3c13e57,True
results/tests/22/threshold__f100__threshold_value=210/summary.json,data/tests/detection/threshold/legacy_t210__cfg4310fa76/frame_screening/video_22/frame_100/threshold__f100__threshold_value_210/summary.json,move_file,1897,1,c748f51caae2fa58ea87f20d3910b62a68f564771dad055af2ada4c1c2cfbf29,True
results/tests/22/threshold__f50/00_input.png,data/tests/detection/_shared_inputs/video_22/frame_50.png,move_file,223613,1,78e9610adc469f48bbcbcf3e709082e5411ef085ebc14765ebc055041a9ff0a0,True
results/tests/22/threshold__f50/detections.csv,data/tests/detection/otsu/legacy_otsu_defaults__cfgbbaffb3e/frame_screening/video_22/frame_50/threshold__f50/detections.csv,move_file,2769,1,9815e37f1895b091d88b1738212973c6c0a57a73097654635bae09da3669be55,True
results/tests/22/threshold__f50/detections.png,data/tests/detection/otsu/legacy_otsu_defaults__cfgbbaffb3e/frame_screening/video_22/frame_50/threshold__f50/detections.png,move_file,241642,1,0960935f19dd03d3d3df9054938119573022ff43ca687599a5dc8432dded8b06,True
results/tests/22/threshold__f50/summary.json,data/tests/detection/otsu/legacy_otsu_defaults__cfgbbaffb3e/frame_screening/video_22/frame_50/threshold__f50/summary.json,move_file,3286,1,5d620caba988113d1277af26a54ea01e7461d33d87bed5da24df526b41e9ac37,True
results/tests/22/threshold__f50__close_iterations=0/00_input.png,data/tests/detection/_shared_inputs/video_22/frame_50.png,deduplicate_identical_input,223613,1,78e9610adc469f48bbcbcf3e709082e5411ef085ebc14765ebc055041a9ff0a0,True
results/tests/22/threshold__f50__close_iterations=0/detections.csv,data/tests/detection/otsu/legacy_otsu_defaults__cfg4633c2bb/frame_screening/video_22/frame_50/threshold__f50__close_iterations_0/detections.csv,move_file,3024,1,3466b35ef1e2231053f329348da55d6a848f2c65ce769afac69b67d2fe32201d,True
results/tests/22/threshold__f50__close_iterations=0/detections.png,data/tests/detection/otsu/legacy_otsu_defaults__cfg4633c2bb/frame_screening/video_22/frame_50/threshold__f50__close_iterations_0/detections.png,move_file,241997,1,fb8734db896e39a94f242b4ffecb11447a81e73ebc18b4f743d8c62c205905e4,True
results/tests/22/threshold__f50__close_iterations=0/summary.json,data/tests/detection/otsu/legacy_otsu_defaults__cfg4633c2bb/frame_screening/video_22/frame_50/threshold__f50__close_iterations_0/summary.json,move_file,3740,1,a5b08effd3ebbc4d7b89f1a85370ba6c55a0d391adfb3a6d6e1ed18481a06b52,True
results/tests/22/threshold__f50__close_iterations=0_threshold_value=200/00_input.png,data/tests/detection/_shared_inputs/video_22/frame_50.png,deduplicate_identical_input,223613,1,78e9610adc469f48bbcbcf3e709082e5411ef085ebc14765ebc055041a9ff0a0,True
results/tests/22/threshold__f50__close_iterations=0_threshold_value=200/detections.csv,data/tests/detection/threshold/legacy_t200_c0__cfg1359249f/frame_screening/video_22/frame_50/threshold__f50__close_iterations_0_threshold_value_200/detections.csv,move_file,2159,1,3e2add5fa3ba1b6745f4cb730d18f14e60dc09bdd895430569294b1b1b9fbefc,True
results/tests/22/threshold__f50__close_iterations=0_threshold_value=200/detections.png,data/tests/detection/threshold/legacy_t200_c0__cfg1359249f/frame_screening/video_22/frame_50/threshold__f50__close_iterations_0_threshold_value_200/detections.png,move_file,240645,1,0fba30a68b5cb61bc7ead9f9dce15df0207d8bd26d700289083e34d38cec3a1c,True
results/tests/22/threshold__f50__close_iterations=0_threshold_value=200/summary.json,data/tests/detection/threshold/legacy_t200_c0__cfg1359249f/frame_screening/video_22/frame_50/threshold__f50__close_iterations_0_threshold_value_200/summary.json,move_file,2347,1,4e4eebfe948f8cc4bbd46204a641427a71de58f20bfdcadf0ad88228a4bde899,True
results/tests/22/threshold__f50__close_iterations=2_threshold_value=200/00_input.png,data/tests/detection/_shared_inputs/video_22/frame_50.png,deduplicate_identical_input,223613,1,78e9610adc469f48bbcbcf3e709082e5411ef085ebc14765ebc055041a9ff0a0,True
results/tests/22/threshold__f50__close_iterations=2_threshold_value=200/detections.csv,data/tests/detection/threshold/legacy_t200_c2__cfg5d0522c8/frame_screening/video_22/frame_50/threshold__f50__close_iterations_2_threshold_value_200/detections.csv,move_file,2159,1,3e2add5fa3ba1b6745f4cb730d18f14e60dc09bdd895430569294b1b1b9fbefc,True
results/tests/22/threshold__f50__close_iterations=2_threshold_value=200/detections.png,data/tests/detection/threshold/legacy_t200_c2__cfg5d0522c8/frame_screening/video_22/frame_50/threshold__f50__close_iterations_2_threshold_value_200/detections.png,move_file,240645,1,0fba30a68b5cb61bc7ead9f9dce15df0207d8bd26d700289083e34d38cec3a1c,True
results/tests/22/threshold__f50__close_iterations=2_threshold_value=200/summary.json,data/tests/detection/threshold/legacy_t200_c2__cfg5d0522c8/frame_screening/video_22/frame_50/threshold__f50__close_iterations_2_threshold_value_200/summary.json,move_file,2379,1,7ad6ed0f3506c6f1f6926b2a57dc9772261ffc50ca7a9e0c0a5799bc08685db8,True
results/tests/22/threshold__f50__morph_iterations=2/00_input.png,data/tests/detection/_shared_inputs/video_22/frame_50.png,deduplicate_identical_input,223613,1,78e9610adc469f48bbcbcf3e709082e5411ef085ebc14765ebc055041a9ff0a0,True
results/tests/22/threshold__f50__morph_iterations=2/detections.csv,data/tests/detection/otsu/legacy_otsu_defaults__cfg76e32ed9/frame_screening/video_22/frame_50/threshold__f50__morph_iterations_2/detections.csv,move_file,2962,1,d435624211a2280b1c673c5bf5e76659383447589f40f923208b65172ec12d3e,True
results/tests/22/threshold__f50__morph_iterations=2/detections.png,data/tests/detection/otsu/legacy_otsu_defaults__cfg76e32ed9/frame_screening/video_22/frame_50/threshold__f50__morph_iterations_2/detections.png,move_file,241268,1,9edc9741f658dd6bb536c6e6687a696e41ee72b429c0095113303c79652773ad,True
results/tests/22/threshold__f50__morph_iterations=2/summary.json,data/tests/detection/otsu/legacy_otsu_defaults__cfg76e32ed9/frame_screening/video_22/frame_50/threshold__f50__morph_iterations_2/summary.json,move_file,3667,1,bc4a848f80030eb5859371d8fa6f80bd2a34d029202fdad3a5a71152962f3f39,True
results/tests/22/threshold__f50__morph_iterations=2_threshold_value=200/00_input.png,data/tests/detection/_shared_inputs/video_22/frame_50.png,deduplicate_identical_input,223613,1,78e9610adc469f48bbcbcf3e709082e5411ef085ebc14765ebc055041a9ff0a0,True
results/tests/22/threshold__f50__morph_iterations=2_threshold_value=200/detections.csv,data/tests/detection/threshold/legacy_t200_o2__cfga13617b6/frame_screening/video_22/frame_50/threshold__f50__morph_iterations_2_threshold_value_200/detections.csv,move_file,1274,1,dd788e9678405acf6cbca985de4a03c9bd4905d7a9ccf87c672867d7eecc972c,True
results/tests/22/threshold__f50__morph_iterations=2_threshold_value=200/detections.png,data/tests/detection/threshold/legacy_t200_o2__cfga13617b6/frame_screening/video_22/frame_50/threshold__f50__morph_iterations_2_threshold_value_200/detections.png,move_file,241405,1,37561cce31b342c308ea9fbdebae9350228dbdaaf3fa67807923b76aebf53f9b,True
results/tests/22/threshold__f50__morph_iterations=2_threshold_value=200/summary.json,data/tests/detection/threshold/legacy_t200_o2__cfga13617b6/frame_screening/video_22/frame_50/threshold__f50__morph_iterations_2_threshold_value_200/summary.json,move_file,861,1,185818874a455600e764101273f9e80ae8e47602f5da82ac134a5f118dff5a77,True
results/tests/22/threshold__f50__threshold_value=180/00_input.png,data/tests/detection/_shared_inputs/video_22/frame_50.png,deduplicate_identical_input,223613,1,78e9610adc469f48bbcbcf3e709082e5411ef085ebc14765ebc055041a9ff0a0,True
results/tests/22/threshold__f50__threshold_value=180/detections.csv,data/tests/detection/threshold/legacy_t180__cfg1fd3f76e/frame_screening/video_22/frame_50/threshold__f50__threshold_value_180/detections.csv,move_file,2418,1,a2932fbdb3b2664cf3bfe23d0badba32a3d8c23605cab2d978eef40a482d179f,True
results/tests/22/threshold__f50__threshold_value=180/detections.png,data/tests/detection/threshold/legacy_t180__cfg1fd3f76e/frame_screening/video_22/frame_50/threshold__f50__threshold_value_180/detections.png,move_file,240397,1,6bac8bf47112e284fece489654fff3bdc69841a2fe9cc221e4b00e4bcacf5afa,True
results/tests/22/threshold__f50__threshold_value=180/summary.json,data/tests/detection/threshold/legacy_t180__cfg1fd3f76e/frame_screening/video_22/frame_50/threshold__f50__threshold_value_180/summary.json,move_file,2768,1,328005c4bae86ccd9910bd31cdb36bd52cb6546b0cff29dc43ca2d78b8ba2d11,True
results/tests/22/threshold__f50__threshold_value=190/00_input.png,data/tests/detection/_shared_inputs/video_22/frame_50.png,deduplicate_identical_input,223613,1,78e9610adc469f48bbcbcf3e709082e5411ef085ebc14765ebc055041a9ff0a0,True
results/tests/22/threshold__f50__threshold_value=190/detections.csv,data/tests/detection/threshold/legacy_t190__cfgfeeed012/frame_screening/video_22/frame_50/threshold__f50__threshold_value_190/detections.csv,move_file,2223,1,20a24efcc1678b6f4739b0018e8e757e01de8c189bf86d7d160a5503d699f74e,True
results/tests/22/threshold__f50__threshold_value=190/detections.png,data/tests/detection/threshold/legacy_t190__cfgfeeed012/frame_screening/video_22/frame_50/threshold__f50__threshold_value_190/detections.png,move_file,240506,1,ded055cbc082c73f7f1667fabf1fa3e8c8acc69522a17106d93effed63760d08,True
results/tests/22/threshold__f50__threshold_value=190/summary.json,data/tests/detection/threshold/legacy_t190__cfgfeeed012/frame_screening/video_22/frame_50/threshold__f50__threshold_value_190/summary.json,move_file,2441,1,4c91f2ebfdd8adbe1dc1b462e6addc8a9c99bbd4e37addd24f4b2aa2312ef2b5,True
results/tests/22/threshold__f50__threshold_value=200/00_input.png,data/tests/detection/_shared_inputs/video_22/frame_50.png,deduplicate_identical_input,223613,1,78e9610adc469f48bbcbcf3e709082e5411ef085ebc14765ebc055041a9ff0a0,True
results/tests/22/threshold__f50__threshold_value=200/detections.csv,data/tests/detection/threshold/legacy_t200__cfg1f8f28ac/frame_screening/video_22/frame_50/threshold__f50__threshold_value_200/detections.csv,move_file,2159,1,3e2add5fa3ba1b6745f4cb730d18f14e60dc09bdd895430569294b1b1b9fbefc,True
results/tests/22/threshold__f50__threshold_value=200/detections.png,data/tests/detection/threshold/legacy_t200__cfg1f8f28ac/frame_screening/video_22/frame_50/threshold__f50__threshold_value_200/detections.png,move_file,240645,1,0fba30a68b5cb61bc7ead9f9dce15df0207d8bd26d700289083e34d38cec3a1c,True
results/tests/22/threshold__f50__threshold_value=200/summary.json,data/tests/detection/threshold/legacy_t200__cfg1f8f28ac/frame_screening/video_22/frame_50/threshold__f50__threshold_value_200/summary.json,move_file,2332,1,41a1b00039efed76303a673e45946baa0c97ac67c168fe59dad7960707a0599b,True
results/tests/22/threshold__f50__threshold_value=210/00_input.png,data/tests/detection/_shared_inputs/video_22/frame_50.png,deduplicate_identical_input,223613,1,78e9610adc469f48bbcbcf3e709082e5411ef085ebc14765ebc055041a9ff0a0,True
results/tests/22/threshold__f50__threshold_value=210/detections.csv,data/tests/detection/threshold/legacy_t210__cfg4310fa76/frame_screening/video_22/frame_50/threshold__f50__threshold_value_210/detections.csv,move_file,1840,1,d18933c0cfb027c70fb0abe8320106557fa1d5099b36b9a8301b45b87bfdc678,True
results/tests/22/threshold__f50__threshold_value=210/detections.png,data/tests/detection/threshold/legacy_t210__cfg4310fa76/frame_screening/video_22/frame_50/threshold__f50__threshold_value_210/detections.png,move_file,240883,1,b1a1ece53c6533f74e172b7ac48b901b89b7d7ac10dd1d0ba7a234f406a646fd,True
results/tests/22/threshold__f50__threshold_value=210/summary.json,data/tests/detection/threshold/legacy_t210__cfg4310fa76/frame_screening/video_22/frame_50/threshold__f50__threshold_value_210/summary.json,move_file,1790,1,c715834cd3992821f8f6dd24c202cb5c46ba7a9e577c8714a870b95608b1099e,True
results/tests/23/threshold__f0/00_input.png,data/tests/detection/_shared_inputs/video_23/frame_0.png,move_file,262062,1,09456749f1c13a54259bb57b86e196410c8972a39f7544e7aaac396914f28fc2,True
results/tests/23/threshold__f0/detections.csv,data/tests/detection/otsu/legacy_otsu_defaults__cfgbbaffb3e/frame_screening/video_23/frame_0/threshold__f0/detections.csv,move_file,1619,1,f21d3103b84669c33238438b4f3b56c75151fe3eed3a420a5f5f53bad08eeb91,True
results/tests/23/threshold__f0/detections.png,data/tests/detection/otsu/legacy_otsu_defaults__cfgbbaffb3e/frame_screening/video_23/frame_0/threshold__f0/detections.png,move_file,271427,1,14005713e80275f51d1dda2a2cacb04a1c146db95ad64ca56af9a0482a64673d,True
results/tests/23/threshold__f0/summary.json,data/tests/detection/otsu/legacy_otsu_defaults__cfgbbaffb3e/frame_screening/video_23/frame_0/threshold__f0/summary.json,move_file,2617,1,9582436e0732bcded823f30083d49bfc1642f455537e56db0012d7adf9fb25ed,True
results/tests/23/threshold__f0__close_iterations=0/00_input.png,data/tests/detection/_shared_inputs/video_23/frame_0.png,deduplicate_identical_input,262062,1,09456749f1c13a54259bb57b86e196410c8972a39f7544e7aaac396914f28fc2,True
results/tests/23/threshold__f0__close_iterations=0/detections.csv,data/tests/detection/otsu/legacy_otsu_defaults__cfg4633c2bb/frame_screening/video_23/frame_0/threshold__f0__close_iterations_0/detections.csv,move_file,1745,1,bf65f2b98eecb3937ae4f5fd9a55e8228f80755e083ee0b72655c5fecfaf451c,True
results/tests/23/threshold__f0__close_iterations=0/detections.png,data/tests/detection/otsu/legacy_otsu_defaults__cfg4633c2bb/frame_screening/video_23/frame_0/threshold__f0__close_iterations_0/detections.png,move_file,271399,1,b805491e9cb8f529bdd2ac7dd98798a0b94a6eb7db516306f6df60176dbe4e1a,True
results/tests/23/threshold__f0__close_iterations=0/summary.json,data/tests/detection/otsu/legacy_otsu_defaults__cfg4633c2bb/frame_screening/video_23/frame_0/threshold__f0__close_iterations_0/summary.json,move_file,2853,1,e1bf731448fec438834c810a5a987383692682235c68564a9df7a42252e01c34,True
results/tests/23/threshold__f0__close_iterations=0_threshold_value=200/00_input.png,data/tests/detection/_shared_inputs/video_23/frame_0.png,deduplicate_identical_input,262062,1,09456749f1c13a54259bb57b86e196410c8972a39f7544e7aaac396914f28fc2,True
results/tests/23/threshold__f0__close_iterations=0_threshold_value=200/detections.csv,data/tests/detection/threshold/legacy_t200_c0__cfg1359249f/frame_screening/video_23/frame_0/threshold__f0__close_iterations_0_threshold_value_200/detections.csv,move_file,791,1,1d5118c617dc3632b80a0f067b5c69011cfc4587f0d53d15ee68e8921eea1b63,True
results/tests/23/threshold__f0__close_iterations=0_threshold_value=200/detections.png,data/tests/detection/threshold/legacy_t200_c0__cfg1359249f/frame_screening/video_23/frame_0/threshold__f0__close_iterations_0_threshold_value_200/detections.png,move_file,270817,1,5f705dcc0226ba769519142cf98653f30b9546c4c708a85f36fcc6a21e31a529,True
results/tests/23/threshold__f0__close_iterations=0_threshold_value=200/summary.json,data/tests/detection/threshold/legacy_t200_c0__cfg1359249f/frame_screening/video_23/frame_0/threshold__f0__close_iterations_0_threshold_value_200/summary.json,move_file,1257,1,b4978373f143c5d06fecc014f52890ac4209b15c6145a297144a65a9f0b4769a,True
results/tests/23/threshold__f0__close_iterations=2_threshold_value=200/00_input.png,data/tests/detection/_shared_inputs/video_23/frame_0.png,deduplicate_identical_input,262062,1,09456749f1c13a54259bb57b86e196410c8972a39f7544e7aaac396914f28fc2,True
results/tests/23/threshold__f0__close_iterations=2_threshold_value=200/detections.csv,data/tests/detection/threshold/legacy_t200_c2__cfg5d0522c8/frame_screening/video_23/frame_0/threshold__f0__close_iterations_2_threshold_value_200/detections.csv,move_file,791,1,1d5118c617dc3632b80a0f067b5c69011cfc4587f0d53d15ee68e8921eea1b63,True
results/tests/23/threshold__f0__close_iterations=2_threshold_value=200/detections.png,data/tests/detection/threshold/legacy_t200_c2__cfg5d0522c8/frame_screening/video_23/frame_0/threshold__f0__close_iterations_2_threshold_value_200/detections.png,move_file,270817,1,5f705dcc0226ba769519142cf98653f30b9546c4c708a85f36fcc6a21e31a529,True
results/tests/23/threshold__f0__close_iterations=2_threshold_value=200/summary.json,data/tests/detection/threshold/legacy_t200_c2__cfg5d0522c8/frame_screening/video_23/frame_0/threshold__f0__close_iterations_2_threshold_value_200/summary.json,move_file,1289,1,2ec30917a48ea0b41d8cd25cf5c7954b1caf5537e0c48002d6d51435360faa94,True
results/tests/23/threshold__f0__morph_iterations=2/00_input.png,data/tests/detection/_shared_inputs/video_23/frame_0.png,deduplicate_identical_input,262062,1,09456749f1c13a54259bb57b86e196410c8972a39f7544e7aaac396914f28fc2,True
results/tests/23/threshold__f0__morph_iterations=2/detections.csv,data/tests/detection/otsu/legacy_otsu_defaults__cfg76e32ed9/frame_screening/video_23/frame_0/threshold__f0__morph_iterations_2/detections.csv,move_file,1111,1,62a9e4ecc61c3b4728d46e6458cde53648cd761dca5e808d988769eac7f6c419,True
results/tests/23/threshold__f0__morph_iterations=2/detections.png,data/tests/detection/otsu/legacy_otsu_defaults__cfg76e32ed9/frame_screening/video_23/frame_0/threshold__f0__morph_iterations_2/detections.png,move_file,271011,1,afcba2b5a26c6a905edca6071ef5377ae01694ec8434af44b8a560e25c59c067,True
results/tests/23/threshold__f0__morph_iterations=2/summary.json,data/tests/detection/otsu/legacy_otsu_defaults__cfg76e32ed9/frame_screening/video_23/frame_0/threshold__f0__morph_iterations_2/summary.json,move_file,1794,1,3b212f6504aeefe9c469d3929034065b9bae35a9098f900e0e319683fe1849fc,True
results/tests/23/threshold__f0__morph_iterations=2_threshold_value=200/00_input.png,data/tests/detection/_shared_inputs/video_23/frame_0.png,deduplicate_identical_input,262062,1,09456749f1c13a54259bb57b86e196410c8972a39f7544e7aaac396914f28fc2,True
results/tests/23/threshold__f0__morph_iterations=2_threshold_value=200/detections.csv,data/tests/detection/threshold/legacy_t200_o2__cfga13617b6/frame_screening/video_23/frame_0/threshold__f0__morph_iterations_2_threshold_value_200/detections.csv,move_file,541,1,96240a0419412b5bb7612f23ee1a7d97aba2d1cbeb95b2b42cce3a47a07dc309,True
results/tests/23/threshold__f0__morph_iterations=2_threshold_value=200/detections.png,data/tests/detection/threshold/legacy_t200_o2__cfga13617b6/frame_screening/video_23/frame_0/threshold__f0__morph_iterations_2_threshold_value_200/detections.png,move_file,270959,1,ec69e35cc03dbb5a0e86527182f39e1a5a3b3dc36234224b3f4276389a553607,True
results/tests/23/threshold__f0__morph_iterations=2_threshold_value=200/summary.json,data/tests/detection/threshold/legacy_t200_o2__cfga13617b6/frame_screening/video_23/frame_0/threshold__f0__morph_iterations_2_threshold_value_200/summary.json,move_file,855,1,cba0b484199ea217e1459af6886a225f3134174be21e4be94c0eb238713dee2c,True
results/tests/23/threshold__f0__threshold_value=180/00_input.png,data/tests/detection/_shared_inputs/video_23/frame_0.png,deduplicate_identical_input,262062,1,09456749f1c13a54259bb57b86e196410c8972a39f7544e7aaac396914f28fc2,True
results/tests/23/threshold__f0__threshold_value=180/detections.csv,data/tests/detection/threshold/legacy_t180__cfg1fd3f76e/frame_screening/video_23/frame_0/threshold__f0__threshold_value_180/detections.csv,move_file,791,1,7e45d08998b326235ef5c697a4956425d0915d1d36972e8f8ff0aa92fa15dcad,True
results/tests/23/threshold__f0__threshold_value=180/detections.png,data/tests/detection/threshold/legacy_t180__cfg1fd3f76e/frame_screening/video_23/frame_0/threshold__f0__threshold_value_180/detections.png,move_file,270796,1,f7b33c43a3247a824e7634d7cce24470b81cf068db81cc5f885372afb2fcb05e,True
results/tests/23/threshold__f0__threshold_value=180/summary.json,data/tests/detection/threshold/legacy_t180__cfg1fd3f76e/frame_screening/video_23/frame_0/threshold__f0__threshold_value_180/summary.json,move_file,1242,1,a4b59d429d014e6ba7d93e487ee05f86a4afbbd88c880806f4288d9b865c758f,True
results/tests/23/threshold__f0__threshold_value=190/00_input.png,data/tests/detection/_shared_inputs/video_23/frame_0.png,deduplicate_identical_input,262062,1,09456749f1c13a54259bb57b86e196410c8972a39f7544e7aaac396914f28fc2,True
results/tests/23/threshold__f0__threshold_value=190/detections.csv,data/tests/detection/threshold/legacy_t190__cfgfeeed012/frame_screening/video_23/frame_0/threshold__f0__threshold_value_190/detections.csv,move_file,791,1,15a3b56e9141d2ce92b0afa61ac64dabc8c07c74fcf57d7da8e5317695caf243,True
results/tests/23/threshold__f0__threshold_value=190/detections.png,data/tests/detection/threshold/legacy_t190__cfgfeeed012/frame_screening/video_23/frame_0/threshold__f0__threshold_value_190/detections.png,move_file,270807,1,20c354f1d324e20f543d6f31ff1cb9ddbfd3414fddca71718e675f6cbea2b3e3,True
results/tests/23/threshold__f0__threshold_value=190/summary.json,data/tests/detection/threshold/legacy_t190__cfgfeeed012/frame_screening/video_23/frame_0/threshold__f0__threshold_value_190/summary.json,move_file,1242,1,b5e9308351f8e32670b161ca6f7a84d377dac1d51e41b6dd088163c61c78a17c,True
results/tests/23/threshold__f0__threshold_value=200/00_input.png,data/tests/detection/_shared_inputs/video_23/frame_0.png,deduplicate_identical_input,262062,1,09456749f1c13a54259bb57b86e196410c8972a39f7544e7aaac396914f28fc2,True
results/tests/23/threshold__f0__threshold_value=200/detections.csv,data/tests/detection/threshold/legacy_t200__cfg1f8f28ac/frame_screening/video_23/frame_0/threshold__f0__threshold_value_200/detections.csv,move_file,791,1,1d5118c617dc3632b80a0f067b5c69011cfc4587f0d53d15ee68e8921eea1b63,True
results/tests/23/threshold__f0__threshold_value=200/detections.png,data/tests/detection/threshold/legacy_t200__cfg1f8f28ac/frame_screening/video_23/frame_0/threshold__f0__threshold_value_200/detections.png,move_file,270817,1,5f705dcc0226ba769519142cf98653f30b9546c4c708a85f36fcc6a21e31a529,True
results/tests/23/threshold__f0__threshold_value=200/summary.json,data/tests/detection/threshold/legacy_t200__cfg1f8f28ac/frame_screening/video_23/frame_0/threshold__f0__threshold_value_200/summary.json,move_file,1242,1,4010e0983b3057cd7c343706fb210b7d95376b2dc18f639e1dc9a063a4aeb948,True
results/tests/23/threshold__f0__threshold_value=210/00_input.png,data/tests/detection/_shared_inputs/video_23/frame_0.png,deduplicate_identical_input,262062,1,09456749f1c13a54259bb57b86e196410c8972a39f7544e7aaac396914f28fc2,True
results/tests/23/threshold__f0__threshold_value=210/detections.csv,data/tests/detection/threshold/legacy_t210__cfg4310fa76/frame_screening/video_23/frame_0/threshold__f0__threshold_value_210/detections.csv,move_file,791,1,fbc804b2e40231417adc2538f30add67fe244404b4d2cc816cb5fb1e81fb5c85,True
results/tests/23/threshold__f0__threshold_value=210/detections.png,data/tests/detection/threshold/legacy_t210__cfg4310fa76/frame_screening/video_23/frame_0/threshold__f0__threshold_value_210/detections.png,move_file,270762,1,b15c8321d2e7c5905beae8bfb53a82d7378457b456d16e7b561bd7554f58b6f4,True
results/tests/23/threshold__f0__threshold_value=210/summary.json,data/tests/detection/threshold/legacy_t210__cfg4310fa76/frame_screening/video_23/frame_0/threshold__f0__threshold_value_210/summary.json,move_file,1242,1,fa263a1c307bed4f69bc8d5a3d309ae2763ef33edb377b52f983609d1e356d8a,True
results/tests/23/threshold__f100/00_input.png,data/tests/detection/_shared_inputs/video_23/frame_100.png,move_file,228253,1,9f232b0fc3cdd8fc3daeccf25dc1c78c917ceac98a071919d92b8cab1d06b0cd,True
results/tests/23/threshold__f100/detections.csv,data/tests/detection/otsu/legacy_otsu_defaults__cfgbbaffb3e/frame_screening/video_23/frame_100/threshold__f100/detections.csv,move_file,1997,1,cda2111abea4e1d5a0a5fea834f826fa4bcfc8d38f7dbb46cb6337bbb048a75b,True
results/tests/23/threshold__f100/detections.png,data/tests/detection/otsu/legacy_otsu_defaults__cfgbbaffb3e/frame_screening/video_23/frame_100/threshold__f100/detections.png,move_file,237264,1,bb103b8de8c2aa7ff045ed926c8321c128b18ff159cd8121d117e9b70d5b6b9f,True
results/tests/23/threshold__f100/summary.json,data/tests/detection/otsu/legacy_otsu_defaults__cfgbbaffb3e/frame_screening/video_23/frame_100/threshold__f100/summary.json,move_file,3162,1,891862449b514669af745baac982ba51087db22c01d8d8688e6cce7c2eca431a,True
results/tests/23/threshold__f100__close_iterations=0/00_input.png,data/tests/detection/_shared_inputs/video_23/frame_100.png,deduplicate_identical_input,228253,1,9f232b0fc3cdd8fc3daeccf25dc1c78c917ceac98a071919d92b8cab1d06b0cd,True
results/tests/23/threshold__f100__close_iterations=0/detections.csv,data/tests/detection/otsu/legacy_otsu_defaults__cfg4633c2bb/frame_screening/video_23/frame_100/threshold__f100__close_iterations_0/detections.csv,move_file,2129,1,8bd71a56a675ecfcd10344456c636d6d71428b945faacad418d6cad0ed5caa94,True
results/tests/23/threshold__f100__close_iterations=0/detections.png,data/tests/detection/otsu/legacy_otsu_defaults__cfg4633c2bb/frame_screening/video_23/frame_100/threshold__f100__close_iterations_0/detections.png,move_file,237283,1,aa8da55d020a8d3148e02d6e876598cce19292f4a4de9ec5059656e0f5e215f6,True
results/tests/23/threshold__f100__close_iterations=0/summary.json,data/tests/detection/otsu/legacy_otsu_defaults__cfg4633c2bb/frame_screening/video_23/frame_100/threshold__f100__close_iterations_0/summary.json,move_file,3400,1,eb39b07823f9e1cdbc40ffd3dbb75d18d8a732f37ec9071c034ea9a26c642f54,True
results/tests/23/threshold__f100__close_iterations=0_threshold_value=200/00_input.png,data/tests/detection/_shared_inputs/video_23/frame_100.png,deduplicate_identical_input,228253,1,9f232b0fc3cdd8fc3daeccf25dc1c78c917ceac98a071919d92b8cab1d06b0cd,True
results/tests/23/threshold__f100__close_iterations=0_threshold_value=200/detections.csv,data/tests/detection/threshold/legacy_t200_c0__cfg1359249f/frame_screening/video_23/frame_100/threshold__f100__close_iterations_0_threshold_value_200/detections.csv,move_file,756,1,d54248a6333c2831346feaffc940ff635359ef8a59e16f6e04c3ab131e67d770,True
results/tests/23/threshold__f100__close_iterations=0_threshold_value=200/detections.png,data/tests/detection/threshold/legacy_t200_c0__cfg1359249f/frame_screening/video_23/frame_100/threshold__f100__close_iterations_0_threshold_value_200/detections.png,move_file,236870,1,c90e1fbf29923c0ef4a02e4a4ccb83c1f5d37aeb6decd9674d12f7c42b912b6b,True
results/tests/23/threshold__f100__close_iterations=0_threshold_value=200/summary.json,data/tests/detection/threshold/legacy_t200_c0__cfg1359249f/frame_screening/video_23/frame_100/threshold__f100__close_iterations_0_threshold_value_200/summary.json,move_file,1153,1,0b0d0edd5556648c2a46c7d08ee35e0be16c98559ac7d791464b80eae5981f1f,True
results/tests/23/threshold__f100__close_iterations=2_threshold_value=200/00_input.png,data/tests/detection/_shared_inputs/video_23/frame_100.png,deduplicate_identical_input,228253,1,9f232b0fc3cdd8fc3daeccf25dc1c78c917ceac98a071919d92b8cab1d06b0cd,True
results/tests/23/threshold__f100__close_iterations=2_threshold_value=200/detections.csv,data/tests/detection/threshold/legacy_t200_c2__cfg5d0522c8/frame_screening/video_23/frame_100/threshold__f100__close_iterations_2_threshold_value_200/detections.csv,move_file,756,1,d54248a6333c2831346feaffc940ff635359ef8a59e16f6e04c3ab131e67d770,True
results/tests/23/threshold__f100__close_iterations=2_threshold_value=200/detections.png,data/tests/detection/threshold/legacy_t200_c2__cfg5d0522c8/frame_screening/video_23/frame_100/threshold__f100__close_iterations_2_threshold_value_200/detections.png,move_file,236870,1,c90e1fbf29923c0ef4a02e4a4ccb83c1f5d37aeb6decd9674d12f7c42b912b6b,True
results/tests/23/threshold__f100__close_iterations=2_threshold_value=200/summary.json,data/tests/detection/threshold/legacy_t200_c2__cfg5d0522c8/frame_screening/video_23/frame_100/threshold__f100__close_iterations_2_threshold_value_200/summary.json,move_file,1185,1,11961badb01715cfded5580d1adb09e3d52af7408a4eed1c56d97b8be73b7c64,True
results/tests/23/threshold__f100__morph_iterations=2/00_input.png,data/tests/detection/_shared_inputs/video_23/frame_100.png,deduplicate_identical_input,228253,1,9f232b0fc3cdd8fc3daeccf25dc1c78c917ceac98a071919d92b8cab1d06b0cd,True
results/tests/23/threshold__f100__morph_iterations=2/detections.csv,data/tests/detection/otsu/legacy_otsu_defaults__cfg76e32ed9/frame_screening/video_23/frame_100/threshold__f100__morph_iterations_2/detections.csv,move_file,1479,1,3e743f348ab676e557b795b050938b21c4a7f763ef76d68094dfa9e2f066bec8,True
results/tests/23/threshold__f100__morph_iterations=2/detections.png,data/tests/detection/otsu/legacy_otsu_defaults__cfg76e32ed9/frame_screening/video_23/frame_100/threshold__f100__morph_iterations_2/detections.png,move_file,237400,1,0a87546b95cd93db86cb768e91975a81b1acf835f072b972eb7c62457cdbb972,True
results/tests/23/threshold__f100__morph_iterations=2/summary.json,data/tests/detection/otsu/legacy_otsu_defaults__cfg76e32ed9/frame_screening/video_23/frame_100/threshold__f100__morph_iterations_2/summary.json,move_file,2344,1,d5e2d0ff92199daaf4893f328f70de96f4b1105ff25d5b9c3d0f6e076ef3f6e5,True
results/tests/23/threshold__f100__morph_iterations=2_threshold_value=200/00_input.png,data/tests/detection/_shared_inputs/video_23/frame_100.png,deduplicate_identical_input,228253,1,9f232b0fc3cdd8fc3daeccf25dc1c78c917ceac98a071919d92b8cab1d06b0cd,True
results/tests/23/threshold__f100__morph_iterations=2_threshold_value=200/detections.csv,data/tests/detection/threshold/legacy_t200_o2__cfga13617b6/frame_screening/video_23/frame_100/threshold__f100__morph_iterations_2_threshold_value_200/detections.csv,move_file,498,1,eef47c13c81f2f7889cde1439c1db2c1f844b8374675ddfb9ce25fa7f0f9f540,True
results/tests/23/threshold__f100__morph_iterations=2_threshold_value=200/detections.png,data/tests/detection/threshold/legacy_t200_o2__cfga13617b6/frame_screening/video_23/frame_100/threshold__f100__morph_iterations_2_threshold_value_200/detections.png,move_file,237071,1,da9e7994172b5837289af2ad47b8e3450e6c1ccccfc6eba39ce11481dca68333,True
results/tests/23/threshold__f100__morph_iterations=2_threshold_value=200/summary.json,data/tests/detection/threshold/legacy_t200_o2__cfga13617b6/frame_screening/video_23/frame_100/threshold__f100__morph_iterations_2_threshold_value_200/summary.json,move_file,751,1,8201cfd15f67b7171600aec15215b02183b629502ffd242c893df2ccc51221ad,True
results/tests/23/threshold__f100__threshold_value=180/00_input.png,data/tests/detection/_shared_inputs/video_23/frame_100.png,deduplicate_identical_input,228253,1,9f232b0fc3cdd8fc3daeccf25dc1c78c917ceac98a071919d92b8cab1d06b0cd,True
results/tests/23/threshold__f100__threshold_value=180/detections.csv,data/tests/detection/threshold/legacy_t180__cfg1fd3f76e/frame_screening/video_23/frame_100/threshold__f100__threshold_value_180/detections.csv,move_file,884,1,8e263d68a8ed994ae1b5aa9579a780ab2bee4a6d61cd3277c48d9f54ffa5c58c,True
results/tests/23/threshold__f100__threshold_value=180/detections.png,data/tests/detection/threshold/legacy_t180__cfg1fd3f76e/frame_screening/video_23/frame_100/threshold__f100__threshold_value_180/detections.png,move_file,236667,1,fb1ee8a8cab98106585939aab68d7c87814c9ef991b79985cd45169b7a6f1e42,True
results/tests/23/threshold__f100__threshold_value=180/summary.json,data/tests/detection/threshold/legacy_t180__cfg1fd3f76e/frame_screening/video_23/frame_100/threshold__f100__threshold_value_180/summary.json,move_file,1355,1,f2f1b0f2d5575e2b7c0446c088d9ccb1d53be6415c382a34b9d4636db0c060c4,True
results/tests/23/threshold__f100__threshold_value=190/00_input.png,data/tests/detection/_shared_inputs/video_23/frame_100.png,deduplicate_identical_input,228253,1,9f232b0fc3cdd8fc3daeccf25dc1c78c917ceac98a071919d92b8cab1d06b0cd,True
results/tests/23/threshold__f100__threshold_value=190/detections.csv,data/tests/detection/threshold/legacy_t190__cfgfeeed012/frame_screening/video_23/frame_100/threshold__f100__threshold_value_190/detections.csv,move_file,756,1,6d3ac341d66d8d85c6d961986165d8f716e2ee47394cc6c4c6cee81d35752b4d,True
results/tests/23/threshold__f100__threshold_value=190/detections.png,data/tests/detection/threshold/legacy_t190__cfgfeeed012/frame_screening/video_23/frame_100/threshold__f100__threshold_value_190/detections.png,move_file,236849,1,8db94e8f7fa1da0c4f41fad8388a2323673f03a2e76755c204cc8794d55d4b26,True
results/tests/23/threshold__f100__threshold_value=190/summary.json,data/tests/detection/threshold/legacy_t190__cfgfeeed012/frame_screening/video_23/frame_100/threshold__f100__threshold_value_190/summary.json,move_file,1138,1,7c6bef68df845a12f6450fe58401998f9483869786ec1fdb1feae479c684ef57,True
results/tests/23/threshold__f100__threshold_value=200/00_input.png,data/tests/detection/_shared_inputs/video_23/frame_100.png,deduplicate_identical_input,228253,1,9f232b0fc3cdd8fc3daeccf25dc1c78c917ceac98a071919d92b8cab1d06b0cd,True
results/tests/23/threshold__f100__threshold_value=200/detections.csv,data/tests/detection/threshold/legacy_t200__cfg1f8f28ac/frame_screening/video_23/frame_100/threshold__f100__threshold_value_200/detections.csv,move_file,756,1,d54248a6333c2831346feaffc940ff635359ef8a59e16f6e04c3ab131e67d770,True
results/tests/23/threshold__f100__threshold_value=200/detections.png,data/tests/detection/threshold/legacy_t200__cfg1f8f28ac/frame_screening/video_23/frame_100/threshold__f100__threshold_value_200/detections.png,move_file,236870,1,c90e1fbf29923c0ef4a02e4a4ccb83c1f5d37aeb6decd9674d12f7c42b912b6b,True
results/tests/23/threshold__f100__threshold_value=200/summary.json,data/tests/detection/threshold/legacy_t200__cfg1f8f28ac/frame_screening/video_23/frame_100/threshold__f100__threshold_value_200/summary.json,move_file,1138,1,d12d71193c6d3b45d41181523b6b59b2aa83ea3df433ae603b0a9f99bba1a19c,True
results/tests/23/threshold__f100__threshold_value=210/00_input.png,data/tests/detection/_shared_inputs/video_23/frame_100.png,deduplicate_identical_input,228253,1,9f232b0fc3cdd8fc3daeccf25dc1c78c917ceac98a071919d92b8cab1d06b0cd,True
results/tests/23/threshold__f100__threshold_value=210/detections.csv,data/tests/detection/threshold/legacy_t210__cfg4310fa76/frame_screening/video_23/frame_100/threshold__f100__threshold_value_210/detections.csv,move_file,756,1,8d4877e732cf39d41f519a1df57ca965faad0ee6009d7192cd5989b7f2377166,True
results/tests/23/threshold__f100__threshold_value=210/detections.png,data/tests/detection/threshold/legacy_t210__cfg4310fa76/frame_screening/video_23/frame_100/threshold__f100__threshold_value_210/detections.png,move_file,236899,1,207eed1fe1464723f1d7e78c9920c01b3dfb5ab9f1df89cb6e4db6bb4a5ae633,True
results/tests/23/threshold__f100__threshold_value=210/summary.json,data/tests/detection/threshold/legacy_t210__cfg4310fa76/frame_screening/video_23/frame_100/threshold__f100__threshold_value_210/summary.json,move_file,1138,1,0175915d9d4c90a93740a5f7fa6c00726119b16638016f6322f2ca5988d2ac41,True
results/tests/23/threshold__f50/00_input.png,data/tests/detection/_shared_inputs/video_23/frame_50.png,move_file,229847,1,3e0a563ccdb68a3f3ba9f0d4bf8ac0fdad9363143ace88feb79f27920f18eb03,True
results/tests/23/threshold__f50/detections.csv,data/tests/detection/otsu/legacy_otsu_defaults__cfgbbaffb3e/frame_screening/video_23/frame_50/threshold__f50/detections.csv,move_file,1915,1,25cdbddf76af95048a1d7c4a5e735f1830f6a5ee2fa87108fd700e6ca1fdd178,True
results/tests/23/threshold__f50/detections.png,data/tests/detection/otsu/legacy_otsu_defaults__cfgbbaffb3e/frame_screening/video_23/frame_50/threshold__f50/detections.png,move_file,239084,1,43dec47466ee32e37bec6ec45fdd0e9e532001a1b860af50ed2d8e0e8979dd1e,True
results/tests/23/threshold__f50/summary.json,data/tests/detection/otsu/legacy_otsu_defaults__cfgbbaffb3e/frame_screening/video_23/frame_50/threshold__f50/summary.json,move_file,3054,1,5e1b61cf4a71df30d109f9d315c171e5d974943bd736d1338b92abc392627db6,True
results/tests/23/threshold__f50__close_iterations=0/00_input.png,data/tests/detection/_shared_inputs/video_23/frame_50.png,deduplicate_identical_input,229847,1,3e0a563ccdb68a3f3ba9f0d4bf8ac0fdad9363143ace88feb79f27920f18eb03,True
results/tests/23/threshold__f50__close_iterations=0/detections.csv,data/tests/detection/otsu/legacy_otsu_defaults__cfg4633c2bb/frame_screening/video_23/frame_50/threshold__f50__close_iterations_0/detections.csv,move_file,2043,1,a4cddc4151e6095bad4b7106790e1151f51a757248603ba529dfca53ffd30a5e,True
results/tests/23/threshold__f50__close_iterations=0/detections.png,data/tests/detection/otsu/legacy_otsu_defaults__cfg4633c2bb/frame_screening/video_23/frame_50/threshold__f50__close_iterations_0/detections.png,move_file,239052,1,a4c46b437d7886958c2e78ec575dbba203c577d124287bb022be2f3be14f9b41,True
results/tests/23/threshold__f50__close_iterations=0/summary.json,data/tests/detection/otsu/legacy_otsu_defaults__cfg4633c2bb/frame_screening/video_23/frame_50/threshold__f50__close_iterations_0/summary.json,move_file,3290,1,d82a7262d5632e09456b6adfc67072fbb281a598fd05a4792173a1406691fee2,True
results/tests/23/threshold__f50__close_iterations=0_threshold_value=200/00_input.png,data/tests/detection/_shared_inputs/video_23/frame_50.png,deduplicate_identical_input,229847,1,3e0a563ccdb68a3f3ba9f0d4bf8ac0fdad9363143ace88feb79f27920f18eb03,True
results/tests/23/threshold__f50__close_iterations=0_threshold_value=200/detections.csv,data/tests/detection/threshold/legacy_t200_c0__cfg1359249f/frame_screening/video_23/frame_50/threshold__f50__close_iterations_0_threshold_value_200/detections.csv,move_file,819,1,c4129d0ccbc85ea2b262291e68fbdb4843ac91ed801d79da25980058baa95543,True
results/tests/23/threshold__f50__close_iterations=0_threshold_value=200/detections.png,data/tests/detection/threshold/legacy_t200_c0__cfg1359249f/frame_screening/video_23/frame_50/threshold__f50__close_iterations_0_threshold_value_200/detections.png,move_file,238410,1,c9a50dbb6638f6977409e6a5dbed0951e304aaf7636cc0040d035857fe7684b7,True
results/tests/23/threshold__f50__close_iterations=0_threshold_value=200/summary.json,data/tests/detection/threshold/legacy_t200_c0__cfg1359249f/frame_screening/video_23/frame_50/threshold__f50__close_iterations_0_threshold_value_200/summary.json,move_file,1259,1,9e5bc45b57b893b31e64d49f45ee691292a4ea4c56edf653674b8c96f7416121,True
results/tests/23/threshold__f50__close_iterations=2_threshold_value=200/00_input.png,data/tests/detection/_shared_inputs/video_23/frame_50.png,deduplicate_identical_input,229847,1,3e0a563ccdb68a3f3ba9f0d4bf8ac0fdad9363143ace88feb79f27920f18eb03,True
results/tests/23/threshold__f50__close_iterations=2_threshold_value=200/detections.csv,data/tests/detection/threshold/legacy_t200_c2__cfg5d0522c8/frame_screening/video_23/frame_50/threshold__f50__close_iterations_2_threshold_value_200/detections.csv,move_file,819,1,c4129d0ccbc85ea2b262291e68fbdb4843ac91ed801d79da25980058baa95543,True
results/tests/23/threshold__f50__close_iterations=2_threshold_value=200/detections.png,data/tests/detection/threshold/legacy_t200_c2__cfg5d0522c8/frame_screening/video_23/frame_50/threshold__f50__close_iterations_2_threshold_value_200/detections.png,move_file,238410,1,c9a50dbb6638f6977409e6a5dbed0951e304aaf7636cc0040d035857fe7684b7,True
results/tests/23/threshold__f50__close_iterations=2_threshold_value=200/summary.json,data/tests/detection/threshold/legacy_t200_c2__cfg5d0522c8/frame_screening/video_23/frame_50/threshold__f50__close_iterations_2_threshold_value_200/summary.json,move_file,1291,1,081b7b4ebc4f14c2e41578d693417c9fd9bef7620d4bd9195b13c554ba927253,True
results/tests/23/threshold__f50__morph_iterations=2/00_input.png,data/tests/detection/_shared_inputs/video_23/frame_50.png,deduplicate_identical_input,229847,1,3e0a563ccdb68a3f3ba9f0d4bf8ac0fdad9363143ace88feb79f27920f18eb03,True
results/tests/23/threshold__f50__morph_iterations=2/detections.csv,data/tests/detection/otsu/legacy_otsu_defaults__cfg76e32ed9/frame_screening/video_23/frame_50/threshold__f50__morph_iterations_2/detections.csv,move_file,1402,1,2ffe5c8534e47c1f334cee5ba1194a05bce21adefc9982cdc0c1f02f45e48768,True
results/tests/23/threshold__f50__morph_iterations=2/detections.png,data/tests/detection/otsu/legacy_otsu_defaults__cfg76e32ed9/frame_screening/video_23/frame_50/threshold__f50__morph_iterations_2/detections.png,move_file,238861,1,a7d77bb5cb4ef50a39d0298f7c2700c43b3c47b5c9eae935c135c387f0d6d750,True
results/tests/23/threshold__f50__morph_iterations=2/summary.json,data/tests/detection/otsu/legacy_otsu_defaults__cfg76e32ed9/frame_screening/video_23/frame_50/threshold__f50__morph_iterations_2/summary.json,move_file,2234,1,f885a263fad4c647aa77dacfb1b306ebd0ea30071f5f70fe37689cb2e4fe3e74,True
results/tests/23/threshold__f50__morph_iterations=2_threshold_value=200/00_input.png,data/tests/detection/_shared_inputs/video_23/frame_50.png,deduplicate_identical_input,229847,1,3e0a563ccdb68a3f3ba9f0d4bf8ac0fdad9363143ace88feb79f27920f18eb03,True
results/tests/23/threshold__f50__morph_iterations=2_threshold_value=200/detections.csv,data/tests/detection/threshold/legacy_t200_o2__cfga13617b6/frame_screening/video_23/frame_50/threshold__f50__morph_iterations_2_threshold_value_200/detections.csv,move_file,501,1,3e7488ea2a29fd40addba4fd6c18d6efd1d5c21c4452ce4987fe516fbf9ed43c,True
results/tests/23/threshold__f50__morph_iterations=2_threshold_value=200/detections.png,data/tests/detection/threshold/legacy_t200_o2__cfga13617b6/frame_screening/video_23/frame_50/threshold__f50__morph_iterations_2_threshold_value_200/detections.png,move_file,238651,1,f62b1e2954f8f78170c9120326442a85871e822965956eb9219e9b677b401d21,True
results/tests/23/threshold__f50__morph_iterations=2_threshold_value=200/summary.json,data/tests/detection/threshold/legacy_t200_o2__cfga13617b6/frame_screening/video_23/frame_50/threshold__f50__morph_iterations_2_threshold_value_200/summary.json,move_file,749,1,7e89cd53d6260bc55f30aa16166dff9086f90394b78f0b2caa52eed040d1ddec,True
results/tests/23/threshold__f50__threshold_value=180/00_input.png,data/tests/detection/_shared_inputs/video_23/frame_50.png,deduplicate_identical_input,229847,1,3e0a563ccdb68a3f3ba9f0d4bf8ac0fdad9363143ace88feb79f27920f18eb03,True
results/tests/23/threshold__f50__threshold_value=180/detections.csv,data/tests/detection/threshold/legacy_t180__cfg1fd3f76e/frame_screening/video_23/frame_50/threshold__f50__threshold_value_180/detections.csv,move_file,819,1,e554e04ff38e987c04ce76fb654a7565ae090e6fe9f215765b4a72471980473c,True
results/tests/23/threshold__f50__threshold_value=180/detections.png,data/tests/detection/threshold/legacy_t180__cfg1fd3f76e/frame_screening/video_23/frame_50/threshold__f50__threshold_value_180/detections.png,move_file,238397,1,96753291e6309b8794a7e1ba2b45ef9679b815fb2ac0bab0e325a92989ad1856,True
results/tests/23/threshold__f50__threshold_value=180/summary.json,data/tests/detection/threshold/legacy_t180__cfg1fd3f76e/frame_screening/video_23/frame_50/threshold__f50__threshold_value_180/summary.json,move_file,1244,1,ac2ac0e9e62a5923fafbefdc4abc37c58646a2d1d5cb8e55039bc51c6308d925,True
results/tests/23/threshold__f50__threshold_value=190/00_input.png,data/tests/detection/_shared_inputs/video_23/frame_50.png,deduplicate_identical_input,229847,1,3e0a563ccdb68a3f3ba9f0d4bf8ac0fdad9363143ace88feb79f27920f18eb03,True
results/tests/23/threshold__f50__threshold_value=190/detections.csv,data/tests/detection/threshold/legacy_t190__cfgfeeed012/frame_screening/video_23/frame_50/threshold__f50__threshold_value_190/detections.csv,move_file,819,1,66b4d0297dd2659ca79ecdb99fffea1a08128c6e63cbfa16db047b3671b6e61d,True
results/tests/23/threshold__f50__threshold_value=190/detections.png,data/tests/detection/threshold/legacy_t190__cfgfeeed012/frame_screening/video_23/frame_50/threshold__f50__threshold_value_190/detections.png,move_file,238401,1,6432649ef212e5be30dd9959193a7f42d19d587435d882ceb34cbda97065f2c8,True
results/tests/23/threshold__f50__threshold_value=190/summary.json,data/tests/detection/threshold/legacy_t190__cfgfeeed012/frame_screening/video_23/frame_50/threshold__f50__threshold_value_190/summary.json,move_file,1244,1,872230829ea0c07f10f9ffecbfcddea9f680a45c8e85e2e30263a45b9b5865ad,True
results/tests/23/threshold__f50__threshold_value=200/00_input.png,data/tests/detection/_shared_inputs/video_23/frame_50.png,deduplicate_identical_input,229847,1,3e0a563ccdb68a3f3ba9f0d4bf8ac0fdad9363143ace88feb79f27920f18eb03,True
results/tests/23/threshold__f50__threshold_value=200/detections.csv,data/tests/detection/threshold/legacy_t200__cfg1f8f28ac/frame_screening/video_23/frame_50/threshold__f50__threshold_value_200/detections.csv,move_file,819,1,c4129d0ccbc85ea2b262291e68fbdb4843ac91ed801d79da25980058baa95543,True
results/tests/23/threshold__f50__threshold_value=200/detections.png,data/tests/detection/threshold/legacy_t200__cfg1f8f28ac/frame_screening/video_23/frame_50/threshold__f50__threshold_value_200/detections.png,move_file,238410,1,c9a50dbb6638f6977409e6a5dbed0951e304aaf7636cc0040d035857fe7684b7,True
results/tests/23/threshold__f50__threshold_value=200/summary.json,data/tests/detection/threshold/legacy_t200__cfg1f8f28ac/frame_screening/video_23/frame_50/threshold__f50__threshold_value_200/summary.json,move_file,1244,1,a289eb1fd6532685d0d366bfcff0bdc503f506e436dfb277455cebe2a1069c63,True
results/tests/23/threshold__f50__threshold_value=210/00_input.png,data/tests/detection/_shared_inputs/video_23/frame_50.png,deduplicate_identical_input,229847,1,3e0a563ccdb68a3f3ba9f0d4bf8ac0fdad9363143ace88feb79f27920f18eb03,True
results/tests/23/threshold__f50__threshold_value=210/detections.csv,data/tests/detection/threshold/legacy_t210__cfg4310fa76/frame_screening/video_23/frame_50/threshold__f50__threshold_value_210/detections.csv,move_file,819,1,d26f41b3b271cd9f83bc8f1b997b993a564c8996f430cb0fa969ee40f99be94d,True
results/tests/23/threshold__f50__threshold_value=210/detections.png,data/tests/detection/threshold/legacy_t210__cfg4310fa76/frame_screening/video_23/frame_50/threshold__f50__threshold_value_210/detections.png,move_file,238386,1,5d397cd6be6e01139e3c7a6dc3c6c32f380a90203d981ec23890a9eafe5c38f1,True
results/tests/23/threshold__f50__threshold_value=210/summary.json,data/tests/detection/threshold/legacy_t210__cfg4310fa76/frame_screening/video_23/frame_50/threshold__f50__threshold_value_210/summary.json,move_file,1244,1,badafc24bec04393b51688e995e3815bc8b467b4fe23a31ca4d421cfb66f32f5,True
results/tests/24/threshold__f0/00_input.png,data/tests/detection/_shared_inputs/video_24/frame_0.png,move_file,372951,1,c341bad53b9cd4801b037e513731e16d40ab28c0fb883c0f0e9ff5b992237b63,True
results/tests/24/threshold__f0/detections.csv,data/tests/detection/otsu/legacy_otsu_defaults__cfgbbaffb3e/frame_screening/video_24/frame_0/threshold__f0/detections.csv,move_file,9697,1,dc5052e74a90e8922e90c8ee7645829c842f43d89469694c1108a10d5e3c451c,True
results/tests/24/threshold__f0/detections.png,data/tests/detection/otsu/legacy_otsu_defaults__cfgbbaffb3e/frame_screening/video_24/frame_0/threshold__f0/detections.png,move_file,421971,1,edbe6740ef082d571c2be3c5fa650a34c829af57125be480a57e35c5f8701077,True
results/tests/24/threshold__f0/summary.json,data/tests/detection/otsu/legacy_otsu_defaults__cfgbbaffb3e/frame_screening/video_24/frame_0/threshold__f0/summary.json,move_file,7361,1,506d1e3cf3a90794617798a9c9dc9a71949a856bfa9c490c56d4a5fc556c79de,True
results/tests/24/threshold__f0__close_iterations=0/00_input.png,data/tests/detection/_shared_inputs/video_24/frame_0.png,deduplicate_identical_input,372951,1,c341bad53b9cd4801b037e513731e16d40ab28c0fb883c0f0e9ff5b992237b63,True
results/tests/24/threshold__f0__close_iterations=0/detections.csv,data/tests/detection/otsu/legacy_otsu_defaults__cfg4633c2bb/frame_screening/video_24/frame_0/threshold__f0__close_iterations_0/detections.csv,move_file,10463,1,c2d411c8cf73984ec598f34a1eaec3ad65eef75388f6aca432105a9b585c1130,True
results/tests/24/threshold__f0__close_iterations=0/detections.png,data/tests/detection/otsu/legacy_otsu_defaults__cfg4633c2bb/frame_screening/video_24/frame_0/threshold__f0__close_iterations_0/detections.png,move_file,421048,1,73b0383a11244cbff23be6f238298e1ddcb7a58925356af914f7a1be46d4a31f,True
results/tests/24/threshold__f0__close_iterations=0/summary.json,data/tests/detection/otsu/legacy_otsu_defaults__cfg4633c2bb/frame_screening/video_24/frame_0/threshold__f0__close_iterations_0/summary.json,move_file,8691,1,fef941bd449ac127cf5d9285998c36f41cffd18449d73e731c336d7b787dfd0b,True
results/tests/24/threshold__f0__close_iterations=0_threshold_value=200/00_input.png,data/tests/detection/_shared_inputs/video_24/frame_0.png,deduplicate_identical_input,372951,1,c341bad53b9cd4801b037e513731e16d40ab28c0fb883c0f0e9ff5b992237b63,True
results/tests/24/threshold__f0__close_iterations=0_threshold_value=200/detections.csv,data/tests/detection/threshold/legacy_t200_c0__cfg1359249f/frame_screening/video_24/frame_0/threshold__f0__close_iterations_0_threshold_value_200/detections.csv,move_file,10066,1,6dd543fa7a5815ddd4868833806cbc5d31e8516d3c9e2eb6b30cd09d0b1d1025,True
results/tests/24/threshold__f0__close_iterations=0_threshold_value=200/detections.png,data/tests/detection/threshold/legacy_t200_c0__cfg1359249f/frame_screening/video_24/frame_0/threshold__f0__close_iterations_0_threshold_value_200/detections.png,move_file,418855,1,4b76b5411d269d82f78c14b3bc90b14aefda9636e8f2708e07d09b4b0993e05b,True
results/tests/24/threshold__f0__close_iterations=0_threshold_value=200/summary.json,data/tests/detection/threshold/legacy_t200_c0__cfg1359249f/frame_screening/video_24/frame_0/threshold__f0__close_iterations_0_threshold_value_200/summary.json,move_file,8110,1,e24797cf68deda809d5182d24d5fee06e8e3feeef9d9332afa6ea7db09811e32,True
results/tests/24/threshold__f0__close_iterations=2_threshold_value=200/00_input.png,data/tests/detection/_shared_inputs/video_24/frame_0.png,deduplicate_identical_input,372951,1,c341bad53b9cd4801b037e513731e16d40ab28c0fb883c0f0e9ff5b992237b63,True
results/tests/24/threshold__f0__close_iterations=2_threshold_value=200/detections.csv,data/tests/detection/threshold/legacy_t200_c2__cfg5d0522c8/frame_screening/video_24/frame_0/threshold__f0__close_iterations_2_threshold_value_200/detections.csv,move_file,9621,1,bfd56111184acd2c29e6944e615989dd36f007b38bbb3d11a44c52f37d1c727a,True
results/tests/24/threshold__f0__close_iterations=2_threshold_value=200/detections.png,data/tests/detection/threshold/legacy_t200_c2__cfg5d0522c8/frame_screening/video_24/frame_0/threshold__f0__close_iterations_2_threshold_value_200/detections.png,move_file,419044,1,cfe8e950e6d939bc2a26d093cab0b5f53bf91028330468f5c8d24833bab19342,True
results/tests/24/threshold__f0__close_iterations=2_threshold_value=200/summary.json,data/tests/detection/threshold/legacy_t200_c2__cfg5d0522c8/frame_screening/video_24/frame_0/threshold__f0__close_iterations_2_threshold_value_200/summary.json,move_file,7383,1,273987a54998b14a8ce63960663e6e3653e10074c6269b0829d10621bf1e8f53,True
results/tests/24/threshold__f0__morph_iterations=2/00_input.png,data/tests/detection/_shared_inputs/video_24/frame_0.png,deduplicate_identical_input,372951,1,c341bad53b9cd4801b037e513731e16d40ab28c0fb883c0f0e9ff5b992237b63,True
results/tests/24/threshold__f0__morph_iterations=2/detections.csv,data/tests/detection/otsu/legacy_otsu_defaults__cfg76e32ed9/frame_screening/video_24/frame_0/threshold__f0__morph_iterations_2/detections.csv,move_file,9966,1,2098861eb48f65faa93b5f93f098d0e02fccf901a805734ab5c5088dd40a5a4c,True
results/tests/24/threshold__f0__morph_iterations=2/detections.png,data/tests/detection/otsu/legacy_otsu_defaults__cfg76e32ed9/frame_screening/video_24/frame_0/threshold__f0__morph_iterations_2/detections.png,move_file,421387,1,b500324c93f3f57b9a681706735d29a6e2d70b2bd553e002bca4ee606ca5892f,True
results/tests/24/threshold__f0__morph_iterations=2/summary.json,data/tests/detection/otsu/legacy_otsu_defaults__cfg76e32ed9/frame_screening/video_24/frame_0/threshold__f0__morph_iterations_2/summary.json,move_file,7859,1,8f184063ea47b0fa79bab44101d999a8ac46dc3347ef4651ce338d4f45247179,True
results/tests/24/threshold__f0__morph_iterations=2_threshold_value=200/00_input.png,data/tests/detection/_shared_inputs/video_24/frame_0.png,deduplicate_identical_input,372951,1,c341bad53b9cd4801b037e513731e16d40ab28c0fb883c0f0e9ff5b992237b63,True
results/tests/24/threshold__f0__morph_iterations=2_threshold_value=200/detections.csv,data/tests/detection/threshold/legacy_t200_o2__cfga13617b6/frame_screening/video_24/frame_0/threshold__f0__morph_iterations_2_threshold_value_200/detections.csv,move_file,6326,1,e03b9fd1ec8e49a750f7933e5b23b8347f0d230018d0d87072674873cbd3d2eb,True
results/tests/24/threshold__f0__morph_iterations=2_threshold_value=200/detections.png,data/tests/detection/threshold/legacy_t200_o2__cfga13617b6/frame_screening/video_24/frame_0/threshold__f0__morph_iterations_2_threshold_value_200/detections.png,move_file,421892,1,973c9248546f01702c36df3ba255cfb5f88fb398369289d7487b0fa75895ec7a,True
results/tests/24/threshold__f0__morph_iterations=2_threshold_value=200/summary.json,data/tests/detection/threshold/legacy_t200_o2__cfga13617b6/frame_screening/video_24/frame_0/threshold__f0__morph_iterations_2_threshold_value_200/summary.json,move_file,1731,1,63842d7d800befa950a77bfb5df259adbd5fe612bc365e738f5a84a4a0643f3a,True
results/tests/24/threshold__f0__threshold_value=180/00_input.png,data/tests/detection/_shared_inputs/video_24/frame_0.png,deduplicate_identical_input,372951,1,c341bad53b9cd4801b037e513731e16d40ab28c0fb883c0f0e9ff5b992237b63,True
results/tests/24/threshold__f0__threshold_value=180/detections.csv,data/tests/detection/threshold/legacy_t180__cfg1fd3f76e/frame_screening/video_24/frame_0/threshold__f0__threshold_value_180/detections.csv,move_file,10070,1,0e1b9ee7b718b7f76bf040131bdf471c76de7c8cbd7b9bb15ce120c97b0f4869,True
results/tests/24/threshold__f0__threshold_value=180/detections.png,data/tests/detection/threshold/legacy_t180__cfg1fd3f76e/frame_screening/video_24/frame_0/threshold__f0__threshold_value_180/detections.png,move_file,418491,1,570cc7b1003f1ed208d529f275cf2bea8e381c2a615ef560b3c4564fcb069877,True
results/tests/24/threshold__f0__threshold_value=180/summary.json,data/tests/detection/threshold/legacy_t180__cfg1fd3f76e/frame_screening/video_24/frame_0/threshold__f0__threshold_value_180/summary.json,move_file,8103,1,1e26edd8f99540257c9105ce64a08199f80e194787cc5f2bfcdaafe7de2b874d,True
results/tests/24/threshold__f0__threshold_value=190/00_input.png,data/tests/detection/_shared_inputs/video_24/frame_0.png,deduplicate_identical_input,372951,1,c341bad53b9cd4801b037e513731e16d40ab28c0fb883c0f0e9ff5b992237b63,True
results/tests/24/threshold__f0__threshold_value=190/detections.csv,data/tests/detection/threshold/legacy_t190__cfgfeeed012/frame_screening/video_24/frame_0/threshold__f0__threshold_value_190/detections.csv,move_file,10069,1,2c0174d4cbf68b572f98e2b2375572f3c1617a69666120a08263bca574c39b36,True
results/tests/24/threshold__f0__threshold_value=190/detections.png,data/tests/detection/threshold/legacy_t190__cfgfeeed012/frame_screening/video_24/frame_0/threshold__f0__threshold_value_190/detections.png,move_file,418596,1,c68ab881159d6d51396e003da7cc4bfaa4fcbe9fbc842e3a793019ec41e563d8,True
results/tests/24/threshold__f0__threshold_value=190/summary.json,data/tests/detection/threshold/legacy_t190__cfgfeeed012/frame_screening/video_24/frame_0/threshold__f0__threshold_value_190/summary.json,move_file,8099,1,bc59d50414f4d8c38c65379c3ed8d4255347b92ba34d6e12c58a4ecc7377289b,True
results/tests/24/threshold__f0__threshold_value=200/00_input.png,data/tests/detection/_shared_inputs/video_24/frame_0.png,deduplicate_identical_input,372951,1,c341bad53b9cd4801b037e513731e16d40ab28c0fb883c0f0e9ff5b992237b63,True
results/tests/24/threshold__f0__threshold_value=200/detections.csv,data/tests/detection/threshold/legacy_t200__cfg1f8f28ac/frame_screening/video_24/frame_0/threshold__f0__threshold_value_200/detections.csv,move_file,10003,1,fa8f12f710117c0fe268f94672f68e0b45f44b48539ea3e58a5be47ca31791bd,True
results/tests/24/threshold__f0__threshold_value=200/detections.png,data/tests/detection/threshold/legacy_t200__cfg1f8f28ac/frame_screening/video_24/frame_0/threshold__f0__threshold_value_200/detections.png,move_file,418894,1,e6d99456ec7e40acf2e27e3a4b44e47a9a8b333acc9c41d930249f93b1d3add5,True
results/tests/24/threshold__f0__threshold_value=200/summary.json,data/tests/detection/threshold/legacy_t200__cfg1f8f28ac/frame_screening/video_24/frame_0/threshold__f0__threshold_value_200/summary.json,move_file,7986,1,d269410f160bda8b844aabc8f4f11ac7e35ff376267e9202ec2616b072004d1a,True
results/tests/24/threshold__f0__threshold_value=210/00_input.png,data/tests/detection/_shared_inputs/video_24/frame_0.png,deduplicate_identical_input,372951,1,c341bad53b9cd4801b037e513731e16d40ab28c0fb883c0f0e9ff5b992237b63,True
results/tests/24/threshold__f0__threshold_value=210/detections.csv,data/tests/detection/threshold/legacy_t210__cfg4310fa76/frame_screening/video_24/frame_0/threshold__f0__threshold_value_210/detections.csv,move_file,9372,1,b5ae88e58ba8233e3954094a1646cfd879b4b4a6c007ffa6e5b8a1b2c1c4b538,True
results/tests/24/threshold__f0__threshold_value=210/detections.png,data/tests/detection/threshold/legacy_t210__cfg4310fa76/frame_screening/video_24/frame_0/threshold__f0__threshold_value_210/detections.png,move_file,419631,1,181ec730a418ece22113e8979050088fbb4adbd284ee6607ef8a7fe68886545c,True
results/tests/24/threshold__f0__threshold_value=210/summary.json,data/tests/detection/threshold/legacy_t210__cfg4310fa76/frame_screening/video_24/frame_0/threshold__f0__threshold_value_210/summary.json,move_file,6902,1,8ed3449f77375b3ca4e3009a32a337a744129c22ea53e76b9e7d04a5622ab661,True
results/tests/24/threshold__f100/00_input.png,data/tests/detection/_shared_inputs/video_24/frame_100.png,move_file,350296,1,33f5ad309f4ccde62b5c84fbcab956ca96a477fde126c21422c5fcc6321b3adf,True
results/tests/24/threshold__f100/detections.csv,data/tests/detection/otsu/legacy_otsu_defaults__cfgbbaffb3e/frame_screening/video_24/frame_100/threshold__f100/detections.csv,move_file,10184,1,5ae943623857d1ce7bbeba65ace2f162073ec5578ff21cc6751ed96b6fbeaf8c,True
results/tests/24/threshold__f100/detections.png,data/tests/detection/otsu/legacy_otsu_defaults__cfgbbaffb3e/frame_screening/video_24/frame_100/threshold__f100/detections.png,move_file,398480,1,50b7425ab458e85e1d436e36ba608e47568eefd3812cead5ac00226fdcc42ead,True
results/tests/24/threshold__f100/summary.json,data/tests/detection/otsu/legacy_otsu_defaults__cfgbbaffb3e/frame_screening/video_24/frame_100/threshold__f100/summary.json,move_file,7040,1,e226da43a41240683592ba9aae837605ec165a3b3f94182d7a6bfa3762fce1d3,True
results/tests/24/threshold__f100__close_iterations=0/00_input.png,data/tests/detection/_shared_inputs/video_24/frame_100.png,deduplicate_identical_input,350296,1,33f5ad309f4ccde62b5c84fbcab956ca96a477fde126c21422c5fcc6321b3adf,True
results/tests/24/threshold__f100__close_iterations=0/detections.csv,data/tests/detection/otsu/legacy_otsu_defaults__cfg4633c2bb/frame_screening/video_24/frame_100/threshold__f100__close_iterations_0/detections.csv,move_file,10855,1,324608156e86aaa75f0125d23513d9db60c03ad7379911c22c1296d47f04b4c2,True
results/tests/24/threshold__f100__close_iterations=0/detections.png,data/tests/detection/otsu/legacy_otsu_defaults__cfg4633c2bb/frame_screening/video_24/frame_100/threshold__f100__close_iterations_0/detections.png,move_file,398351,1,89b83815c0677d5881085e9c71fe60b53075a4e52539a6637c8442402e371f8d,True
results/tests/24/threshold__f100__close_iterations=0/summary.json,data/tests/detection/otsu/legacy_otsu_defaults__cfg4633c2bb/frame_screening/video_24/frame_100/threshold__f100__close_iterations_0/summary.json,move_file,8158,1,37dfdb0683621150a431666a1ad479c2ca3c6be562bf1837d87df053608a1b30,True
results/tests/24/threshold__f100__close_iterations=0_threshold_value=200/00_input.png,data/tests/detection/_shared_inputs/video_24/frame_100.png,deduplicate_identical_input,350296,1,33f5ad309f4ccde62b5c84fbcab956ca96a477fde126c21422c5fcc6321b3adf,True
results/tests/24/threshold__f100__close_iterations=0_threshold_value=200/detections.csv,data/tests/detection/threshold/legacy_t200_c0__cfg1359249f/frame_screening/video_24/frame_100/threshold__f100__close_iterations_0_threshold_value_200/detections.csv,move_file,11029,1,11983e91e8ed40bbe13d3d9f26dbdf6101ea27d83f32ee5cf1980959af0f37b1,True
results/tests/24/threshold__f100__close_iterations=0_threshold_value=200/detections.png,data/tests/detection/threshold/legacy_t200_c0__cfg1359249f/frame_screening/video_24/frame_100/threshold__f100__close_iterations_0_threshold_value_200/detections.png,move_file,394960,1,bf58366c7665b70e618939add105e5d9db5b5d1a3d4af718f44c74bae1517d50,True
results/tests/24/threshold__f100__close_iterations=0_threshold_value=200/summary.json,data/tests/detection/threshold/legacy_t200_c0__cfg1359249f/frame_screening/video_24/frame_100/threshold__f100__close_iterations_0_threshold_value_200/summary.json,move_file,8552,1,2f5ae325879ec7518fd68d628a537afd78128dd5ac23b4613872270aa2f32913,True
results/tests/24/threshold__f100__close_iterations=2_threshold_value=200/00_input.png,data/tests/detection/_shared_inputs/video_24/frame_100.png,deduplicate_identical_input,350296,1,33f5ad309f4ccde62b5c84fbcab956ca96a477fde126c21422c5fcc6321b3adf,True
results/tests/24/threshold__f100__close_iterations=2_threshold_value=200/detections.csv,data/tests/detection/threshold/legacy_t200_c2__cfg5d0522c8/frame_screening/video_24/frame_100/threshold__f100__close_iterations_2_threshold_value_200/detections.csv,move_file,10765,1,18b3b59b8e979dba88031439adf91558968ddd6adb52b30a9df54287067fa8e7,True
results/tests/24/threshold__f100__close_iterations=2_threshold_value=200/detections.png,data/tests/detection/threshold/legacy_t200_c2__cfg5d0522c8/frame_screening/video_24/frame_100/threshold__f100__close_iterations_2_threshold_value_200/detections.png,move_file,395226,1,bb967251caad75bb0a9b2ec61ff7793cd28b70f66ddddcb942d6dc1e112ccfdf,True
results/tests/24/threshold__f100__close_iterations=2_threshold_value=200/summary.json,data/tests/detection/threshold/legacy_t200_c2__cfg5d0522c8/frame_screening/video_24/frame_100/threshold__f100__close_iterations_2_threshold_value_200/summary.json,move_file,8146,1,9a7f80732f19d7f136a4869a94f88fe093153195edb5dbc34d14276336281537,True
results/tests/24/threshold__f100__morph_iterations=2/00_input.png,data/tests/detection/_shared_inputs/video_24/frame_100.png,deduplicate_identical_input,350296,1,33f5ad309f4ccde62b5c84fbcab956ca96a477fde126c21422c5fcc6321b3adf,True
results/tests/24/threshold__f100__morph_iterations=2/detections.csv,data/tests/detection/otsu/legacy_otsu_defaults__cfg76e32ed9/frame_screening/video_24/frame_100/threshold__f100__morph_iterations_2/detections.csv,move_file,10941,1,3a5117b003a27f34c46157e53474e85f56668494fceab5c92e9a1239b86fc052,True
results/tests/24/threshold__f100__morph_iterations=2/detections.png,data/tests/detection/otsu/legacy_otsu_defaults__cfg76e32ed9/frame_screening/video_24/frame_100/threshold__f100__morph_iterations_2/detections.png,move_file,397219,1,1a7c428bd25ad4fefbbad49be7ae60ffd419a440e55c9c7cff36509dcbff319c,True
results/tests/24/threshold__f100__morph_iterations=2/summary.json,data/tests/detection/otsu/legacy_otsu_defaults__cfg76e32ed9/frame_screening/video_24/frame_100/threshold__f100__morph_iterations_2/summary.json,move_file,8315,1,63e87e7f1c954dbe93148583dcc7d4292f3643bcd475595c61139a489c79bb78,True
results/tests/24/threshold__f100__morph_iterations=2_threshold_value=200/00_input.png,data/tests/detection/_shared_inputs/video_24/frame_100.png,deduplicate_identical_input,350296,1,33f5ad309f4ccde62b5c84fbcab956ca96a477fde126c21422c5fcc6321b3adf,True
results/tests/24/threshold__f100__morph_iterations=2_threshold_value=200/detections.csv,data/tests/detection/threshold/legacy_t200_o2__cfga13617b6/frame_screening/video_24/frame_100/threshold__f100__morph_iterations_2_threshold_value_200/detections.csv,move_file,6840,1,f93f0a63308979e2b44a0cceb56a4f90633a7e91164028b3e188224c9ab7e393,True
results/tests/24/threshold__f100__morph_iterations=2_threshold_value=200/detections.png,data/tests/detection/threshold/legacy_t200_o2__cfga13617b6/frame_screening/video_24/frame_100/threshold__f100__morph_iterations_2_threshold_value_200/detections.png,move_file,398273,1,52e09c35c87ab3bfd05ba598f4bc0ee07fb63a69a79ec7326633e70457806a70,True
results/tests/24/threshold__f100__morph_iterations=2_threshold_value=200/summary.json,data/tests/detection/threshold/legacy_t200_o2__cfga13617b6/frame_screening/video_24/frame_100/threshold__f100__morph_iterations_2_threshold_value_200/summary.json,move_file,1624,1,baac3b214cc1b90bd5af4bbb502a0e2cf6069c2cbb9b881d7f229206f48576a4,True
results/tests/24/threshold__f100__threshold_value=180/00_input.png,data/tests/detection/_shared_inputs/video_24/frame_100.png,deduplicate_identical_input,350296,1,33f5ad309f4ccde62b5c84fbcab956ca96a477fde126c21422c5fcc6321b3adf,True
results/tests/24/threshold__f100__threshold_value=180/detections.csv,data/tests/detection/threshold/legacy_t180__cfg1fd3f76e/frame_screening/video_24/frame_100/threshold__f100__threshold_value_180/detections.csv,move_file,11168,1,9269e7374bc1cdc3b4645ab58bd289d1d49dfaa2ad5fe6b7f660d0109a5670a5,True
results/tests/24/threshold__f100__threshold_value=180/detections.png,data/tests/detection/threshold/legacy_t180__cfg1fd3f76e/frame_screening/video_24/frame_100/threshold__f100__threshold_value_180/detections.png,move_file,394244,1,1f3cab08da26300aa39028d76326be19a9db9a3194ebed00c78b30ce6baa9c5b,True
results/tests/24/threshold__f100__threshold_value=180/summary.json,data/tests/detection/threshold/legacy_t180__cfg1fd3f76e/frame_screening/video_24/frame_100/threshold__f100__threshold_value_180/summary.json,move_file,8761,1,ae95265ae2f125f2a787876a2123395268f565233a8b64e4ad8b5f97fceb042c,True
results/tests/24/threshold__f100__threshold_value=190/00_input.png,data/tests/detection/_shared_inputs/video_24/frame_100.png,deduplicate_identical_input,350296,1,33f5ad309f4ccde62b5c84fbcab956ca96a477fde126c21422c5fcc6321b3adf,True
results/tests/24/threshold__f100__threshold_value=190/detections.csv,data/tests/detection/threshold/legacy_t190__cfgfeeed012/frame_screening/video_24/frame_100/threshold__f100__threshold_value_190/detections.csv,move_file,10766,1,8d01af120e1e0693e042d057f3076718efdec944fbaa048cc9b8a10f5a4f7459,True
results/tests/24/threshold__f100__threshold_value=190/detections.png,data/tests/detection/threshold/legacy_t190__cfgfeeed012/frame_screening/video_24/frame_100/threshold__f100__threshold_value_190/detections.png,move_file,395043,1,591d9181363415b517def0336f6ca7778b5dda3256cb49701d91429e9da322b6,True
results/tests/24/threshold__f100__threshold_value=190/summary.json,data/tests/detection/threshold/legacy_t190__cfgfeeed012/frame_screening/video_24/frame_100/threshold__f100__threshold_value_190/summary.json,move_file,8101,1,9659d6ad48a354ad4896adf0878ce6a46a71a3bd5f956b11117cc3e79d455d62,True
results/tests/24/threshold__f100__threshold_value=200/00_input.png,data/tests/detection/_shared_inputs/video_24/frame_100.png,deduplicate_identical_input,350296,1,33f5ad309f4ccde62b5c84fbcab956ca96a477fde126c21422c5fcc6321b3adf,True
results/tests/24/threshold__f100__threshold_value=200/detections.csv,data/tests/detection/threshold/legacy_t200__cfg1f8f28ac/frame_screening/video_24/frame_100/threshold__f100__threshold_value_200/detections.csv,move_file,10897,1,73351a2dde782c14a8f2c55bc38b4760f96afd9f282a0c8f021e4d53d38a0ce9,True
results/tests/24/threshold__f100__threshold_value=200/detections.png,data/tests/detection/threshold/legacy_t200__cfg1f8f28ac/frame_screening/video_24/frame_100/threshold__f100__threshold_value_200/detections.png,move_file,394950,1,92e80ef320fbf1ba8262c0968ba5978121050dc3381fd3f96bb0594490de53de,True
results/tests/24/threshold__f100__threshold_value=200/summary.json,data/tests/detection/threshold/legacy_t200__cfg1f8f28ac/frame_screening/video_24/frame_100/threshold__f100__threshold_value_200/summary.json,move_file,8319,1,ad32702fbfaa4665c44181316e010841615c73a3dd84006ae0547b9ade62f94b,True
results/tests/24/threshold__f100__threshold_value=210/00_input.png,data/tests/detection/_shared_inputs/video_24/frame_100.png,deduplicate_identical_input,350296,1,33f5ad309f4ccde62b5c84fbcab956ca96a477fde126c21422c5fcc6321b3adf,True
results/tests/24/threshold__f100__threshold_value=210/detections.csv,data/tests/detection/threshold/legacy_t210__cfg4310fa76/frame_screening/video_24/frame_100/threshold__f100__threshold_value_210/detections.csv,move_file,10507,1,85e8c2387f1119bbaf91f55cb21d89788fb6af169061c7a7b92239375114bed4,True
results/tests/24/threshold__f100__threshold_value=210/detections.png,data/tests/detection/threshold/legacy_t210__cfg4310fa76/frame_screening/video_24/frame_100/threshold__f100__threshold_value_210/detections.png,move_file,395632,1,a42129045ee4f0f3554097140901d40e839b3338addadcf843f18494d9b3160f,True
results/tests/24/threshold__f100__threshold_value=210/summary.json,data/tests/detection/threshold/legacy_t210__cfg4310fa76/frame_screening/video_24/frame_100/threshold__f100__threshold_value_210/summary.json,move_file,7668,1,9fd1accb535e96203a0221ebcce7566420bda26e2bba8486f28c7c694374a435,True
results/tests/24/threshold__f50/00_input.png,data/tests/detection/_shared_inputs/video_24/frame_50.png,move_file,349246,1,11f5e07489ea46cdfb0ab174df0460a9144c6cfcb8e44dd5e9a4583eb2f23181,True
results/tests/24/threshold__f50/detections.csv,data/tests/detection/otsu/legacy_otsu_defaults__cfgbbaffb3e/frame_screening/video_24/frame_50/threshold__f50/detections.csv,move_file,9900,1,d7f42f0e6deb1e33bc01d254ee04420b803b18d123aa4cf5639b1943e448dff3,True
results/tests/24/threshold__f50/detections.png,data/tests/detection/otsu/legacy_otsu_defaults__cfgbbaffb3e/frame_screening/video_24/frame_50/threshold__f50/detections.png,move_file,396488,1,ebc057a3de5c3e9327d87f7b8ab0706bac8209c182efbcbd56b6c1e1520bf316,True
results/tests/24/threshold__f50/summary.json,data/tests/detection/otsu/legacy_otsu_defaults__cfgbbaffb3e/frame_screening/video_24/frame_50/threshold__f50/summary.json,move_file,7039,1,444e7da47305d691f96ca8bdcaa9124e1f01e29821c1be4da95529a865871536,True
results/tests/24/threshold__f50__close_iterations=0/00_input.png,data/tests/detection/_shared_inputs/video_24/frame_50.png,deduplicate_identical_input,349246,1,11f5e07489ea46cdfb0ab174df0460a9144c6cfcb8e44dd5e9a4583eb2f23181,True
results/tests/24/threshold__f50__close_iterations=0/detections.csv,data/tests/detection/otsu/legacy_otsu_defaults__cfg4633c2bb/frame_screening/video_24/frame_50/threshold__f50__close_iterations_0/detections.csv,move_file,10818,1,8e3cb19759b2ec6e9fd328dd61a0edf94ea07627def23b24e85b3b1b13231062,True
results/tests/24/threshold__f50__close_iterations=0/detections.png,data/tests/detection/otsu/legacy_otsu_defaults__cfg4633c2bb/frame_screening/video_24/frame_50/threshold__f50__close_iterations_0/detections.png,move_file,395495,1,84a5cf319098d8a29e6a38c583a731777aa55d7d8faaa678cc7e50fd8bea5585,True
results/tests/24/threshold__f50__close_iterations=0/summary.json,data/tests/detection/otsu/legacy_otsu_defaults__cfg4633c2bb/frame_screening/video_24/frame_50/threshold__f50__close_iterations_0/summary.json,move_file,8593,1,276cf679bc3c0534fcec04e6783d2fb0a931e17e2a16ebca0ab8dc609403c3ad,True
results/tests/24/threshold__f50__close_iterations=0_threshold_value=200/00_input.png,data/tests/detection/_shared_inputs/video_24/frame_50.png,deduplicate_identical_input,349246,1,11f5e07489ea46cdfb0ab174df0460a9144c6cfcb8e44dd5e9a4583eb2f23181,True
results/tests/24/threshold__f50__close_iterations=0_threshold_value=200/detections.csv,data/tests/detection/threshold/legacy_t200_c0__cfg1359249f/frame_screening/video_24/frame_50/threshold__f50__close_iterations_0_threshold_value_200/detections.csv,move_file,10474,1,668aab0d4eafbd1cd92e6701a27e4b7c126f647ac90554a928487b6a3ab3fcdf,True
results/tests/24/threshold__f50__close_iterations=0_threshold_value=200/detections.png,data/tests/detection/threshold/legacy_t200_c0__cfg1359249f/frame_screening/video_24/frame_50/threshold__f50__close_iterations_0_threshold_value_200/detections.png,move_file,393715,1,2f8daaa4a0b070a9c136a81bf917403472a5b317f87a7ff0d32a87f8a18ff1dc,True
results/tests/24/threshold__f50__close_iterations=0_threshold_value=200/summary.json,data/tests/detection/threshold/legacy_t200_c0__cfg1359249f/frame_screening/video_24/frame_50/threshold__f50__close_iterations_0_threshold_value_200/summary.json,move_file,8116,1,7db23a46cc92d29f3424041f5c2e6a4f3f372eec04651969e7d39dbf507566c0,True
results/tests/24/threshold__f50__close_iterations=2_threshold_value=200/00_input.png,data/tests/detection/_shared_inputs/video_24/frame_50.png,deduplicate_identical_input,349246,1,11f5e07489ea46cdfb0ab174df0460a9144c6cfcb8e44dd5e9a4583eb2f23181,True
results/tests/24/threshold__f50__close_iterations=2_threshold_value=200/detections.csv,data/tests/detection/threshold/legacy_t200_c2__cfg5d0522c8/frame_screening/video_24/frame_50/threshold__f50__close_iterations_2_threshold_value_200/detections.csv,move_file,10280,1,5ea730fd6fb889e6b137bab24b21a6b5b31d20680b0b13ee8cccdccbe9fba249,True
results/tests/24/threshold__f50__close_iterations=2_threshold_value=200/detections.png,data/tests/detection/threshold/legacy_t200_c2__cfg5d0522c8/frame_screening/video_24/frame_50/threshold__f50__close_iterations_2_threshold_value_200/detections.png,move_file,393833,1,2367da5f058c80c3ae1459f58b4a53b43cd2bbbe4470cf3000d3463bf8642a5d,True
results/tests/24/threshold__f50__close_iterations=2_threshold_value=200/summary.json,data/tests/detection/threshold/legacy_t200_c2__cfg5d0522c8/frame_screening/video_24/frame_50/threshold__f50__close_iterations_2_threshold_value_200/summary.json,move_file,7824,1,96f3e4958225f85d020c33677f7f59f10741bd6736aea2ee33c2cb7b38527ebe,True
results/tests/24/threshold__f50__morph_iterations=2/00_input.png,data/tests/detection/_shared_inputs/video_24/frame_50.png,deduplicate_identical_input,349246,1,11f5e07489ea46cdfb0ab174df0460a9144c6cfcb8e44dd5e9a4583eb2f23181,True
results/tests/24/threshold__f50__morph_iterations=2/detections.csv,data/tests/detection/otsu/legacy_otsu_defaults__cfg76e32ed9/frame_screening/video_24/frame_50/threshold__f50__morph_iterations_2/detections.csv,move_file,9797,1,5643a6c9674e7b19c4560993a1960377dd55c0d68bdbabc77054f0019bae5c07,True
results/tests/24/threshold__f50__morph_iterations=2/detections.png,data/tests/detection/otsu/legacy_otsu_defaults__cfg76e32ed9/frame_screening/video_24/frame_50/threshold__f50__morph_iterations_2/detections.png,move_file,395875,1,1ddc3eece3db2aef5142b3ceff4c6bad6faf4752292cf474560d2ac4dfc81bde,True
results/tests/24/threshold__f50__morph_iterations=2/summary.json,data/tests/detection/otsu/legacy_otsu_defaults__cfg76e32ed9/frame_screening/video_24/frame_50/threshold__f50__morph_iterations_2/summary.json,move_file,6890,1,05e018cbcd60f199b3c031b0b24a5add8a61e4de7eb462f44d8410baa788da7b,True
results/tests/24/threshold__f50__morph_iterations=2_threshold_value=200/00_input.png,data/tests/detection/_shared_inputs/video_24/frame_50.png,deduplicate_identical_input,349246,1,11f5e07489ea46cdfb0ab174df0460a9144c6cfcb8e44dd5e9a4583eb2f23181,True
results/tests/24/threshold__f50__morph_iterations=2_threshold_value=200/detections.csv,data/tests/detection/threshold/legacy_t200_o2__cfga13617b6/frame_screening/video_24/frame_50/threshold__f50__morph_iterations_2_threshold_value_200/detections.csv,move_file,6735,1,c54acdbdf2cbeb7efe484f63f0309a5b2124a1afd969f287752b923ae2b7fd2d,True
results/tests/24/threshold__f50__morph_iterations=2_threshold_value=200/detections.png,data/tests/detection/threshold/legacy_t200_o2__cfga13617b6/frame_screening/video_24/frame_50/threshold__f50__morph_iterations_2_threshold_value_200/detections.png,move_file,396326,1,8d094db2e1415bd558d3907e91ac3c6e335c18b7fb8ee6a297404247039b53dc,True
results/tests/24/threshold__f50__morph_iterations=2_threshold_value=200/summary.json,data/tests/detection/threshold/legacy_t200_o2__cfga13617b6/frame_screening/video_24/frame_50/threshold__f50__morph_iterations_2_threshold_value_200/summary.json,move_file,1843,1,22757fca71949fa667b4c94d03cb71676e176d4f46d56b611de99c519649ed0a,True
results/tests/24/threshold__f50__threshold_value=180/00_input.png,data/tests/detection/_shared_inputs/video_24/frame_50.png,deduplicate_identical_input,349246,1,11f5e07489ea46cdfb0ab174df0460a9144c6cfcb8e44dd5e9a4583eb2f23181,True
results/tests/24/threshold__f50__threshold_value=180/detections.csv,data/tests/detection/threshold/legacy_t180__cfg1fd3f76e/frame_screening/video_24/frame_50/threshold__f50__threshold_value_180/detections.csv,move_file,10600,1,b9962ca068ff6137c89dfc33e20a83d4ea59f575d28ee71ab2908f91f63f86ef,True
results/tests/24/threshold__f50__threshold_value=180/detections.png,data/tests/detection/threshold/legacy_t180__cfg1fd3f76e/frame_screening/video_24/frame_50/threshold__f50__threshold_value_180/detections.png,move_file,392980,1,3a888afa08241c875d784eae9a07014b143493c7e956e13703b67fad1870d860,True
results/tests/24/threshold__f50__threshold_value=180/summary.json,data/tests/detection/threshold/legacy_t180__cfg1fd3f76e/frame_screening/video_24/frame_50/threshold__f50__threshold_value_180/summary.json,move_file,8320,1,d78ddb1433a2354e92e66e13f33f156b36ee5ea3f54cea8a7cd79cca76356350,True
results/tests/24/threshold__f50__threshold_value=190/00_input.png,data/tests/detection/_shared_inputs/video_24/frame_50.png,deduplicate_identical_input,349246,1,11f5e07489ea46cdfb0ab174df0460a9144c6cfcb8e44dd5e9a4583eb2f23181,True
results/tests/24/threshold__f50__threshold_value=190/detections.csv,data/tests/detection/threshold/legacy_t190__cfgfeeed012/frame_screening/video_24/frame_50/threshold__f50__threshold_value_190/detections.csv,move_file,10475,1,099edfdaea888b2ab4ca5752c8e13895d46dbbe95048df4aae29054d76d24ead,True
results/tests/24/threshold__f50__threshold_value=190/detections.png,data/tests/detection/threshold/legacy_t190__cfgfeeed012/frame_screening/video_24/frame_50/threshold__f50__threshold_value_190/detections.png,move_file,393442,1,8d0173e8fbf16abe9efe73bb01a89567e6537856abb019b3106cdb7236ee4b10,True
results/tests/24/threshold__f50__threshold_value=190/summary.json,data/tests/detection/threshold/legacy_t190__cfgfeeed012/frame_screening/video_24/frame_50/threshold__f50__threshold_value_190/summary.json,move_file,8103,1,22ce5194f0bd3169258d12c4529c0e3195270721b441b1deedba66d5ce9d6771,True
results/tests/24/threshold__f50__threshold_value=200/00_input.png,data/tests/detection/_shared_inputs/video_24/frame_50.png,deduplicate_identical_input,349246,1,11f5e07489ea46cdfb0ab174df0460a9144c6cfcb8e44dd5e9a4583eb2f23181,True
results/tests/24/threshold__f50__threshold_value=200/detections.csv,data/tests/detection/threshold/legacy_t200__cfg1f8f28ac/frame_screening/video_24/frame_50/threshold__f50__threshold_value_200/detections.csv,move_file,10409,1,c997fc23d35c4ee263995c3e5eb097f3a532d441d37ce6cd6622bf375ecf800f,True
results/tests/24/threshold__f50__threshold_value=200/detections.png,data/tests/detection/threshold/legacy_t200__cfg1f8f28ac/frame_screening/video_24/frame_50/threshold__f50__threshold_value_200/detections.png,move_file,393746,1,c38cdaa5a82ac4f95371b6226430cca44ab9afbd52f792fa78312e8130ca7860,True
results/tests/24/threshold__f50__threshold_value=200/summary.json,data/tests/detection/threshold/legacy_t200__cfg1f8f28ac/frame_screening/video_24/frame_50/threshold__f50__threshold_value_200/summary.json,move_file,7993,1,66c5a74b23609fbc310433e4e61de5b4c7fb22a79f9e35cc8b066a6a84229548,True
results/tests/24/threshold__f50__threshold_value=210/00_input.png,data/tests/detection/_shared_inputs/video_24/frame_50.png,deduplicate_identical_input,349246,1,11f5e07489ea46cdfb0ab174df0460a9144c6cfcb8e44dd5e9a4583eb2f23181,True
results/tests/24/threshold__f50__threshold_value=210/detections.csv,data/tests/detection/threshold/legacy_t210__cfg4310fa76/frame_screening/video_24/frame_50/threshold__f50__threshold_value_210/detections.csv,move_file,9957,1,05ef75528de3da8676876192f77c5bff6da8940727a6033e747dd586e84a7564,True
results/tests/24/threshold__f50__threshold_value=210/detections.png,data/tests/detection/threshold/legacy_t210__cfg4310fa76/frame_screening/video_24/frame_50/threshold__f50__threshold_value_210/detections.png,move_file,394152,1,9521f12002491e8014ae13e57ebf0a3133139a22b9fab0ef53c97522d7c83287,True
results/tests/24/threshold__f50__threshold_value=210/summary.json,data/tests/detection/threshold/legacy_t210__cfg4310fa76/frame_screening/video_24/frame_50/threshold__f50__threshold_value_210/summary.json,move_file,7231,1,f4d832bc5c1d7858399c89269227433f3e0350d8b580f06510ade3acd6a735ee,True
results/tests/29/threshold__f0/00_input.png,data/tests/detection/_shared_inputs/video_29/frame_0.png,move_file,298470,1,28bf837a3183374a9648d116f329ebab12ca59eeb477bc4ee65de31c521b2bd6,True
results/tests/29/threshold__f0/detections.csv,data/tests/detection/otsu/legacy_otsu_defaults__cfgbbaffb3e/frame_screening/video_29/frame_0/threshold__f0/detections.csv,move_file,813,1,daf9beb292c815083521b3b7576f50d727d634a4fef93702da107f81ae2d78a8,True
results/tests/29/threshold__f0/detections.png,data/tests/detection/otsu/legacy_otsu_defaults__cfgbbaffb3e/frame_screening/video_29/frame_0/threshold__f0/detections.png,move_file,309653,1,6f0521f904ed12f15a861668a9616d16edcb89c40c15ff0c5cf7982edb22d56a,True
results/tests/29/threshold__f0/summary.json,data/tests/detection/otsu/legacy_otsu_defaults__cfgbbaffb3e/frame_screening/video_29/frame_0/threshold__f0/summary.json,move_file,1081,1,d63750056e6d54b98a3d0990b4a5a448646ccdc2fd830c3fcc29d6f867151d38,True
results/tests/29/threshold__f0__close_iterations=0/00_input.png,data/tests/detection/_shared_inputs/video_29/frame_0.png,deduplicate_identical_input,298470,1,28bf837a3183374a9648d116f329ebab12ca59eeb477bc4ee65de31c521b2bd6,True
results/tests/29/threshold__f0__close_iterations=0/detections.csv,data/tests/detection/otsu/legacy_otsu_defaults__cfg4633c2bb/frame_screening/video_29/frame_0/threshold__f0__close_iterations_0/detections.csv,move_file,937,1,61777ba343522b86ae6d9c8f5fef47a26450f174619705d18d04d15c6d1aae2d,True
results/tests/29/threshold__f0__close_iterations=0/detections.png,data/tests/detection/otsu/legacy_otsu_defaults__cfg4633c2bb/frame_screening/video_29/frame_0/threshold__f0__close_iterations_0/detections.png,move_file,309429,1,af7d43fef7c1ebbd7ca79865d7580edb03ee77802e50c1f9bafcbd878ca47fbf,True
results/tests/29/threshold__f0__close_iterations=0/summary.json,data/tests/detection/otsu/legacy_otsu_defaults__cfg4633c2bb/frame_screening/video_29/frame_0/threshold__f0__close_iterations_0/summary.json,move_file,1317,1,0d292ee834a55bff603e6b9fccc813b1855bbef835bb7ad3c5b13d641113fe52,True
results/tests/29/threshold__f0__close_iterations=0_threshold_value=200/00_input.png,data/tests/detection/_shared_inputs/video_29/frame_0.png,deduplicate_identical_input,298470,1,28bf837a3183374a9648d116f329ebab12ca59eeb477bc4ee65de31c521b2bd6,True
results/tests/29/threshold__f0__close_iterations=0_threshold_value=200/detections.csv,data/tests/detection/threshold/legacy_t200_c0__cfg1359249f/frame_screening/video_29/frame_0/threshold__f0__close_iterations_0_threshold_value_200/detections.csv,move_file,1460,1,afc01cbd6106e2e3998ec203f42da37acc3e35b4b618293d9e7dd6f88b167538,True
results/tests/29/threshold__f0__close_iterations=0_threshold_value=200/detections.png,data/tests/detection/threshold/legacy_t200_c0__cfg1359249f/frame_screening/video_29/frame_0/threshold__f0__close_iterations_0_threshold_value_200/detections.png,move_file,309321,1,b0781f3a25befe42ca44fc17c81a34f81d6567dfcb202a92bb72e9e849ee84a7,True
results/tests/29/threshold__f0__close_iterations=0_threshold_value=200/summary.json,data/tests/detection/threshold/legacy_t200_c0__cfg1359249f/frame_screening/video_29/frame_0/threshold__f0__close_iterations_0_threshold_value_200/summary.json,move_file,2253,1,55cabd7cf6cbfa699a7719403a631ce89c27ab91fd205d8ae100f010d31d54c9,True
results/tests/29/threshold__f0__close_iterations=2_threshold_value=200/00_input.png,data/tests/detection/_shared_inputs/video_29/frame_0.png,deduplicate_identical_input,298470,1,28bf837a3183374a9648d116f329ebab12ca59eeb477bc4ee65de31c521b2bd6,True
results/tests/29/threshold__f0__close_iterations=2_threshold_value=200/detections.csv,data/tests/detection/threshold/legacy_t200_c2__cfg5d0522c8/frame_screening/video_29/frame_0/threshold__f0__close_iterations_2_threshold_value_200/detections.csv,move_file,1077,1,a59ae7fcf361156a77bfcc73a636067877923402144da2059c3c094cc4057cd3,True
results/tests/29/threshold__f0__close_iterations=2_threshold_value=200/detections.png,data/tests/detection/threshold/legacy_t200_c2__cfg5d0522c8/frame_screening/video_29/frame_0/threshold__f0__close_iterations_2_threshold_value_200/detections.png,move_file,309635,1,03b3c112cec7bdfbbdf828cf724b5e82bae7658b074a2a15a2dbf681faa70458,True
results/tests/29/threshold__f0__close_iterations=2_threshold_value=200/summary.json,data/tests/detection/threshold/legacy_t200_c2__cfg5d0522c8/frame_screening/video_29/frame_0/threshold__f0__close_iterations_2_threshold_value_200/summary.json,move_file,1628,1,03f4cff68ee5dce98ce06cd6fe48f579120e882a2742e26b3b5e4418a8aeccc2,True
results/tests/29/threshold__f0__morph_iterations=2/00_input.png,data/tests/detection/_shared_inputs/video_29/frame_0.png,deduplicate_identical_input,298470,1,28bf837a3183374a9648d116f329ebab12ca59eeb477bc4ee65de31c521b2bd6,True
results/tests/29/threshold__f0__morph_iterations=2/detections.csv,data/tests/detection/otsu/legacy_otsu_defaults__cfg76e32ed9/frame_screening/video_29/frame_0/threshold__f0__morph_iterations_2/detections.csv,move_file,946,1,70ec54f0a191e621b245892e5f329db472975952e3cba4ecfd828a105e1082da,True
results/tests/29/threshold__f0__morph_iterations=2/detections.png,data/tests/detection/otsu/legacy_otsu_defaults__cfg76e32ed9/frame_screening/video_29/frame_0/threshold__f0__morph_iterations_2/detections.png,move_file,309552,1,7d419bb34e84595ba1d644f54afa1f355efd1ab73571cba7ae8a75d53e5550ae,True
results/tests/29/threshold__f0__morph_iterations=2/summary.json,data/tests/detection/otsu/legacy_otsu_defaults__cfg76e32ed9/frame_screening/video_29/frame_0/threshold__f0__morph_iterations_2/summary.json,move_file,1356,1,46c64fefdffb97a8580fef26a7dc9243ce98d935ae873b4f6e70580778ff2769,True
results/tests/29/threshold__f0__morph_iterations=2_threshold_value=200/00_input.png,data/tests/detection/_shared_inputs/video_29/frame_0.png,deduplicate_identical_input,298470,1,28bf837a3183374a9648d116f329ebab12ca59eeb477bc4ee65de31c521b2bd6,True
results/tests/29/threshold__f0__morph_iterations=2_threshold_value=200/detections.csv,data/tests/detection/threshold/legacy_t200_o2__cfga13617b6/frame_screening/video_29/frame_0/threshold__f0__morph_iterations_2_threshold_value_200/detections.csv,move_file,1011,1,d6bec28d73f42a44893a1e1bf3ba4fb415be1bd62fa50688387740d212551a63,True
results/tests/29/threshold__f0__morph_iterations=2_threshold_value=200/detections.png,data/tests/detection/threshold/legacy_t200_o2__cfga13617b6/frame_screening/video_29/frame_0/threshold__f0__morph_iterations_2_threshold_value_200/detections.png,move_file,309255,1,9c6e43ace7bb7e31fdf3ad1982e13722c8f2f17dbbc7efe2e2e9aebb9acc32d6,True
results/tests/29/threshold__f0__morph_iterations=2_threshold_value=200/summary.json,data/tests/detection/threshold/legacy_t200_o2__cfga13617b6/frame_screening/video_29/frame_0/threshold__f0__morph_iterations_2_threshold_value_200/summary.json,move_file,1516,1,894800d34fa0f33f6f37476172b34bfe57381c1e7a6401cb33fa960c742ebe44,True
results/tests/29/threshold__f0__threshold_value=180/00_input.png,data/tests/detection/_shared_inputs/video_29/frame_0.png,deduplicate_identical_input,298470,1,28bf837a3183374a9648d116f329ebab12ca59eeb477bc4ee65de31c521b2bd6,True
results/tests/29/threshold__f0__threshold_value=180/detections.csv,data/tests/detection/threshold/legacy_t180__cfg1fd3f76e/frame_screening/video_29/frame_0/threshold__f0__threshold_value_180/detections.csv,move_file,1011,1,fe44da797fb44660e46e62e8f595cc63738d4f6130ba2e44f89f2c6449698317,True
results/tests/29/threshold__f0__threshold_value=180/detections.png,data/tests/detection/threshold/legacy_t180__cfg1fd3f76e/frame_screening/video_29/frame_0/threshold__f0__threshold_value_180/detections.png,move_file,309597,1,964c94132b3bc5fe30dec7a3ddb4c40b621bfe1f547aad7241c5c0d3e91161f5,True
results/tests/29/threshold__f0__threshold_value=180/summary.json,data/tests/detection/threshold/legacy_t180__cfg1fd3f76e/frame_screening/video_29/frame_0/threshold__f0__threshold_value_180/summary.json,move_file,1470,1,78549790aab41e1624cb3c3080ab5329e123cb13789cec4997ebf24b50d0773f,True
results/tests/29/threshold__f0__threshold_value=190/00_input.png,data/tests/detection/_shared_inputs/video_29/frame_0.png,deduplicate_identical_input,298470,1,28bf837a3183374a9648d116f329ebab12ca59eeb477bc4ee65de31c521b2bd6,True
results/tests/29/threshold__f0__threshold_value=190/detections.csv,data/tests/detection/threshold/legacy_t190__cfgfeeed012/frame_screening/video_29/frame_0/threshold__f0__threshold_value_190/detections.csv,move_file,1076,1,59c3498e424ede30d64818c0435a9b1fa7aad12bc5fd44dbd452a4120c093da2,True
results/tests/29/threshold__f0__threshold_value=190/detections.png,data/tests/detection/threshold/legacy_t190__cfgfeeed012/frame_screening/video_29/frame_0/threshold__f0__threshold_value_190/detections.png,move_file,309631,1,7a36f53147741cf87a015a61ff71c13c681f02d480845ec913bc24d06d885777,True
results/tests/29/threshold__f0__threshold_value=190/summary.json,data/tests/detection/threshold/legacy_t190__cfgfeeed012/frame_screening/video_29/frame_0/threshold__f0__threshold_value_190/summary.json,move_file,1580,1,d0e5bb089f633ab7c86b1f0c98ec0f11c099bacc6974d70ad73e3a8481beaff9,True
results/tests/29/threshold__f0__threshold_value=200/00_input.png,data/tests/detection/_shared_inputs/video_29/frame_0.png,deduplicate_identical_input,298470,1,28bf837a3183374a9648d116f329ebab12ca59eeb477bc4ee65de31c521b2bd6,True
results/tests/29/threshold__f0__threshold_value=200/detections.csv,data/tests/detection/threshold/legacy_t200__cfg1f8f28ac/frame_screening/video_29/frame_0/threshold__f0__threshold_value_200/detections.csv,move_file,1396,1,2b692ae7b380c61387331893b2b483c4c23d90bd22764f0b9cb3458a2be4f91e,True
results/tests/29/threshold__f0__threshold_value=200/detections.png,data/tests/detection/threshold/legacy_t200__cfg1f8f28ac/frame_screening/video_29/frame_0/threshold__f0__threshold_value_200/detections.png,move_file,309333,1,06cd0abe07a871143a88964b5ec3ca42be8d44f6c0069c3d0e3f366222262839,True
results/tests/29/threshold__f0__threshold_value=200/summary.json,data/tests/detection/threshold/legacy_t200__cfg1f8f28ac/frame_screening/video_29/frame_0/threshold__f0__threshold_value_200/summary.json,move_file,2128,1,1cdac0b9af923e9571f2fdc9131239c7e93270ba0fafd033ccdb93a500b3176f,True
results/tests/29/threshold__f0__threshold_value=210/00_input.png,data/tests/detection/_shared_inputs/video_29/frame_0.png,deduplicate_identical_input,298470,1,28bf837a3183374a9648d116f329ebab12ca59eeb477bc4ee65de31c521b2bd6,True
results/tests/29/threshold__f0__threshold_value=210/detections.csv,data/tests/detection/threshold/legacy_t210__cfg4310fa76/frame_screening/video_29/frame_0/threshold__f0__threshold_value_210/detections.csv,move_file,1329,1,171e49d31010de02606d3f5a78892db4308c836b628e721e710d5c19f22b6a58,True
results/tests/29/threshold__f0__threshold_value=210/detections.png,data/tests/detection/threshold/legacy_t210__cfg4310fa76/frame_screening/video_29/frame_0/threshold__f0__threshold_value_210/detections.png,move_file,309277,1,53552a0771f4e516ebe52ca0be44b2c9993083e00eb80e252cab890adac80d54,True
results/tests/29/threshold__f0__threshold_value=210/summary.json,data/tests/detection/threshold/legacy_t210__cfg4310fa76/frame_screening/video_29/frame_0/threshold__f0__threshold_value_210/summary.json,move_file,2015,1,35444b2fc2490a3a7e10082fa749d66a769bc8a8ebfc3816bbd11833199b3248,True
results/tests/29/threshold__f100/00_input.png,data/tests/detection/_shared_inputs/video_29/frame_100.png,move_file,200889,1,9e05b02d399da2f6ec87e196326e2c93591aafaf25b35a4b11fce9b1e7769fdd,True
results/tests/29/threshold__f100/detections.csv,data/tests/detection/otsu/legacy_otsu_defaults__cfgbbaffb3e/frame_screening/video_29/frame_100/threshold__f100/detections.csv,move_file,707,1,4a3dea9d4a99f350441b2c70857e2380aa8676cd90ac121d23ac18744f5b5203,True
results/tests/29/threshold__f100/detections.png,data/tests/detection/otsu/legacy_otsu_defaults__cfgbbaffb3e/frame_screening/video_29/frame_100/threshold__f100/detections.png,move_file,211936,1,2fb12ab5218d56c6e6eb08c736448d13d1be54663d856511046c77fcfea0ab60,True
results/tests/29/threshold__f100/summary.json,data/tests/detection/otsu/legacy_otsu_defaults__cfgbbaffb3e/frame_screening/video_29/frame_100/threshold__f100/summary.json,move_file,870,1,64e558037718fa40b32934d05244978f5a0b9b8188dfec96a5863ed5a02303b3,True
results/tests/29/threshold__f100__close_iterations=0/00_input.png,data/tests/detection/_shared_inputs/video_29/frame_100.png,deduplicate_identical_input,200889,1,9e05b02d399da2f6ec87e196326e2c93591aafaf25b35a4b11fce9b1e7769fdd,True
results/tests/29/threshold__f100__close_iterations=0/detections.csv,data/tests/detection/otsu/legacy_otsu_defaults__cfg4633c2bb/frame_screening/video_29/frame_100/threshold__f100__close_iterations_0/detections.csv,move_file,839,1,1c3d99a580884f7aea498e11bdc92cd7764342e760a8bc422600c05071a680e1,True
results/tests/29/threshold__f100__close_iterations=0/detections.png,data/tests/detection/otsu/legacy_otsu_defaults__cfg4633c2bb/frame_screening/video_29/frame_100/threshold__f100__close_iterations_0/detections.png,move_file,211930,1,4ba98b25bb8253e64bbea24eecb3e1f5929887021c82c1dc8605cb9ca8d11434,True
results/tests/29/threshold__f100__close_iterations=0/summary.json,data/tests/detection/otsu/legacy_otsu_defaults__cfg4633c2bb/frame_screening/video_29/frame_100/threshold__f100__close_iterations_0/summary.json,move_file,1108,1,1ce8e37d3841446b7c9265ccd493f7c286839f0b466185f333e3e019d7d3f3cf,True
results/tests/29/threshold__f100__close_iterations=0_threshold_value=200/00_input.png,data/tests/detection/_shared_inputs/video_29/frame_100.png,deduplicate_identical_input,200889,1,9e05b02d399da2f6ec87e196326e2c93591aafaf25b35a4b11fce9b1e7769fdd,True
results/tests/29/threshold__f100__close_iterations=0_threshold_value=200/detections.csv,data/tests/detection/threshold/legacy_t200_c0__cfg1359249f/frame_screening/video_29/frame_100/threshold__f100__close_iterations_0_threshold_value_200/detections.csv,move_file,1567,1,9c58685f3adb8606477aa0708dc5fc3354eaa1261f02fb96c1b50305760fecea,True
results/tests/29/threshold__f100__close_iterations=0_threshold_value=200/detections.png,data/tests/detection/threshold/legacy_t200_c0__cfg1359249f/frame_screening/video_29/frame_100/threshold__f100__close_iterations_0_threshold_value_200/detections.png,move_file,211750,1,ec24d21ba983e0f2ea557b14112d8cd037e89fca64e6d6dddda20a8c5f197b1e,True
results/tests/29/threshold__f100__close_iterations=0_threshold_value=200/summary.json,data/tests/detection/threshold/legacy_t200_c0__cfg1359249f/frame_screening/video_29/frame_100/threshold__f100__close_iterations_0_threshold_value_200/summary.json,move_file,2367,1,fbda6629c4f98b8c14b8bc13ea3b7f0e134c5a2931e57078c20d2e81e0d16d62,True
results/tests/29/threshold__f100__close_iterations=2_threshold_value=200/00_input.png,data/tests/detection/_shared_inputs/video_29/frame_100.png,deduplicate_identical_input,200889,1,9e05b02d399da2f6ec87e196326e2c93591aafaf25b35a4b11fce9b1e7769fdd,True
results/tests/29/threshold__f100__close_iterations=2_threshold_value=200/detections.csv,data/tests/detection/threshold/legacy_t200_c2__cfg5d0522c8/frame_screening/video_29/frame_100/threshold__f100__close_iterations_2_threshold_value_200/detections.csv,move_file,1236,1,1e995fe00a72df5f9087f53d27c1f971a68f1712c25762c433cddbf291dc7247,True
results/tests/29/threshold__f100__close_iterations=2_threshold_value=200/detections.png,data/tests/detection/threshold/legacy_t200_c2__cfg5d0522c8/frame_screening/video_29/frame_100/threshold__f100__close_iterations_2_threshold_value_200/detections.png,move_file,211869,1,f69d929320afc5bf4090d50dcc77d2e48c31c4c4e9cb65a5e9aec5902d262b9b,True
results/tests/29/threshold__f100__close_iterations=2_threshold_value=200/summary.json,data/tests/detection/threshold/legacy_t200_c2__cfg5d0522c8/frame_screening/video_29/frame_100/threshold__f100__close_iterations_2_threshold_value_200/summary.json,move_file,1851,1,a21cecac8564d9b5939ac95de602032b895ff81497094283b8ec0764a4f39a08,True
results/tests/29/threshold__f100__morph_iterations=2/00_input.png,data/tests/detection/_shared_inputs/video_29/frame_100.png,deduplicate_identical_input,200889,1,9e05b02d399da2f6ec87e196326e2c93591aafaf25b35a4b11fce9b1e7769fdd,True
results/tests/29/threshold__f100__morph_iterations=2/detections.csv,data/tests/detection/otsu/legacy_otsu_defaults__cfg76e32ed9/frame_screening/video_29/frame_100/threshold__f100__morph_iterations_2/detections.csv,move_file,1041,1,153e3cefc712f8a890df23c37585cf7d945b8f0b549cbf30fcf6665f66f68118,True
results/tests/29/threshold__f100__morph_iterations=2/detections.png,data/tests/detection/otsu/legacy_otsu_defaults__cfg76e32ed9/frame_screening/video_29/frame_100/threshold__f100__morph_iterations_2/detections.png,move_file,212283,1,4f8ebff17e07cc25d5eec80dbedc02f6f25c7746d74f2dbcac4fcc44c0c2d0df,True
results/tests/29/threshold__f100__morph_iterations=2/summary.json,data/tests/detection/otsu/legacy_otsu_defaults__cfg76e32ed9/frame_screening/video_29/frame_100/threshold__f100__morph_iterations_2/summary.json,move_file,1474,1,fb9e66590d1cbd0d451140559fe8b2ddd353fb8f5944adbd6671491983ae68db,True
results/tests/29/threshold__f100__morph_iterations=2_threshold_value=200/00_input.png,data/tests/detection/_shared_inputs/video_29/frame_100.png,deduplicate_identical_input,200889,1,9e05b02d399da2f6ec87e196326e2c93591aafaf25b35a4b11fce9b1e7769fdd,True
results/tests/29/threshold__f100__morph_iterations=2_threshold_value=200/detections.csv,data/tests/detection/threshold/legacy_t200_o2__cfga13617b6/frame_screening/video_29/frame_100/threshold__f100__morph_iterations_2_threshold_value_200/detections.csv,move_file,1101,1,17e496f148d706a8a0cad338af3570eaa702ee85459d16c885d6b3cb22fad6f4,True
results/tests/29/threshold__f100__morph_iterations=2_threshold_value=200/detections.png,data/tests/detection/threshold/legacy_t200_o2__cfga13617b6/frame_screening/video_29/frame_100/threshold__f100__morph_iterations_2_threshold_value_200/detections.png,move_file,211628,1,e38113b025194d21034958ec55e148eb88b29a16056ad3f749ade74d40eafca4,True
results/tests/29/threshold__f100__morph_iterations=2_threshold_value=200/summary.json,data/tests/detection/threshold/legacy_t200_o2__cfga13617b6/frame_screening/video_29/frame_100/threshold__f100__morph_iterations_2_threshold_value_200/summary.json,move_file,1629,1,39fe277e4b5931420300e9a01ad97d1405cbc6421c88b04eec89e4b4322c33f6,True
results/tests/29/threshold__f100__threshold_value=180/00_input.png,data/tests/detection/_shared_inputs/video_29/frame_100.png,deduplicate_identical_input,200889,1,9e05b02d399da2f6ec87e196326e2c93591aafaf25b35a4b11fce9b1e7769fdd,True
results/tests/29/threshold__f100__threshold_value=180/detections.csv,data/tests/detection/threshold/legacy_t180__cfg1fd3f76e/frame_screening/video_29/frame_100/threshold__f100__threshold_value_180/detections.csv,move_file,972,1,4ba45c1482e291e5119a22ffa4301aafbe4940dae9c508cc1f13d3181c92bc77,True
results/tests/29/threshold__f100__threshold_value=180/detections.png,data/tests/detection/threshold/legacy_t180__cfg1fd3f76e/frame_screening/video_29/frame_100/threshold__f100__threshold_value_180/detections.png,move_file,211807,1,581c6e14b857ddcbed029f55b3bd82af12eef824289fc97d2c3dfe9c1a8c41aa,True
results/tests/29/threshold__f100__threshold_value=180/summary.json,data/tests/detection/threshold/legacy_t180__cfg1fd3f76e/frame_screening/video_29/frame_100/threshold__f100__threshold_value_180/summary.json,move_file,1364,1,78e7cb4c991e500ceac78d1d4bc076a04079829b0f4c84b1811822b7995fc545,True
results/tests/29/threshold__f100__threshold_value=190/00_input.png,data/tests/detection/_shared_inputs/video_29/frame_100.png,deduplicate_identical_input,200889,1,9e05b02d399da2f6ec87e196326e2c93591aafaf25b35a4b11fce9b1e7769fdd,True
results/tests/29/threshold__f100__threshold_value=190/detections.csv,data/tests/detection/threshold/legacy_t190__cfgfeeed012/frame_screening/video_29/frame_100/threshold__f100__threshold_value_190/detections.csv,move_file,1039,1,b4c9d348f4f019369c0a6534295f8de4bffbec24d073fab18fa70985d18553cf,True
results/tests/29/threshold__f100__threshold_value=190/detections.png,data/tests/detection/threshold/legacy_t190__cfgfeeed012/frame_screening/video_29/frame_100/threshold__f100__threshold_value_190/detections.png,move_file,212004,1,45666814df483b345b1e6729bbba252b8cda066874e2dc0afff2446fb54421a1,True
results/tests/29/threshold__f100__threshold_value=190/summary.json,data/tests/detection/threshold/legacy_t190__cfgfeeed012/frame_screening/video_29/frame_100/threshold__f100__threshold_value_190/summary.json,move_file,1475,1,3db6ec3a965a73b3debbe3ed4a81c170006aa94b8542e62f0b32a83a9817888e,True
results/tests/29/threshold__f100__threshold_value=200/00_input.png,data/tests/detection/_shared_inputs/video_29/frame_100.png,deduplicate_identical_input,200889,1,9e05b02d399da2f6ec87e196326e2c93591aafaf25b35a4b11fce9b1e7769fdd,True
results/tests/29/threshold__f100__threshold_value=200/detections.csv,data/tests/detection/threshold/legacy_t200__cfg1f8f28ac/frame_screening/video_29/frame_100/threshold__f100__threshold_value_200/detections.csv,move_file,1435,1,5284d19e8277548f51d4e9e41eacb68434e279ee522207d1ca8ffe834a1e6003,True
results/tests/29/threshold__f100__threshold_value=200/detections.png,data/tests/detection/threshold/legacy_t200__cfg1f8f28ac/frame_screening/video_29/frame_100/threshold__f100__threshold_value_200/detections.png,move_file,211770,1,ad181f43804e6762184246582b96d6908c769dad3127ba165202a31d03fc22cd,True
results/tests/29/threshold__f100__threshold_value=200/summary.json,data/tests/detection/threshold/legacy_t200__cfg1f8f28ac/frame_screening/video_29/frame_100/threshold__f100__threshold_value_200/summary.json,move_file,2133,1,46f00d5f4d0521b4a47b6644bd87022d6a29bc5de5b80e4ae9b3261b14c81961,True
results/tests/29/threshold__f100__threshold_value=210/00_input.png,data/tests/detection/_shared_inputs/video_29/frame_100.png,deduplicate_identical_input,200889,1,9e05b02d399da2f6ec87e196326e2c93591aafaf25b35a4b11fce9b1e7769fdd,True
results/tests/29/threshold__f100__threshold_value=210/detections.csv,data/tests/detection/threshold/legacy_t210__cfg4310fa76/frame_screening/video_29/frame_100/threshold__f100__threshold_value_210/detections.csv,move_file,1433,1,91c9091b53aeecf7521f7470d8708ddf5dbe92b901d33e5b54667775b222353b,True
results/tests/29/threshold__f100__threshold_value=210/detections.png,data/tests/detection/threshold/legacy_t210__cfg4310fa76/frame_screening/video_29/frame_100/threshold__f100__threshold_value_210/detections.png,move_file,211543,1,0ce0483eade126dadca024bf4ad202ab4fdcc765fa0313c5d4404b8b7ba4de72,True
results/tests/29/threshold__f100__threshold_value=210/summary.json,data/tests/detection/threshold/legacy_t210__cfg4310fa76/frame_screening/video_29/frame_100/threshold__f100__threshold_value_210/summary.json,move_file,2130,1,28bdd7776339a38f045c246c7e111860e62859fc79784856fb0d1b99ea6e1154,True
results/tests/29/threshold__f50/00_input.png,data/tests/detection/_shared_inputs/video_29/frame_50.png,move_file,200543,1,2f5bed046a45e7d735c0a0bb57433e7461e4c159bf8897d715330037c43ff3a2,True
results/tests/29/threshold__f50/detections.csv,data/tests/detection/otsu/legacy_otsu_defaults__cfgbbaffb3e/frame_screening/video_29/frame_50/threshold__f50/detections.csv,move_file,699,1,4ce9801d7c80c02d6220d78a12732e38597cf16e8851340762037dcfde77d7ea,True
results/tests/29/threshold__f50/detections.png,data/tests/detection/otsu/legacy_otsu_defaults__cfgbbaffb3e/frame_screening/video_29/frame_50/threshold__f50/detections.png,move_file,211507,1,5cddf787789bfaf5ea90ea32dbaeb19bbd746a9f02987cb47e730f1fd0ee9c35,True
results/tests/29/threshold__f50/summary.json,data/tests/detection/otsu/legacy_otsu_defaults__cfgbbaffb3e/frame_screening/video_29/frame_50/threshold__f50/summary.json,move_file,868,1,4ce8683ceb06838ef2d757604c1aca1da9445d1e5a1f432895c0f92f3515c1d9,True
results/tests/29/threshold__f50__close_iterations=0/00_input.png,data/tests/detection/_shared_inputs/video_29/frame_50.png,deduplicate_identical_input,200543,1,2f5bed046a45e7d735c0a0bb57433e7461e4c159bf8897d715330037c43ff3a2,True
results/tests/29/threshold__f50__close_iterations=0/detections.csv,data/tests/detection/otsu/legacy_otsu_defaults__cfg4633c2bb/frame_screening/video_29/frame_50/threshold__f50__close_iterations_0/detections.csv,move_file,829,1,0eb3592f295f3b68ff65b60917dc6b86b6ac4f8078883daead533126ae821d08,True
results/tests/29/threshold__f50__close_iterations=0/detections.png,data/tests/detection/otsu/legacy_otsu_defaults__cfg4633c2bb/frame_screening/video_29/frame_50/threshold__f50__close_iterations_0/detections.png,move_file,211576,1,997141da00ebccb046a3d314ee5b41835d5a2aa16f98aa200b7a4a7a3ad6a896,True
results/tests/29/threshold__f50__close_iterations=0/summary.json,data/tests/detection/otsu/legacy_otsu_defaults__cfg4633c2bb/frame_screening/video_29/frame_50/threshold__f50__close_iterations_0/summary.json,move_file,1106,1,7969949922cb36c49ec08d8150bb70e06a367976eba6e00883fe7544a479bbe6,True
results/tests/29/threshold__f50__close_iterations=0_threshold_value=200/00_input.png,data/tests/detection/_shared_inputs/video_29/frame_50.png,deduplicate_identical_input,200543,1,2f5bed046a45e7d735c0a0bb57433e7461e4c159bf8897d715330037c43ff3a2,True
results/tests/29/threshold__f50__close_iterations=0_threshold_value=200/detections.csv,data/tests/detection/threshold/legacy_t200_c0__cfg1359249f/frame_screening/video_29/frame_50/threshold__f50__close_iterations_0_threshold_value_200/detections.csv,move_file,1418,1,b64f74bf2274af92862aa6ad450d77771ae6e1f1b344a003626bcc7b1225ebb6,True
results/tests/29/threshold__f50__close_iterations=0_threshold_value=200/detections.png,data/tests/detection/threshold/legacy_t200_c0__cfg1359249f/frame_screening/video_29/frame_50/threshold__f50__close_iterations_0_threshold_value_200/detections.png,move_file,211454,1,c4e9848c532a64b0147b8b95dd785ffdcbab60085b9f34a2db650f685cfd889b,True
results/tests/29/threshold__f50__close_iterations=0_threshold_value=200/summary.json,data/tests/detection/threshold/legacy_t200_c0__cfg1359249f/frame_screening/video_29/frame_50/threshold__f50__close_iterations_0_threshold_value_200/summary.json,move_file,2147,1,75644e9ee53a3514e79660088602a528deba6c2fa2f2f0da7692c4daeb6f3ac0,True
results/tests/29/threshold__f50__close_iterations=2_threshold_value=200/00_input.png,data/tests/detection/_shared_inputs/video_29/frame_50.png,deduplicate_identical_input,200543,1,2f5bed046a45e7d735c0a0bb57433e7461e4c159bf8897d715330037c43ff3a2,True
results/tests/29/threshold__f50__close_iterations=2_threshold_value=200/detections.csv,data/tests/detection/threshold/legacy_t200_c2__cfg5d0522c8/frame_screening/video_29/frame_50/threshold__f50__close_iterations_2_threshold_value_200/detections.csv,move_file,1027,1,cc76c4ba70d4d055b2dc89ce5756749d6424b70aef1b4e21aaa5a162ad93c56f,True
results/tests/29/threshold__f50__close_iterations=2_threshold_value=200/detections.png,data/tests/detection/threshold/legacy_t200_c2__cfg5d0522c8/frame_screening/video_29/frame_50/threshold__f50__close_iterations_2_threshold_value_200/detections.png,move_file,211660,1,bb19f30a1fbd4ccb968e1215d032b76cb2cac42fcbd88bbc3e783b5757abafbf,True
results/tests/29/threshold__f50__close_iterations=2_threshold_value=200/summary.json,data/tests/detection/threshold/legacy_t200_c2__cfg5d0522c8/frame_screening/video_29/frame_50/threshold__f50__close_iterations_2_threshold_value_200/summary.json,move_file,1520,1,a7faaaff157f92db8ae7ad81e18666f609fa49eccd3fe63ba7e1e95c2889c266,True
results/tests/29/threshold__f50__morph_iterations=2/00_input.png,data/tests/detection/_shared_inputs/video_29/frame_50.png,deduplicate_identical_input,200543,1,2f5bed046a45e7d735c0a0bb57433e7461e4c159bf8897d715330037c43ff3a2,True
results/tests/29/threshold__f50__morph_iterations=2/detections.csv,data/tests/detection/otsu/legacy_otsu_defaults__cfg76e32ed9/frame_screening/video_29/frame_50/threshold__f50__morph_iterations_2/detections.csv,move_file,1215,1,82457f1fa496394d4f15b77286ebfcc679faeb2a08408b6a9bd405cf0597e224,True
results/tests/29/threshold__f50__morph_iterations=2/detections.png,data/tests/detection/otsu/legacy_otsu_defaults__cfg76e32ed9/frame_screening/video_29/frame_50/threshold__f50__morph_iterations_2/detections.png,move_file,211521,1,16a66dab7e8e32e6a3431751b8164f7d54c046f06d6a29012cc4b8df5616b4c3,True
results/tests/29/threshold__f50__morph_iterations=2/summary.json,data/tests/detection/otsu/legacy_otsu_defaults__cfg76e32ed9/frame_screening/video_29/frame_50/threshold__f50__morph_iterations_2/summary.json,move_file,1796,1,4dcaa265eee3fbdd798d80adac7c6f4b7080625cdadfb1f17f47a95ce3f4f69b,True
results/tests/29/threshold__f50__morph_iterations=2_threshold_value=200/00_input.png,data/tests/detection/_shared_inputs/video_29/frame_50.png,deduplicate_identical_input,200543,1,2f5bed046a45e7d735c0a0bb57433e7461e4c159bf8897d715330037c43ff3a2,True
results/tests/29/threshold__f50__morph_iterations=2_threshold_value=200/detections.csv,data/tests/detection/threshold/legacy_t200_o2__cfga13617b6/frame_screening/video_29/frame_50/threshold__f50__morph_iterations_2_threshold_value_200/detections.csv,move_file,1087,1,89c3cc76666697293225d61818840f5229221380c4da1006ff40546936c646a7,True
results/tests/29/threshold__f50__morph_iterations=2_threshold_value=200/detections.png,data/tests/detection/threshold/legacy_t200_o2__cfga13617b6/frame_screening/video_29/frame_50/threshold__f50__morph_iterations_2_threshold_value_200/detections.png,move_file,211322,1,b00149bc01f1400043f5984a3d78f599fbf5f3df76ef40be3bc778daeaef10b3,True
results/tests/29/threshold__f50__morph_iterations=2_threshold_value=200/summary.json,data/tests/detection/threshold/legacy_t200_o2__cfga13617b6/frame_screening/video_29/frame_50/threshold__f50__morph_iterations_2_threshold_value_200/summary.json,move_file,1626,1,5371a4e452e74327217ecb4d4c7676b5eea528fc8c693dc47dcf7a0f0ba172ec,True
results/tests/29/threshold__f50__threshold_value=180/00_input.png,data/tests/detection/_shared_inputs/video_29/frame_50.png,deduplicate_identical_input,200543,1,2f5bed046a45e7d735c0a0bb57433e7461e4c159bf8897d715330037c43ff3a2,True
results/tests/29/threshold__f50__threshold_value=180/detections.csv,data/tests/detection/threshold/legacy_t180__cfg1fd3f76e/frame_screening/video_29/frame_50/threshold__f50__threshold_value_180/detections.csv,move_file,956,1,a9fd5b6a468e3c42b06d4f45a6db33486445fff67d99f5c65d655981d744bb77,True
results/tests/29/threshold__f50__threshold_value=180/detections.png,data/tests/detection/threshold/legacy_t180__cfg1fd3f76e/frame_screening/video_29/frame_50/threshold__f50__threshold_value_180/detections.png,move_file,211459,1,bf632c846f1ad182189e5d8281b0e0cb994d7ca2b0a452b80303d9ed1786b576,True
results/tests/29/threshold__f50__threshold_value=180/summary.json,data/tests/detection/threshold/legacy_t180__cfg1fd3f76e/frame_screening/video_29/frame_50/threshold__f50__threshold_value_180/summary.json,move_file,1359,1,32c347f491305c82697159d36503fc5681009f50060a6397422680f9a0363e74,True
results/tests/29/threshold__f50__threshold_value=190/00_input.png,data/tests/detection/_shared_inputs/video_29/frame_50.png,deduplicate_identical_input,200543,1,2f5bed046a45e7d735c0a0bb57433e7461e4c159bf8897d715330037c43ff3a2,True
results/tests/29/threshold__f50__threshold_value=190/detections.csv,data/tests/detection/threshold/legacy_t190__cfgfeeed012/frame_screening/video_29/frame_50/threshold__f50__threshold_value_190/detections.csv,move_file,1156,1,e8b9604ac8f22f78d0d62d4534fdd2ce478d8beb00624756ee06d773062dbb2f,True
results/tests/29/threshold__f50__threshold_value=190/detections.png,data/tests/detection/threshold/legacy_t190__cfgfeeed012/frame_screening/video_29/frame_50/threshold__f50__threshold_value_190/detections.png,move_file,211794,1,725ed216aea666d0b27a6187302b1fd8fcdb5a4c0379d27f8897b2a6e94ddcd0,True
results/tests/29/threshold__f50__threshold_value=190/summary.json,data/tests/detection/threshold/legacy_t190__cfgfeeed012/frame_screening/video_29/frame_50/threshold__f50__threshold_value_190/summary.json,move_file,1694,1,1ac781dc354f0e4f7cbe159d8b1aab79943447294050b2f6ca3b53b8bf782908,True
results/tests/29/threshold__f50__threshold_value=200/00_input.png,data/tests/detection/_shared_inputs/video_29/frame_50.png,deduplicate_identical_input,200543,1,2f5bed046a45e7d735c0a0bb57433e7461e4c159bf8897d715330037c43ff3a2,True
results/tests/29/threshold__f50__threshold_value=200/detections.csv,data/tests/detection/threshold/legacy_t200__cfg1f8f28ac/frame_screening/video_29/frame_50/threshold__f50__threshold_value_200/detections.csv,move_file,1221,1,1df61aef3112cbc105fe5c0faddcb951968c9934e25c7c4ca793e0140f833f30,True
results/tests/29/threshold__f50__threshold_value=200/detections.png,data/tests/detection/threshold/legacy_t200__cfg1f8f28ac/frame_screening/video_29/frame_50/threshold__f50__threshold_value_200/detections.png,move_file,211534,1,47f2ad6a3126308546ed7b1c1dba08404b3ed41b954d4d999e6175b3d214601e,True
results/tests/29/threshold__f50__threshold_value=200/summary.json,data/tests/detection/threshold/legacy_t200__cfg1f8f28ac/frame_screening/video_29/frame_50/threshold__f50__threshold_value_200/summary.json,move_file,1803,1,f036f128e95592936f74b8eb355f4662f193a4d6bbe1e66d32c8721c8df8796c,True
results/tests/29/threshold__f50__threshold_value=210/00_input.png,data/tests/detection/_shared_inputs/video_29/frame_50.png,deduplicate_identical_input,200543,1,2f5bed046a45e7d735c0a0bb57433e7461e4c159bf8897d715330037c43ff3a2,True
results/tests/29/threshold__f50__threshold_value=210/detections.csv,data/tests/detection/threshold/legacy_t210__cfg4310fa76/frame_screening/video_29/frame_50/threshold__f50__threshold_value_210/detections.csv,move_file,1415,1,35f909e1c3f2e9f3e10df30d8a3722218fbe21beb41c5bc10742d5f03bc71cb1,True
results/tests/29/threshold__f50__threshold_value=210/detections.png,data/tests/detection/threshold/legacy_t210__cfg4310fa76/frame_screening/video_29/frame_50/threshold__f50__threshold_value_210/detections.png,move_file,211426,1,633190e8e657f75f13cb7021b3093b3db565facd922358e3fd9f32ec782c5371,True
results/tests/29/threshold__f50__threshold_value=210/summary.json,data/tests/detection/threshold/legacy_t210__cfg4310fa76/frame_screening/video_29/frame_50/threshold__f50__threshold_value_210/summary.json,move_file,2129,1,aa5d4d1fe03321805d1ab8ae98c6080000f2fe0d77c439e18d7364f079cbd34d,True
results/tests/30/threshold__f0/00_input.png,data/tests/detection/_shared_inputs/video_30/frame_0.png,move_file,325624,1,36777827d6ef43fa0b9c2350bdcb0303d425ebec80c2d259f234192c0e210df4,True
results/tests/30/threshold__f0/detections.csv,data/tests/detection/otsu/legacy_otsu_defaults__cfgbbaffb3e/frame_screening/video_30/frame_0/threshold__f0/detections.csv,move_file,2245,1,6dac68e46bd97057eff3c40a13fc048f610dc8bde80b534504f99034715e14af,True
results/tests/30/threshold__f0/detections.png,data/tests/detection/otsu/legacy_otsu_defaults__cfgbbaffb3e/frame_screening/video_30/frame_0/threshold__f0/detections.png,move_file,344033,1,e4d8016e39a536a580d0e0ffe341adb100538d6912db9ab6ee77d2dd1531928f,True
results/tests/30/threshold__f0/summary.json,data/tests/detection/otsu/legacy_otsu_defaults__cfgbbaffb3e/frame_screening/video_30/frame_0/threshold__f0/summary.json,move_file,2516,1,b9c7a550933c78b826b7242aa72eab703be47611a2653ccbb3b9dafb3c9be701,True
results/tests/30/threshold__f0__close_iterations=0/00_input.png,data/tests/detection/_shared_inputs/video_30/frame_0.png,deduplicate_identical_input,325624,1,36777827d6ef43fa0b9c2350bdcb0303d425ebec80c2d259f234192c0e210df4,True
results/tests/30/threshold__f0__close_iterations=0/detections.csv,data/tests/detection/otsu/legacy_otsu_defaults__cfg4633c2bb/frame_screening/video_30/frame_0/threshold__f0__close_iterations_0/detections.csv,move_file,2433,1,324c481b500fc54bf750c1ce2b1e271a1afb7affe6ad35f49231f46940e839ce,True
results/tests/30/threshold__f0__close_iterations=0/detections.png,data/tests/detection/otsu/legacy_otsu_defaults__cfg4633c2bb/frame_screening/video_30/frame_0/threshold__f0__close_iterations_0/detections.png,move_file,343867,1,45daf3dd50ebd570f96faf0d80ec8a2a34366c0c5658bb198349a258cef4df78,True
results/tests/30/threshold__f0__close_iterations=0/summary.json,data/tests/detection/otsu/legacy_otsu_defaults__cfg4633c2bb/frame_screening/video_30/frame_0/threshold__f0__close_iterations_0/summary.json,move_file,2862,1,c8d7aa2e012c9116c085f299b80249c79c0bdbb8039c71a7d84c051ea6fbf2a7,True
results/tests/30/threshold__f0__close_iterations=0_threshold_value=200/00_input.png,data/tests/detection/_shared_inputs/video_30/frame_0.png,deduplicate_identical_input,325624,1,36777827d6ef43fa0b9c2350bdcb0303d425ebec80c2d259f234192c0e210df4,True
results/tests/30/threshold__f0__close_iterations=0_threshold_value=200/detections.csv,data/tests/detection/threshold/legacy_t200_c0__cfg1359249f/frame_screening/video_30/frame_0/threshold__f0__close_iterations_0_threshold_value_200/detections.csv,move_file,2667,1,3ddea9a74dfee7dc94f424465a660422e38935511eab0f27dcf07debd895bff5,True
results/tests/30/threshold__f0__close_iterations=0_threshold_value=200/detections.png,data/tests/detection/threshold/legacy_t200_c0__cfg1359249f/frame_screening/video_30/frame_0/threshold__f0__close_iterations_0_threshold_value_200/detections.png,move_file,342849,1,197d64e9875ddca7bb888c2a20e712238c4679a98795c54877f60b39867aa0f9,True
results/tests/30/threshold__f0__close_iterations=0_threshold_value=200/summary.json,data/tests/detection/threshold/legacy_t200_c0__cfg1359249f/frame_screening/video_30/frame_0/threshold__f0__close_iterations_0_threshold_value_200/summary.json,move_file,3330,1,4a71eba4f5193d9a3b72f9f402f991aaa5eba54c94d315bf1705faae2af17a4f,True
results/tests/30/threshold__f0__close_iterations=2_threshold_value=200/00_input.png,data/tests/detection/_shared_inputs/video_30/frame_0.png,deduplicate_identical_input,325624,1,36777827d6ef43fa0b9c2350bdcb0303d425ebec80c2d259f234192c0e210df4,True
results/tests/30/threshold__f0__close_iterations=2_threshold_value=200/detections.csv,data/tests/detection/threshold/legacy_t200_c2__cfg5d0522c8/frame_screening/video_30/frame_0/threshold__f0__close_iterations_2_threshold_value_200/detections.csv,move_file,2167,1,80a641ffe7c0e099ad93a2609d83c74548912dfb0bc6d304453dac529620dd3b,True
results/tests/30/threshold__f0__close_iterations=2_threshold_value=200/detections.png,data/tests/detection/threshold/legacy_t200_c2__cfg5d0522c8/frame_screening/video_30/frame_0/threshold__f0__close_iterations_2_threshold_value_200/detections.png,move_file,343396,1,c0ab9deec3d36fe3384c44b25845cdd0f9d5b095c57d3bd648fdb18695fea436,True
results/tests/30/threshold__f0__close_iterations=2_threshold_value=200/summary.json,data/tests/detection/threshold/legacy_t200_c2__cfg5d0522c8/frame_screening/video_30/frame_0/threshold__f0__close_iterations_2_threshold_value_200/summary.json,move_file,2497,1,d7454f63ef81522e4617cfebab5f710dace4ee46ecfd593215836d54dcab35eb,True
results/tests/30/threshold__f0__morph_iterations=2/00_input.png,data/tests/detection/_shared_inputs/video_30/frame_0.png,deduplicate_identical_input,325624,1,36777827d6ef43fa0b9c2350bdcb0303d425ebec80c2d259f234192c0e210df4,True
results/tests/30/threshold__f0__morph_iterations=2/detections.csv,data/tests/detection/otsu/legacy_otsu_defaults__cfg76e32ed9/frame_screening/video_30/frame_0/threshold__f0__morph_iterations_2/detections.csv,move_file,2050,1,b497cff5fcb0844a2da165095e594631ac1f0f8af325dd39beab7903e0de944d,True
results/tests/30/threshold__f0__morph_iterations=2/detections.png,data/tests/detection/otsu/legacy_otsu_defaults__cfg76e32ed9/frame_screening/video_30/frame_0/threshold__f0__morph_iterations_2/detections.png,move_file,344128,1,50b103f29dd4be1f93c84de638f9185d46e3978808676dd2612138b34b9a4454,True
results/tests/30/threshold__f0__morph_iterations=2/summary.json,data/tests/detection/otsu/legacy_otsu_defaults__cfg76e32ed9/frame_screening/video_30/frame_0/threshold__f0__morph_iterations_2/summary.json,move_file,2239,1,b8ecf918b5f0ea0d284ea9e449a62cf58e36d3efec833ab779d1855db1a267f0,True
results/tests/30/threshold__f0__morph_iterations=2_threshold_value=200/00_input.png,data/tests/detection/_shared_inputs/video_30/frame_0.png,deduplicate_identical_input,325624,1,36777827d6ef43fa0b9c2350bdcb0303d425ebec80c2d259f234192c0e210df4,True
results/tests/30/threshold__f0__morph_iterations=2_threshold_value=200/detections.csv,data/tests/detection/threshold/legacy_t200_o2__cfga13617b6/frame_screening/video_30/frame_0/threshold__f0__morph_iterations_2_threshold_value_200/detections.csv,move_file,1533,1,a8c07cb61544dfc926c84cb2fe1179c8dda22e9bf55ddcf2da99efc11f259002,True
results/tests/30/threshold__f0__morph_iterations=2_threshold_value=200/detections.png,data/tests/detection/threshold/legacy_t200_o2__cfga13617b6/frame_screening/video_30/frame_0/threshold__f0__morph_iterations_2_threshold_value_200/detections.png,move_file,343389,1,3ea79de7adf0e5fef143362f1b158e0d3f53361aeae4596600b74204723cb8c7,True
results/tests/30/threshold__f0__morph_iterations=2_threshold_value=200/summary.json,data/tests/detection/threshold/legacy_t200_o2__cfga13617b6/frame_screening/video_30/frame_0/threshold__f0__morph_iterations_2_threshold_value_200/summary.json,move_file,1402,1,f3b907f7f33df40e73b35dfa414ec3a62af56e2e4b5e0646a9e4ae3be3cf4975,True
results/tests/30/threshold__f0__threshold_value=180/00_input.png,data/tests/detection/_shared_inputs/video_30/frame_0.png,deduplicate_identical_input,325624,1,36777827d6ef43fa0b9c2350bdcb0303d425ebec80c2d259f234192c0e210df4,True
results/tests/30/threshold__f0__threshold_value=180/detections.csv,data/tests/detection/threshold/legacy_t180__cfg1fd3f76e/frame_screening/video_30/frame_0/threshold__f0__threshold_value_180/detections.csv,move_file,2303,1,42dfad9f5f87fc0e0dbcdaf44527be74b483b56e4649898765380ae96e5ebdc9,True
results/tests/30/threshold__f0__threshold_value=180/detections.png,data/tests/detection/threshold/legacy_t180__cfg1fd3f76e/frame_screening/video_30/frame_0/threshold__f0__threshold_value_180/detections.png,move_file,343915,1,e4862079737abb4edb5ec6ce28e5dcdcd774a61e57de769b360f18f5f1122365,True
results/tests/30/threshold__f0__threshold_value=180/summary.json,data/tests/detection/threshold/legacy_t180__cfg1fd3f76e/frame_screening/video_30/frame_0/threshold__f0__threshold_value_180/summary.json,move_file,2678,1,41e010b4a89733bff6643f5a77ad859dfc2c6482d375ddb11a41ba6a79a1151c,True
results/tests/30/threshold__f0__threshold_value=190/00_input.png,data/tests/detection/_shared_inputs/video_30/frame_0.png,deduplicate_identical_input,325624,1,36777827d6ef43fa0b9c2350bdcb0303d425ebec80c2d259f234192c0e210df4,True
results/tests/30/threshold__f0__threshold_value=190/detections.csv,data/tests/detection/threshold/legacy_t190__cfgfeeed012/frame_screening/video_30/frame_0/threshold__f0__threshold_value_190/detections.csv,move_file,2109,1,8f60bc0ad18c2203acf03e5e4b68eb73ac79a6537b7fcde7ace7e2b0e06e1fd7,True
results/tests/30/threshold__f0__threshold_value=190/detections.png,data/tests/detection/threshold/legacy_t190__cfgfeeed012/frame_screening/video_30/frame_0/threshold__f0__threshold_value_190/detections.png,move_file,343639,1,a3a72e8d2444315bd8d96d2bea9f414373382c6764aad4c78ead097bd6d95b18,True
results/tests/30/threshold__f0__threshold_value=190/summary.json,data/tests/detection/threshold/legacy_t190__cfgfeeed012/frame_screening/video_30/frame_0/threshold__f0__threshold_value_190/summary.json,move_file,2346,1,157e269c0e8e235833ac891a135dff26aef81117902623aef7623b98c5fa17dc,True
results/tests/30/threshold__f0__threshold_value=200/00_input.png,data/tests/detection/_shared_inputs/video_30/frame_0.png,deduplicate_identical_input,325624,1,36777827d6ef43fa0b9c2350bdcb0303d425ebec80c2d259f234192c0e210df4,True
results/tests/30/threshold__f0__threshold_value=200/detections.csv,data/tests/detection/threshold/legacy_t200__cfg1f8f28ac/frame_screening/video_30/frame_0/threshold__f0__threshold_value_200/detections.csv,move_file,2419,1,a47d70350cec7fd0b2d147aa2a7d98d607f3eb04fdb50207a733597a2ad4bcb1,True
results/tests/30/threshold__f0__threshold_value=200/detections.png,data/tests/detection/threshold/legacy_t200__cfg1f8f28ac/frame_screening/video_30/frame_0/threshold__f0__threshold_value_200/detections.png,move_file,343046,1,4fb6ba3bf84f564cdd69c665010b18a0859596d6f211d3df71a4b430fc8d9c6c,True
results/tests/30/threshold__f0__threshold_value=200/summary.json,data/tests/detection/threshold/legacy_t200__cfg1f8f28ac/frame_screening/video_30/frame_0/threshold__f0__threshold_value_200/summary.json,move_file,2882,1,7fd0e19822ca7e6170e4c87ecb0de832ca38e1e615b3ee72a880a15d05f56aab,True
results/tests/30/threshold__f0__threshold_value=210/00_input.png,data/tests/detection/_shared_inputs/video_30/frame_0.png,deduplicate_identical_input,325624,1,36777827d6ef43fa0b9c2350bdcb0303d425ebec80c2d259f234192c0e210df4,True
results/tests/30/threshold__f0__threshold_value=210/detections.csv,data/tests/detection/threshold/legacy_t210__cfg4310fa76/frame_screening/video_30/frame_0/threshold__f0__threshold_value_210/detections.csv,move_file,2473,1,3791573e70091e683bb45254c75d79c6a6f952e12ec7a22af08ad4c622a3dcb0,True
results/tests/30/threshold__f0__threshold_value=210/detections.png,data/tests/detection/threshold/legacy_t210__cfg4310fa76/frame_screening/video_30/frame_0/threshold__f0__threshold_value_210/detections.png,move_file,342838,1,5e3d090a0e0849a156713685cdf099213c997dddfbd706ccf2539462dd0b0614,True
results/tests/30/threshold__f0__threshold_value=210/summary.json,data/tests/detection/threshold/legacy_t210__cfg4310fa76/frame_screening/video_30/frame_0/threshold__f0__threshold_value_210/summary.json,move_file,2985,1,cd5374da2f7fa6766c9ae1da5cf8b78bd248e0eeb0bda84834c7c8e9eeb13cdf,True
results/tests/30/threshold__f100/00_input.png,data/tests/detection/_shared_inputs/video_30/frame_100.png,move_file,262507,1,45c70f7fd7f21b8433ebc013e94b499a77f308b0acca197f7cba1716a1fbb4a6,True
results/tests/30/threshold__f100/detections.csv,data/tests/detection/otsu/legacy_otsu_defaults__cfgbbaffb3e/frame_screening/video_30/frame_100/threshold__f100/detections.csv,move_file,2555,1,5bee0d4ecd4a3639973f4c08bc27a1ebd55e6bf9039cc5c5b2805b32bfdaae97,True
results/tests/30/threshold__f100/detections.png,data/tests/detection/otsu/legacy_otsu_defaults__cfgbbaffb3e/frame_screening/video_30/frame_100/threshold__f100/detections.png,move_file,276683,1,a57a771bedb1f99beb92a4990bf575494494c362b468659a48afe2c1075bc7c3,True
results/tests/30/threshold__f100/summary.json,data/tests/detection/otsu/legacy_otsu_defaults__cfgbbaffb3e/frame_screening/video_30/frame_100/threshold__f100/summary.json,move_file,2739,1,13dd05bfa7ad24b4b2cb10896f84a57f037eedae500634bce3ab6d55bd6d30e7,True
results/tests/30/threshold__f100__close_iterations=0/00_input.png,data/tests/detection/_shared_inputs/video_30/frame_100.png,deduplicate_identical_input,262507,1,45c70f7fd7f21b8433ebc013e94b499a77f308b0acca197f7cba1716a1fbb4a6,True
results/tests/30/threshold__f100__close_iterations=0/detections.csv,data/tests/detection/otsu/legacy_otsu_defaults__cfg4633c2bb/frame_screening/video_30/frame_100/threshold__f100__close_iterations_0/detections.csv,move_file,2747,1,836a9338bfac222008bdb78ce9e0f8d401317e14ecc8816049b4e3724bd79292,True
results/tests/30/threshold__f100__close_iterations=0/detections.png,data/tests/detection/otsu/legacy_otsu_defaults__cfg4633c2bb/frame_screening/video_30/frame_100/threshold__f100__close_iterations_0/detections.png,move_file,276530,1,d4efa50268aa4d5e10f8ed0e1af208d5f8fbb6a1294649aa052b37dac4e736cf,True
results/tests/30/threshold__f100__close_iterations=0/summary.json,data/tests/detection/otsu/legacy_otsu_defaults__cfg4633c2bb/frame_screening/video_30/frame_100/threshold__f100__close_iterations_0/summary.json,move_file,3083,1,8d85eb45e962ef1477ca7ee0e279ae850a55f9fdf9b600633b74c5afb27a3d0b,True
results/tests/30/threshold__f100__close_iterations=0_threshold_value=200/00_input.png,data/tests/detection/_shared_inputs/video_30/frame_100.png,deduplicate_identical_input,262507,1,45c70f7fd7f21b8433ebc013e94b499a77f308b0acca197f7cba1716a1fbb4a6,True
results/tests/30/threshold__f100__close_iterations=0_threshold_value=200/detections.csv,data/tests/detection/threshold/legacy_t200_c0__cfg1359249f/frame_screening/video_30/frame_100/threshold__f100__close_iterations_0_threshold_value_200/detections.csv,move_file,2919,1,c75bfeff17e3c98fef10c458071e9ce7fca9db73d7218c302eb57b7665c671d0,True
results/tests/30/threshold__f100__close_iterations=0_threshold_value=200/detections.png,data/tests/detection/threshold/legacy_t200_c0__cfg1359249f/frame_screening/video_30/frame_100/threshold__f100__close_iterations_0_threshold_value_200/detections.png,move_file,276205,1,370963106b7f0ca4356249b7f23d2cbd82ec53214fc9e67b3d81ac9fba73633d,True
results/tests/30/threshold__f100__close_iterations=0_threshold_value=200/summary.json,data/tests/detection/threshold/legacy_t200_c0__cfg1359249f/frame_screening/video_30/frame_100/threshold__f100__close_iterations_0_threshold_value_200/summary.json,move_file,3438,1,823b8f2b8357a2d8c2fe918ebf31cbbe4679294c039d392d4d1fe2d82e21a294,True
results/tests/30/threshold__f100__close_iterations=2_threshold_value=200/00_input.png,data/tests/detection/_shared_inputs/video_30/frame_100.png,deduplicate_identical_input,262507,1,45c70f7fd7f21b8433ebc013e94b499a77f308b0acca197f7cba1716a1fbb4a6,True
results/tests/30/threshold__f100__close_iterations=2_threshold_value=200/detections.csv,data/tests/detection/threshold/legacy_t200_c2__cfg5d0522c8/frame_screening/video_30/frame_100/threshold__f100__close_iterations_2_threshold_value_200/detections.csv,move_file,2470,1,25ba0a0abb3c59167a4fc0dec9b5b55b37bce2f9a81ba7560b9391297a293cc3,True
results/tests/30/threshold__f100__close_iterations=2_threshold_value=200/detections.png,data/tests/detection/threshold/legacy_t200_c2__cfg5d0522c8/frame_screening/video_30/frame_100/threshold__f100__close_iterations_2_threshold_value_200/detections.png,move_file,276518,1,d107009870ae4a5bb9d3a37866fe3dd7ca80a878a331dae5c52df8a672bdad98,True
results/tests/30/threshold__f100__close_iterations=2_threshold_value=200/summary.json,data/tests/detection/threshold/legacy_t200_c2__cfg5d0522c8/frame_screening/video_30/frame_100/threshold__f100__close_iterations_2_threshold_value_200/summary.json,move_file,2715,1,1277fb020e13182070a3331b51a9e628972fcf270493088528438d28b402b948,True
results/tests/30/threshold__f100__morph_iterations=2/00_input.png,data/tests/detection/_shared_inputs/video_30/frame_100.png,deduplicate_identical_input,262507,1,45c70f7fd7f21b8433ebc013e94b499a77f308b0acca197f7cba1716a1fbb4a6,True
results/tests/30/threshold__f100__morph_iterations=2/detections.csv,data/tests/detection/otsu/legacy_otsu_defaults__cfg76e32ed9/frame_screening/video_30/frame_100/threshold__f100__morph_iterations_2/detections.csv,move_file,2030,1,ee46258f41f74334d51ae6e86d4dd008c12b5ed8a6c6ba1c4fef10fad5b06f0f,True
results/tests/30/threshold__f100__morph_iterations=2/detections.png,data/tests/detection/otsu/legacy_otsu_defaults__cfg76e32ed9/frame_screening/video_30/frame_100/threshold__f100__morph_iterations_2/detections.png,move_file,276997,1,5ca516954b13d92681a1f001afd12dd6145a448865411cba7acde2fbc9a632e9,True
results/tests/30/threshold__f100__morph_iterations=2/summary.json,data/tests/detection/otsu/legacy_otsu_defaults__cfg76e32ed9/frame_screening/video_30/frame_100/threshold__f100__morph_iterations_2/summary.json,move_file,1920,1,9c4207552348af0bcaebe45d01ca79f58428921c96622c1714977385e41314a5,True
results/tests/30/threshold__f100__morph_iterations=2_threshold_value=200/00_input.png,data/tests/detection/_shared_inputs/video_30/frame_100.png,deduplicate_identical_input,262507,1,45c70f7fd7f21b8433ebc013e94b499a77f308b0acca197f7cba1716a1fbb4a6,True
results/tests/30/threshold__f100__morph_iterations=2_threshold_value=200/detections.csv,data/tests/detection/threshold/legacy_t200_o2__cfga13617b6/frame_screening/video_30/frame_100/threshold__f100__morph_iterations_2_threshold_value_200/detections.csv,move_file,1692,1,d924926a589e97442fb32144e828a626bdff0b92d11ebc038e3d7d3d78b23c8a,True
results/tests/30/threshold__f100__morph_iterations=2_threshold_value=200/detections.png,data/tests/detection/threshold/legacy_t200_o2__cfga13617b6/frame_screening/video_30/frame_100/threshold__f100__morph_iterations_2_threshold_value_200/detections.png,move_file,276584,1,569ca73bdfe1a31d04025d3bf2b842b9c00fce69db10edfa0f79f7dbfd5b59ca,True
results/tests/30/threshold__f100__morph_iterations=2_threshold_value=200/summary.json,data/tests/detection/threshold/legacy_t200_o2__cfga13617b6/frame_screening/video_30/frame_100/threshold__f100__morph_iterations_2_threshold_value_200/summary.json,move_file,1406,1,d53cbd23156c7497f2f7990b50e5e55ad1ee34e3bcb9327f2a90af63d13296c0,True
results/tests/30/threshold__f100__threshold_value=180/00_input.png,data/tests/detection/_shared_inputs/video_30/frame_100.png,deduplicate_identical_input,262507,1,45c70f7fd7f21b8433ebc013e94b499a77f308b0acca197f7cba1716a1fbb4a6,True
results/tests/30/threshold__f100__threshold_value=180/detections.csv,data/tests/detection/threshold/legacy_t180__cfg1fd3f76e/frame_screening/video_30/frame_100/threshold__f100__threshold_value_180/detections.csv,move_file,2482,1,f426677e80f419c313d8695e381295dbb6a78b359aebd6f2685d06beaff43784,True
results/tests/30/threshold__f100__threshold_value=180/detections.png,data/tests/detection/threshold/legacy_t180__cfg1fd3f76e/frame_screening/video_30/frame_100/threshold__f100__threshold_value_180/detections.png,move_file,276933,1,f09e8db9ba166fc07e1439e14ee451eac9aa98a7893f80ef93b96d5616f7d481,True
results/tests/30/threshold__f100__threshold_value=180/summary.json,data/tests/detection/threshold/legacy_t180__cfg1fd3f76e/frame_screening/video_30/frame_100/threshold__f100__threshold_value_180/summary.json,move_file,2679,1,277730b8ffa888c0bf509ae571c451d3ed887781a6515d4018616768668c5f79,True
results/tests/30/threshold__f100__threshold_value=190/00_input.png,data/tests/detection/_shared_inputs/video_30/frame_100.png,deduplicate_identical_input,262507,1,45c70f7fd7f21b8433ebc013e94b499a77f308b0acca197f7cba1716a1fbb4a6,True
results/tests/30/threshold__f100__threshold_value=190/detections.csv,data/tests/detection/threshold/legacy_t190__cfgfeeed012/frame_screening/video_30/frame_100/threshold__f100__threshold_value_190/detections.csv,move_file,2344,1,28e7c6f498fe9931ae00b4ccd40f511d7ca78a23fb18aa4b06c7f2e5d5da1e65,True
results/tests/30/threshold__f100__threshold_value=190/detections.png,data/tests/detection/threshold/legacy_t190__cfgfeeed012/frame_screening/video_30/frame_100/threshold__f100__threshold_value_190/detections.png,move_file,276715,1,4564f1081c2c04ae945acdeda93f291f7ed4a5fb9b43cf7ef4319aaa14cf8459,True
results/tests/30/threshold__f100__threshold_value=190/summary.json,data/tests/detection/threshold/legacy_t190__cfgfeeed012/frame_screening/video_30/frame_100/threshold__f100__threshold_value_190/summary.json,move_file,2454,1,281b1213428b47e73ba4f0d364cd336f0543ac96bfbe2fcbdacca90f10f2074d,True
results/tests/30/threshold__f100__threshold_value=200/00_input.png,data/tests/detection/_shared_inputs/video_30/frame_100.png,deduplicate_identical_input,262507,1,45c70f7fd7f21b8433ebc013e94b499a77f308b0acca197f7cba1716a1fbb4a6,True
results/tests/30/threshold__f100__threshold_value=200/detections.csv,data/tests/detection/threshold/legacy_t200__cfg1f8f28ac/frame_screening/video_30/frame_100/threshold__f100__threshold_value_200/detections.csv,move_file,2536,1,ae9f943cfc270f87d53a5fbc741575d8464b5e58dc5206f56fe34ae4efa522ea,True
results/tests/30/threshold__f100__threshold_value=200/detections.png,data/tests/detection/threshold/legacy_t200__cfg1f8f28ac/frame_screening/video_30/frame_100/threshold__f100__threshold_value_200/detections.png,move_file,276501,1,bf05d0f3552f7b5e2d35a0c03a36d5281459a756827d3d03250d73547394bf08,True
results/tests/30/threshold__f100__threshold_value=200/summary.json,data/tests/detection/threshold/legacy_t200__cfg1f8f28ac/frame_screening/video_30/frame_100/threshold__f100__threshold_value_200/summary.json,move_file,2777,1,334d0a4c6a7b3a4baef2c88a2d7a17f6fdab43b09eca397ad4237f9bd541adab,True
results/tests/30/threshold__f100__threshold_value=210/00_input.png,data/tests/detection/_shared_inputs/video_30/frame_100.png,deduplicate_identical_input,262507,1,45c70f7fd7f21b8433ebc013e94b499a77f308b0acca197f7cba1716a1fbb4a6,True
results/tests/30/threshold__f100__threshold_value=210/detections.csv,data/tests/detection/threshold/legacy_t210__cfg4310fa76/frame_screening/video_30/frame_100/threshold__f100__threshold_value_210/detections.csv,move_file,2723,1,1253c9d74f9e7231ee4283025a17eee02e332f5ae82c559460d5c696d061edf1,True
results/tests/30/threshold__f100__threshold_value=210/detections.png,data/tests/detection/threshold/legacy_t210__cfg4310fa76/frame_screening/video_30/frame_100/threshold__f100__threshold_value_210/detections.png,move_file,276274,1,981280325c5c4dcf3d53abf53e505651aacc3a7e3d2bef719efbf4d5f36343e1,True
results/tests/30/threshold__f100__threshold_value=210/summary.json,data/tests/detection/threshold/legacy_t210__cfg4310fa76/frame_screening/video_30/frame_100/threshold__f100__threshold_value_210/summary.json,move_file,3096,1,37987913be7716e79abb216bd4391479f3072cc345dfaf70646d04910b9a71fc,True
results/tests/30/threshold__f50/00_input.png,data/tests/detection/_shared_inputs/video_30/frame_50.png,move_file,267566,1,fe684c1d23db49bef0d5486ad5ab7536192e1342bd05234cd90050081e75b8e7,True
results/tests/30/threshold__f50/detections.csv,data/tests/detection/otsu/legacy_otsu_defaults__cfgbbaffb3e/frame_screening/video_30/frame_50/threshold__f50/detections.csv,move_file,2430,1,9d643aa962ec7869df73b9d9fc6fe58d24ac3f4fe5ddbcfda4d57be2c721ab3d,True
results/tests/30/threshold__f50/detections.png,data/tests/detection/otsu/legacy_otsu_defaults__cfgbbaffb3e/frame_screening/video_30/frame_50/threshold__f50/detections.png,move_file,283538,1,73894304fb58bbe41db9dec15626f483130e8e59107b8cb152f6d01969a19a97,True
results/tests/30/threshold__f50/summary.json,data/tests/detection/otsu/legacy_otsu_defaults__cfgbbaffb3e/frame_screening/video_30/frame_50/threshold__f50/summary.json,move_file,2737,1,a9ad66be2c172a43758942c0d71cb53e0ab2c7e4b9889e5f7b4fb378a60eb5fa,True
results/tests/30/threshold__f50__close_iterations=0/00_input.png,data/tests/detection/_shared_inputs/video_30/frame_50.png,deduplicate_identical_input,267566,1,fe684c1d23db49bef0d5486ad5ab7536192e1342bd05234cd90050081e75b8e7,True
results/tests/30/threshold__f50__close_iterations=0/detections.csv,data/tests/detection/otsu/legacy_otsu_defaults__cfg4633c2bb/frame_screening/video_30/frame_50/threshold__f50__close_iterations_0/detections.csv,move_file,2430,1,9d643aa962ec7869df73b9d9fc6fe58d24ac3f4fe5ddbcfda4d57be2c721ab3d,True
results/tests/30/threshold__f50__close_iterations=0/detections.png,data/tests/detection/otsu/legacy_otsu_defaults__cfg4633c2bb/frame_screening/video_30/frame_50/threshold__f50__close_iterations_0/detections.png,move_file,283538,1,73894304fb58bbe41db9dec15626f483130e8e59107b8cb152f6d01969a19a97,True
results/tests/30/threshold__f50__close_iterations=0/summary.json,data/tests/detection/otsu/legacy_otsu_defaults__cfg4633c2bb/frame_screening/video_30/frame_50/threshold__f50__close_iterations_0/summary.json,move_file,2756,1,3b7ba65977eb3fe2688921834c998d69ae7b8577f6c31a998029faebb9b7a8e2,True
results/tests/30/threshold__f50__close_iterations=0_threshold_value=200/00_input.png,data/tests/detection/_shared_inputs/video_30/frame_50.png,deduplicate_identical_input,267566,1,fe684c1d23db49bef0d5486ad5ab7536192e1342bd05234cd90050081e75b8e7,True
results/tests/30/threshold__f50__close_iterations=0_threshold_value=200/detections.csv,data/tests/detection/threshold/legacy_t200_c0__cfg1359249f/frame_screening/video_30/frame_50/threshold__f50__close_iterations_0_threshold_value_200/detections.csv,move_file,2862,1,475c00476728f86e4889042a2dad0bd789d44ba77c586156ad4ed5c53868949d,True
results/tests/30/threshold__f50__close_iterations=0_threshold_value=200/detections.png,data/tests/detection/threshold/legacy_t200_c0__cfg1359249f/frame_screening/video_30/frame_50/threshold__f50__close_iterations_0_threshold_value_200/detections.png,move_file,282462,1,c269805c00822da61528fa133b92a6b9dbebb490733fb40965fd390a2d635efc,True
results/tests/30/threshold__f50__close_iterations=0_threshold_value=200/summary.json,data/tests/detection/threshold/legacy_t200_c0__cfg1359249f/frame_screening/video_30/frame_50/threshold__f50__close_iterations_0_threshold_value_200/summary.json,move_file,3549,1,24c409170f91874ecfb4193826226a5d33a0a90d63cfef0e2ebeb240e857c034,True
results/tests/30/threshold__f50__close_iterations=2_threshold_value=200/00_input.png,data/tests/detection/_shared_inputs/video_30/frame_50.png,deduplicate_identical_input,267566,1,fe684c1d23db49bef0d5486ad5ab7536192e1342bd05234cd90050081e75b8e7,True
results/tests/30/threshold__f50__close_iterations=2_threshold_value=200/detections.csv,data/tests/detection/threshold/legacy_t200_c2__cfg5d0522c8/frame_screening/video_30/frame_50/threshold__f50__close_iterations_2_threshold_value_200/detections.csv,move_file,2289,1,2e2a6f5e70a3791c9b50c3111a41babf779f56158e99758ae8cc5acf8972f8a3,True
results/tests/30/threshold__f50__close_iterations=2_threshold_value=200/detections.png,data/tests/detection/threshold/legacy_t200_c2__cfg5d0522c8/frame_screening/video_30/frame_50/threshold__f50__close_iterations_2_threshold_value_200/detections.png,move_file,283076,1,28881a15af6eb517e2aec526326f74a59613715b326432d666427b9998943ece,True
results/tests/30/threshold__f50__close_iterations=2_threshold_value=200/summary.json,data/tests/detection/threshold/legacy_t200_c2__cfg5d0522c8/frame_screening/video_30/frame_50/threshold__f50__close_iterations_2_threshold_value_200/summary.json,move_file,2605,1,c8905447dfcac1e0fcaa857d70c35df5875c59f4fed84016e9ff84915b449b2e,True
results/tests/30/threshold__f50__morph_iterations=2/00_input.png,data/tests/detection/_shared_inputs/video_30/frame_50.png,deduplicate_identical_input,267566,1,fe684c1d23db49bef0d5486ad5ab7536192e1342bd05234cd90050081e75b8e7,True
results/tests/30/threshold__f50__morph_iterations=2/detections.csv,data/tests/detection/otsu/legacy_otsu_defaults__cfg76e32ed9/frame_screening/video_30/frame_50/threshold__f50__morph_iterations_2/detections.csv,move_file,2292,1,68427c93435ed5447caa344b821995be3a621055b4812c0944f2f3095cf739fc,True
results/tests/30/threshold__f50__morph_iterations=2/detections.png,data/tests/detection/otsu/legacy_otsu_defaults__cfg76e32ed9/frame_screening/video_30/frame_50/threshold__f50__morph_iterations_2/detections.png,move_file,283233,1,cafa33587e3bd157791cb97357fe737de914bb2308e95b5222aa7bd5174340dc,True
results/tests/30/threshold__f50__morph_iterations=2/summary.json,data/tests/detection/otsu/legacy_otsu_defaults__cfg76e32ed9/frame_screening/video_30/frame_50/threshold__f50__morph_iterations_2/summary.json,move_file,2563,1,a6b21dcd95d188b66dbddf17d3a6fcb38a7dad2a71105f66447f36e636fdc351,True
results/tests/30/threshold__f50__morph_iterations=2_threshold_value=200/00_input.png,data/tests/detection/_shared_inputs/video_30/frame_50.png,deduplicate_identical_input,267566,1,fe684c1d23db49bef0d5486ad5ab7536192e1342bd05234cd90050081e75b8e7,True
results/tests/30/threshold__f50__morph_iterations=2_threshold_value=200/detections.csv,data/tests/detection/threshold/legacy_t200_o2__cfga13617b6/frame_screening/video_30/frame_50/threshold__f50__morph_iterations_2_threshold_value_200/detections.csv,move_file,1580,1,e37d8a6d863c239f30f89c5983f68edee88ab6ddd2ed305066562eb07c4cae02,True
results/tests/30/threshold__f50__morph_iterations=2_threshold_value=200/detections.png,data/tests/detection/threshold/legacy_t200_o2__cfga13617b6/frame_screening/video_30/frame_50/threshold__f50__morph_iterations_2_threshold_value_200/detections.png,move_file,283223,1,aff705de453345e79dbbae587cadfb54bb5772a347b51e842fae1fa1131207c7,True
results/tests/30/threshold__f50__morph_iterations=2_threshold_value=200/summary.json,data/tests/detection/threshold/legacy_t200_o2__cfga13617b6/frame_screening/video_30/frame_50/threshold__f50__morph_iterations_2_threshold_value_200/summary.json,move_file,1403,1,11a90f1662add61bfeb1a37d2cb3462d596165b75ee3afbda8d3e937e53b2fe3,True
results/tests/30/threshold__f50__threshold_value=180/00_input.png,data/tests/detection/_shared_inputs/video_30/frame_50.png,deduplicate_identical_input,267566,1,fe684c1d23db49bef0d5486ad5ab7536192e1342bd05234cd90050081e75b8e7,True
results/tests/30/threshold__f50__threshold_value=180/detections.csv,data/tests/detection/threshold/legacy_t180__cfg1fd3f76e/frame_screening/video_30/frame_50/threshold__f50__threshold_value_180/detections.csv,move_file,2176,1,69aead869154de76bf6a2cb169a25b1fb471680a75ae16454337812168698047,True
results/tests/30/threshold__f50__threshold_value=180/detections.png,data/tests/detection/threshold/legacy_t180__cfg1fd3f76e/frame_screening/video_30/frame_50/threshold__f50__threshold_value_180/detections.png,move_file,283552,1,e9b13e1173b5a48e5ed706c257c6dbebaa13986201e26379642423667563d660,True
results/tests/30/threshold__f50__threshold_value=180/summary.json,data/tests/detection/threshold/legacy_t180__cfg1fd3f76e/frame_screening/video_30/frame_50/threshold__f50__threshold_value_180/summary.json,move_file,2357,1,164f2f52fbe046c16db8a793d5068a4331324d42f816331acceca2f9ced44a45,True
results/tests/30/threshold__f50__threshold_value=190/00_input.png,data/tests/detection/_shared_inputs/video_30/frame_50.png,deduplicate_identical_input,267566,1,fe684c1d23db49bef0d5486ad5ab7536192e1342bd05234cd90050081e75b8e7,True
results/tests/30/threshold__f50__threshold_value=190/detections.csv,data/tests/detection/threshold/legacy_t190__cfgfeeed012/frame_screening/video_30/frame_50/threshold__f50__threshold_value_190/detections.csv,move_file,2359,1,b89c4db8d5d2182e6f767484c4f8a271289945ad8bb67b690c52bffdacbb258b,True
results/tests/30/threshold__f50__threshold_value=190/detections.png,data/tests/detection/threshold/legacy_t190__cfgfeeed012/frame_screening/video_30/frame_50/threshold__f50__threshold_value_190/detections.png,move_file,283244,1,82dc1c6a689788dd8163255ccb4d96e774b9efab0ab2bbd3685d686e7d46ce96,True
results/tests/30/threshold__f50__threshold_value=190/summary.json,data/tests/detection/threshold/legacy_t190__cfgfeeed012/frame_screening/video_30/frame_50/threshold__f50__threshold_value_190/summary.json,move_file,2673,1,7ee76a0a79ccc6af39a788163aca2b7cf7f1cbdad3e81d7f0045ffe0ed263fc6,True
results/tests/30/threshold__f50__threshold_value=200/00_input.png,data/tests/detection/_shared_inputs/video_30/frame_50.png,deduplicate_identical_input,267566,1,fe684c1d23db49bef0d5486ad5ab7536192e1342bd05234cd90050081e75b8e7,True
results/tests/30/threshold__f50__threshold_value=200/detections.csv,data/tests/detection/threshold/legacy_t200__cfg1f8f28ac/frame_screening/video_30/frame_50/threshold__f50__threshold_value_200/detections.csv,move_file,2482,1,14b2b04cca5693ea5dfeb9cb38cfcea3c97eb8d40fcccc4ed9a411b6c21e1519,True
results/tests/30/threshold__f50__threshold_value=200/detections.png,data/tests/detection/threshold/legacy_t200__cfg1f8f28ac/frame_screening/video_30/frame_50/threshold__f50__threshold_value_200/detections.png,move_file,282868,1,bc51db656def4554b49a71bc1526db8afbd11972fc29e12eb2ce85ced5ddf98c,True
results/tests/30/threshold__f50__threshold_value=200/summary.json,data/tests/detection/threshold/legacy_t200__cfg1f8f28ac/frame_screening/video_30/frame_50/threshold__f50__threshold_value_200/summary.json,move_file,2885,1,48ecd72e06d4cee1415e880c9ec365693a599d444c7406039d9bc740cb506db2,True
results/tests/30/threshold__f50__threshold_value=210/00_input.png,data/tests/detection/_shared_inputs/video_30/frame_50.png,deduplicate_identical_input,267566,1,fe684c1d23db49bef0d5486ad5ab7536192e1342bd05234cd90050081e75b8e7,True
results/tests/30/threshold__f50__threshold_value=210/detections.csv,data/tests/detection/threshold/legacy_t210__cfg4310fa76/frame_screening/video_30/frame_50/threshold__f50__threshold_value_210/detections.csv,move_file,2476,1,2d8c05b93dff63a5ce878e40179e936cab6dbba807bb28d5aeee895d421277af,True
results/tests/30/threshold__f50__threshold_value=210/detections.png,data/tests/detection/threshold/legacy_t210__cfg4310fa76/frame_screening/video_30/frame_50/threshold__f50__threshold_value_210/detections.png,move_file,282717,1,0c156090235082842451561cf03a77d37ba6f602870e4bf7653361672854d51e,True
results/tests/30/threshold__f50__threshold_value=210/summary.json,data/tests/detection/threshold/legacy_t210__cfg4310fa76/frame_screening/video_30/frame_50/threshold__f50__threshold_value_210/summary.json,move_file,2878,1,ae2f431e0891a352059a09f87b66b3bd228d7d0efcc081ea38ad5673945a0be0,True
results/tests/35/threshold__f0/00_input.png,data/tests/detection/_shared_inputs/video_35/frame_0.png,move_file,458268,1,afe2d3c8f318ded25743134db603f7c832556e62772dfa6bfe57dfc24180725b,True
results/tests/35/threshold__f0/detections.csv,data/tests/detection/otsu/legacy_otsu_defaults__cfgbbaffb3e/frame_screening/video_35/frame_0/threshold__f0/detections.csv,move_file,5227,1,25ea7699276855f94806a2c2b55ab12b84418661bfa510d9c3bccbab7d3020ac,True
results/tests/35/threshold__f0/detections.png,data/tests/detection/otsu/legacy_otsu_defaults__cfgbbaffb3e/frame_screening/video_35/frame_0/threshold__f0/detections.png,move_file,493853,1,d4759643f10cee9805cdc0ec669fea80c04fc042a86a558554b4ab315a2f77a2,True
results/tests/35/threshold__f0/summary.json,data/tests/detection/otsu/legacy_otsu_defaults__cfgbbaffb3e/frame_screening/video_35/frame_0/threshold__f0/summary.json,move_file,4577,1,8ad95924c38e1191dea1b70d95b4cb5d3bef20a5f78b7469e328c93af08e3c39,True
results/tests/35/threshold__f0__close_iterations=0/00_input.png,data/tests/detection/_shared_inputs/video_35/frame_0.png,deduplicate_identical_input,458268,1,afe2d3c8f318ded25743134db603f7c832556e62772dfa6bfe57dfc24180725b,True
results/tests/35/threshold__f0__close_iterations=0/detections.csv,data/tests/detection/otsu/legacy_otsu_defaults__cfg4633c2bb/frame_screening/video_35/frame_0/threshold__f0__close_iterations_0/detections.csv,move_file,5482,1,b595e9d7add29e0fce4fc7550188c36a67d96b26f8ed453cd6708ee32e249e85,True
results/tests/35/threshold__f0__close_iterations=0/detections.png,data/tests/detection/otsu/legacy_otsu_defaults__cfg4633c2bb/frame_screening/video_35/frame_0/threshold__f0__close_iterations_0/detections.png,move_file,493723,1,fc71db2cb0a4effedf9d4027b561d02f01bec934a2b1dd111250a77eaa8f5262,True
results/tests/35/threshold__f0__close_iterations=0/summary.json,data/tests/detection/otsu/legacy_otsu_defaults__cfg4633c2bb/frame_screening/video_35/frame_0/threshold__f0__close_iterations_0/summary.json,move_file,5032,1,dff52a067df6785dcebb32c9de360e809740f79a6136a8d08028b5db33eacfd4,True
results/tests/35/threshold__f0__close_iterations=0_threshold_value=200/00_input.png,data/tests/detection/_shared_inputs/video_35/frame_0.png,deduplicate_identical_input,458268,1,afe2d3c8f318ded25743134db603f7c832556e62772dfa6bfe57dfc24180725b,True
results/tests/35/threshold__f0__close_iterations=0_threshold_value=200/detections.csv,data/tests/detection/threshold/legacy_t200_c0__cfg1359249f/frame_screening/video_35/frame_0/threshold__f0__close_iterations_0_threshold_value_200/detections.csv,move_file,5875,1,6c328d9691f85518c2447962ef1f6160ee446b208536005f2f61a95905f73783,True
results/tests/35/threshold__f0__close_iterations=0_threshold_value=200/detections.png,data/tests/detection/threshold/legacy_t200_c0__cfg1359249f/frame_screening/video_35/frame_0/threshold__f0__close_iterations_0_threshold_value_200/detections.png,move_file,494087,1,2335d61309d234e84564389f4139ce252f92470469c8464f3419c7751cdf88c7,True
results/tests/35/threshold__f0__close_iterations=0_threshold_value=200/summary.json,data/tests/detection/threshold/legacy_t200_c0__cfg1359249f/frame_screening/video_35/frame_0/threshold__f0__close_iterations_0_threshold_value_200/summary.json,move_file,5747,1,3a3d744e0b72baadce7e5c09a044d042a7575f14763a007114803b19e83f32d1,True
results/tests/35/threshold__f0__close_iterations=2_threshold_value=200/00_input.png,data/tests/detection/_shared_inputs/video_35/frame_0.png,deduplicate_identical_input,458268,1,afe2d3c8f318ded25743134db603f7c832556e62772dfa6bfe57dfc24180725b,True
results/tests/35/threshold__f0__close_iterations=2_threshold_value=200/detections.csv,data/tests/detection/threshold/legacy_t200_c2__cfg5d0522c8/frame_screening/video_35/frame_0/threshold__f0__close_iterations_2_threshold_value_200/detections.csv,move_file,4979,1,396c45fc9e85627d87daccf0dd5bc6339e68fea132a26fa2e519137afc3a5077,True
results/tests/35/threshold__f0__close_iterations=2_threshold_value=200/detections.png,data/tests/detection/threshold/legacy_t200_c2__cfg5d0522c8/frame_screening/video_35/frame_0/threshold__f0__close_iterations_2_threshold_value_200/detections.png,move_file,494037,1,e9b27577001234ca8ff4d4bd9c50db1d6b91a79e06bb600dd187211411d98b6c,True
results/tests/35/threshold__f0__close_iterations=2_threshold_value=200/summary.json,data/tests/detection/threshold/legacy_t200_c2__cfg5d0522c8/frame_screening/video_35/frame_0/threshold__f0__close_iterations_2_threshold_value_200/summary.json,move_file,4246,1,3baeeaf994f14f0566c922053b338c15d089a1183d5a1f018e39af97474f357f,True
results/tests/35/threshold__f0__morph_iterations=2/00_input.png,data/tests/detection/_shared_inputs/video_35/frame_0.png,deduplicate_identical_input,458268,1,afe2d3c8f318ded25743134db603f7c832556e62772dfa6bfe57dfc24180725b,True
results/tests/35/threshold__f0__morph_iterations=2/detections.csv,data/tests/detection/otsu/legacy_otsu_defaults__cfg76e32ed9/frame_screening/video_35/frame_0/threshold__f0__morph_iterations_2/detections.csv,move_file,4719,1,9aa155fb9984e5c5697336cea862dcd1dd48d21b04c02501f5125eb681b7715b,True
results/tests/35/threshold__f0__morph_iterations=2/detections.png,data/tests/detection/otsu/legacy_otsu_defaults__cfg76e32ed9/frame_screening/video_35/frame_0/threshold__f0__morph_iterations_2/detections.png,move_file,494130,1,1eef8f4220cdb55f67ecd429cf22afd698aa8dd69a5ed40f9735bbf3953ce75b,True
results/tests/35/threshold__f0__morph_iterations=2/summary.json,data/tests/detection/otsu/legacy_otsu_defaults__cfg76e32ed9/frame_screening/video_35/frame_0/threshold__f0__morph_iterations_2/summary.json,move_file,3762,1,4702cf8030f5c797e97ecd1298a3df90e6c1d50c2cfa1b9282c80cd8a1a285ae,True
results/tests/35/threshold__f0__morph_iterations=2_threshold_value=200/00_input.png,data/tests/detection/_shared_inputs/video_35/frame_0.png,deduplicate_identical_input,458268,1,afe2d3c8f318ded25743134db603f7c832556e62772dfa6bfe57dfc24180725b,True
results/tests/35/threshold__f0__morph_iterations=2_threshold_value=200/detections.csv,data/tests/detection/threshold/legacy_t200_o2__cfga13617b6/frame_screening/video_35/frame_0/threshold__f0__morph_iterations_2_threshold_value_200/detections.csv,move_file,5128,1,1269cd153cb4ccb8c09c5371522ad79025d62242c5c836ce8e4ab5c5931fbd71,True
results/tests/35/threshold__f0__morph_iterations=2_threshold_value=200/detections.png,data/tests/detection/threshold/legacy_t200_o2__cfga13617b6/frame_screening/video_35/frame_0/threshold__f0__morph_iterations_2_threshold_value_200/detections.png,move_file,493842,1,a6422e0748d1b9d96ac3f904187eacce900725f4b720232fefea2045fb944b8e,True
results/tests/35/threshold__f0__morph_iterations=2_threshold_value=200/summary.json,data/tests/detection/threshold/legacy_t200_o2__cfga13617b6/frame_screening/video_35/frame_0/threshold__f0__morph_iterations_2_threshold_value_200/summary.json,move_file,4484,1,bdac97fe2a8d82fca3ae1c05b6004ee473e9c3a639e550432b4e8f014a2e9927,True
results/tests/35/threshold__f0__threshold_value=180/00_input.png,data/tests/detection/_shared_inputs/video_35/frame_0.png,deduplicate_identical_input,458268,1,afe2d3c8f318ded25743134db603f7c832556e62772dfa6bfe57dfc24180725b,True
results/tests/35/threshold__f0__threshold_value=180/detections.csv,data/tests/detection/threshold/legacy_t180__cfg1fd3f76e/frame_screening/video_35/frame_0/threshold__f0__threshold_value_180/detections.csv,move_file,8538,1,1c93f56f0c21b2038e114c8f98b87e774ead29c1c9d973ccf6d1dc19670e4ed0,True
results/tests/35/threshold__f0__threshold_value=180/detections.png,data/tests/detection/threshold/legacy_t180__cfg1fd3f76e/frame_screening/video_35/frame_0/threshold__f0__threshold_value_180/detections.png,move_file,494510,1,74845e5ef566640abb3ba08920a42f9aef388d0fa0199ccdef3019715329d1f6,True
results/tests/35/threshold__f0__threshold_value=180/summary.json,data/tests/detection/threshold/legacy_t180__cfg1fd3f76e/frame_screening/video_35/frame_0/threshold__f0__threshold_value_180/summary.json,move_file,10294,1,b0c4ec13437f8b8029f9898661e6cb6b648d2c7b812df5652d321757d6f9aa1b,True
results/tests/35/threshold__f0__threshold_value=190/00_input.png,data/tests/detection/_shared_inputs/video_35/frame_0.png,deduplicate_identical_input,458268,1,afe2d3c8f318ded25743134db603f7c832556e62772dfa6bfe57dfc24180725b,True
results/tests/35/threshold__f0__threshold_value=190/detections.csv,data/tests/detection/threshold/legacy_t190__cfgfeeed012/frame_screening/video_35/frame_0/threshold__f0__threshold_value_190/detections.csv,move_file,5222,1,2fc12d2977dbafe8ca071374a72ee7a696edb55c1a388d7d3b4ebb0c225c3114,True
results/tests/35/threshold__f0__threshold_value=190/detections.png,data/tests/detection/threshold/legacy_t190__cfgfeeed012/frame_screening/video_35/frame_0/threshold__f0__threshold_value_190/detections.png,move_file,493600,1,58a51ce29f74c9c0be73dae7a2ca10887b178f722ce25ee64e36c2cb167ebd8c,True
results/tests/35/threshold__f0__threshold_value=190/summary.json,data/tests/detection/threshold/legacy_t190__cfgfeeed012/frame_screening/video_35/frame_0/threshold__f0__threshold_value_190/summary.json,move_file,4628,1,831c21ee0521d1b9831a749bc4b7c38deaa7edfc678ed076fc2a074164fba3da,True
results/tests/35/threshold__f0__threshold_value=200/00_input.png,data/tests/detection/_shared_inputs/video_35/frame_0.png,deduplicate_identical_input,458268,1,afe2d3c8f318ded25743134db603f7c832556e62772dfa6bfe57dfc24180725b,True
results/tests/35/threshold__f0__threshold_value=200/detections.csv,data/tests/detection/threshold/legacy_t200__cfg1f8f28ac/frame_screening/video_35/frame_0/threshold__f0__threshold_value_200/detections.csv,move_file,5555,1,92c700bffe8f634b1b19dc6ac3e9e095a4b9bb34f04e64a6015b18bb90750ae5,True
results/tests/35/threshold__f0__threshold_value=200/detections.png,data/tests/detection/threshold/legacy_t200__cfg1f8f28ac/frame_screening/video_35/frame_0/threshold__f0__threshold_value_200/detections.png,move_file,494101,1,ad78a9626cbcfe4189a544c2e4a3f1be94775d23bdf711b984bd8455578e8b42,True
results/tests/35/threshold__f0__threshold_value=200/summary.json,data/tests/detection/threshold/legacy_t200__cfg1f8f28ac/frame_screening/video_35/frame_0/threshold__f0__threshold_value_200/summary.json,move_file,5185,1,bbb9c9963e7772c3abaeaa9b27dff0c101a1365703bb86d7cc7859ceb4738a6f,True
results/tests/35/threshold__f0__threshold_value=210/00_input.png,data/tests/detection/_shared_inputs/video_35/frame_0.png,deduplicate_identical_input,458268,1,afe2d3c8f318ded25743134db603f7c832556e62772dfa6bfe57dfc24180725b,True
results/tests/35/threshold__f0__threshold_value=210/detections.csv,data/tests/detection/threshold/legacy_t210__cfg4310fa76/frame_screening/video_35/frame_0/threshold__f0__threshold_value_210/detections.csv,move_file,5248,1,555787588a9ff77223f3aa1ae498b57108d91dc306a0d8392c429764c3dd1ff3,True
results/tests/35/threshold__f0__threshold_value=210/detections.png,data/tests/detection/threshold/legacy_t210__cfg4310fa76/frame_screening/video_35/frame_0/threshold__f0__threshold_value_210/detections.png,move_file,493847,1,8fcb04bb9cda8199369ffb6ad0ad1176271befc3a3fa530fadf70ad7da032734,True
results/tests/35/threshold__f0__threshold_value=210/summary.json,data/tests/detection/threshold/legacy_t210__cfg4310fa76/frame_screening/video_35/frame_0/threshold__f0__threshold_value_210/summary.json,move_file,4651,1,5b2d3ff1eb492e5018917aef00eec654dbf37b9059a42aa5dc98fc4633295dc1,True
results/tests/35/threshold__f100/00_input.png,data/tests/detection/_shared_inputs/video_35/frame_100.png,move_file,467615,1,6d08d6ac4b3e25289a7583ba8edaf88e34695b6bd137a60bf1482c4033ba730d,True
results/tests/35/threshold__f100/detections.csv,data/tests/detection/otsu/legacy_otsu_defaults__cfgbbaffb3e/frame_screening/video_35/frame_100/threshold__f100/detections.csv,move_file,6084,1,0dc4fe982bf7baec9cfa677bd38436dafcc442db377a4dbaf3903e8f52e4b8f2,True
results/tests/35/threshold__f100/detections.png,data/tests/detection/otsu/legacy_otsu_defaults__cfgbbaffb3e/frame_screening/video_35/frame_100/threshold__f100/detections.png,move_file,502369,1,fd641dee2ed88c2646d01f615c19e1e4cf9f20eb6911da6a9f4749ccb610dc76,True
results/tests/35/threshold__f100/summary.json,data/tests/detection/otsu/legacy_otsu_defaults__cfgbbaffb3e/frame_screening/video_35/frame_100/threshold__f100/summary.json,move_file,5573,1,5f80387acc3afe0373c17e84e1c837f03b929b221f92cfa628f412336e126578,True
results/tests/35/threshold__f100__close_iterations=0/00_input.png,data/tests/detection/_shared_inputs/video_35/frame_100.png,deduplicate_identical_input,467615,1,6d08d6ac4b3e25289a7583ba8edaf88e34695b6bd137a60bf1482c4033ba730d,True
results/tests/35/threshold__f100__close_iterations=0/detections.csv,data/tests/detection/otsu/legacy_otsu_defaults__cfg4633c2bb/frame_screening/video_35/frame_100/threshold__f100__close_iterations_0/detections.csv,move_file,6411,1,61903f8ff376bd7f1c2034ed4b91c734293038eb1a6fd66634f34f0edf11ac7b,True
results/tests/35/threshold__f100__close_iterations=0/detections.png,data/tests/detection/otsu/legacy_otsu_defaults__cfg4633c2bb/frame_screening/video_35/frame_100/threshold__f100__close_iterations_0/detections.png,move_file,502158,1,446f4a4683aa6c56a723b7c45c10a19e2b43283069f25b1b749c4327a1945dd9,True
results/tests/35/threshold__f100__close_iterations=0/summary.json,data/tests/detection/otsu/legacy_otsu_defaults__cfg4633c2bb/frame_screening/video_35/frame_100/threshold__f100__close_iterations_0/summary.json,move_file,6136,1,6629a5fc9d2f8f22ea5d09361ed449b2af4137e9c69bce2d674d3e80cbd9f4ad,True
results/tests/35/threshold__f100__close_iterations=0_threshold_value=200/00_input.png,data/tests/detection/_shared_inputs/video_35/frame_100.png,deduplicate_identical_input,467615,1,6d08d6ac4b3e25289a7583ba8edaf88e34695b6bd137a60bf1482c4033ba730d,True
results/tests/35/threshold__f100__close_iterations=0_threshold_value=200/detections.csv,data/tests/detection/threshold/legacy_t200_c0__cfg1359249f/frame_screening/video_35/frame_100/threshold__f100__close_iterations_0_threshold_value_200/detections.csv,move_file,6743,1,856d7ec3165aa8d9639c195793e82e635a7c6709124a58f64bcc5ec8455aef0e,True
results/tests/35/threshold__f100__close_iterations=0_threshold_value=200/detections.png,data/tests/detection/threshold/legacy_t200_c0__cfg1359249f/frame_screening/video_35/frame_100/threshold__f100__close_iterations_0_threshold_value_200/detections.png,move_file,502513,1,e0496ecc6b5a2a19ab0b87502ea771d0482548d4eeaa583959a00291aa16adb1,True
results/tests/35/threshold__f100__close_iterations=0_threshold_value=200/summary.json,data/tests/detection/threshold/legacy_t200_c0__cfg1359249f/frame_screening/video_35/frame_100/threshold__f100__close_iterations_0_threshold_value_200/summary.json,move_file,6739,1,085fb45107741595d4f98faad22d956f81741207809a9afa7759344cf8df30fa,True
results/tests/35/threshold__f100__close_iterations=2_threshold_value=200/00_input.png,data/tests/detection/_shared_inputs/video_35/frame_100.png,deduplicate_identical_input,467615,1,6d08d6ac4b3e25289a7583ba8edaf88e34695b6bd137a60bf1482c4033ba730d,True
results/tests/35/threshold__f100__close_iterations=2_threshold_value=200/detections.csv,data/tests/detection/threshold/legacy_t200_c2__cfg5d0522c8/frame_screening/video_35/frame_100/threshold__f100__close_iterations_2_threshold_value_200/detections.csv,move_file,6087,1,bea006b1f5d61f9eec81e73bc4d22b2714375dde76cb89953184717bfc209e9f,True
results/tests/35/threshold__f100__close_iterations=2_threshold_value=200/detections.png,data/tests/detection/threshold/legacy_t200_c2__cfg5d0522c8/frame_screening/video_35/frame_100/threshold__f100__close_iterations_2_threshold_value_200/detections.png,move_file,502588,1,9841b888940da5796cf0fbc723d4f8bcd2dcf5d1623fc8c3ff0b9fb7e82109b2,True
results/tests/35/threshold__f100__close_iterations=2_threshold_value=200/summary.json,data/tests/detection/threshold/legacy_t200_c2__cfg5d0522c8/frame_screening/video_35/frame_100/threshold__f100__close_iterations_2_threshold_value_200/summary.json,move_file,5681,1,86dead7f4d1f86d5d23a5840894194fa9461cb42e241f5ac63793e9b3733eafa,True
results/tests/35/threshold__f100__morph_iterations=2/00_input.png,data/tests/detection/_shared_inputs/video_35/frame_100.png,deduplicate_identical_input,467615,1,6d08d6ac4b3e25289a7583ba8edaf88e34695b6bd137a60bf1482c4033ba730d,True
results/tests/35/threshold__f100__morph_iterations=2/detections.csv,data/tests/detection/otsu/legacy_otsu_defaults__cfg76e32ed9/frame_screening/video_35/frame_100/threshold__f100__morph_iterations_2/detections.csv,move_file,5166,1,a1c37022f122f87723af96f2710daa286bf6c13e48106781b0a5b74e8128fe69,True
results/tests/35/threshold__f100__morph_iterations=2/detections.png,data/tests/detection/otsu/legacy_otsu_defaults__cfg76e32ed9/frame_screening/video_35/frame_100/threshold__f100__morph_iterations_2/detections.png,move_file,502478,1,498c1fac197547d77d594b447aa84e5249180234d7fc2a255efcf68413bd1fc4,True
results/tests/35/threshold__f100__morph_iterations=2/summary.json,data/tests/detection/otsu/legacy_otsu_defaults__cfg76e32ed9/frame_screening/video_35/frame_100/threshold__f100__morph_iterations_2/summary.json,move_file,4104,1,686f9f9489e005cac22cd50803c18533692aae66efceea2d738967ebdd776ec1,True
results/tests/35/threshold__f100__morph_iterations=2_threshold_value=200/00_input.png,data/tests/detection/_shared_inputs/video_35/frame_100.png,deduplicate_identical_input,467615,1,6d08d6ac4b3e25289a7583ba8edaf88e34695b6bd137a60bf1482c4033ba730d,True
results/tests/35/threshold__f100__morph_iterations=2_threshold_value=200/detections.csv,data/tests/detection/threshold/legacy_t200_o2__cfga13617b6/frame_screening/video_35/frame_100/threshold__f100__morph_iterations_2_threshold_value_200/detections.csv,move_file,5777,1,458097921bf851e970e873100574d81c18c8a6fdd9de76b4cc08ca345899f574,True
results/tests/35/threshold__f100__morph_iterations=2_threshold_value=200/detections.png,data/tests/detection/threshold/legacy_t200_o2__cfga13617b6/frame_screening/video_35/frame_100/threshold__f100__morph_iterations_2_threshold_value_200/detections.png,move_file,502869,1,6478b987b2a2523e1ca85088680100093d757805539024712d7450d1f612c2e8,True
results/tests/35/threshold__f100__morph_iterations=2_threshold_value=200/summary.json,data/tests/detection/threshold/legacy_t200_o2__cfga13617b6/frame_screening/video_35/frame_100/threshold__f100__morph_iterations_2_threshold_value_200/summary.json,move_file,5150,1,a457187872bf4d5e9b70ecefc355166cdb351e540f461fdaf3c420370eaa42b5,True
results/tests/35/threshold__f100__threshold_value=180/00_input.png,data/tests/detection/_shared_inputs/video_35/frame_100.png,deduplicate_identical_input,467615,1,6d08d6ac4b3e25289a7583ba8edaf88e34695b6bd137a60bf1482c4033ba730d,True
results/tests/35/threshold__f100__threshold_value=180/detections.csv,data/tests/detection/threshold/legacy_t180__cfg1fd3f76e/frame_screening/video_35/frame_100/threshold__f100__threshold_value_180/detections.csv,move_file,9560,1,5edcd77daba5410a90e0bd1fecaa3b78755b578ab4e818960b7cb080bf4ba3d8,True
results/tests/35/threshold__f100__threshold_value=180/detections.png,data/tests/detection/threshold/legacy_t180__cfg1fd3f76e/frame_screening/video_35/frame_100/threshold__f100__threshold_value_180/detections.png,move_file,503813,1,3b7f79dbdc890f97b5dbc9e510db39e0cadee172e4494c36afb3bba608f37be1,True
results/tests/35/threshold__f100__threshold_value=180/summary.json,data/tests/detection/threshold/legacy_t180__cfg1fd3f76e/frame_screening/video_35/frame_100/threshold__f100__threshold_value_180/summary.json,move_file,11392,1,16704b1a27f1008cdad5ab598fad50617b1b37adb9e308f8314a64fd364744bf,True
results/tests/35/threshold__f100__threshold_value=190/00_input.png,data/tests/detection/_shared_inputs/video_35/frame_100.png,deduplicate_identical_input,467615,1,6d08d6ac4b3e25289a7583ba8edaf88e34695b6bd137a60bf1482c4033ba730d,True
results/tests/35/threshold__f100__threshold_value=190/detections.csv,data/tests/detection/threshold/legacy_t190__cfgfeeed012/frame_screening/video_35/frame_100/threshold__f100__threshold_value_190/detections.csv,move_file,5816,1,b6f086d552d32a4b4b1bc7bc1f18b2123bd738b9ce3ffa44e16b1c0806aef506,True
results/tests/35/threshold__f100__threshold_value=190/detections.png,data/tests/detection/threshold/legacy_t190__cfgfeeed012/frame_screening/video_35/frame_100/threshold__f100__threshold_value_190/detections.png,move_file,502035,1,d976cd5d7ce050646d7106e66af337a33267132ff492dece2ac9a308eb2cd0a6,True
results/tests/35/threshold__f100__threshold_value=190/summary.json,data/tests/detection/threshold/legacy_t190__cfgfeeed012/frame_screening/video_35/frame_100/threshold__f100__threshold_value_190/summary.json,move_file,5181,1,ab16693de82a8953f4601f9bd58939ae049badcc8cd3d67244f35e976a58f7fb,True
results/tests/35/threshold__f100__threshold_value=200/00_input.png,data/tests/detection/_shared_inputs/video_35/frame_100.png,deduplicate_identical_input,467615,1,6d08d6ac4b3e25289a7583ba8edaf88e34695b6bd137a60bf1482c4033ba730d,True
results/tests/35/threshold__f100__threshold_value=200/detections.csv,data/tests/detection/threshold/legacy_t200__cfg1f8f28ac/frame_screening/video_35/frame_100/threshold__f100__threshold_value_200/detections.csv,move_file,6483,1,0dc91eb749ab1363627e0df1e6f4a40e450bbeec4c6ea487f3f90d1b7025a375,True
results/tests/35/threshold__f100__threshold_value=200/detections.png,data/tests/detection/threshold/legacy_t200__cfg1f8f28ac/frame_screening/video_35/frame_100/threshold__f100__threshold_value_200/detections.png,move_file,502566,1,386cd3b7ab6ddb07023b8c0c678a1c9583ddac05bc58b8a769aa4cded5d548d9,True
results/tests/35/threshold__f100__threshold_value=200/summary.json,data/tests/detection/threshold/legacy_t200__cfg1f8f28ac/frame_screening/video_35/frame_100/threshold__f100__threshold_value_200/summary.json,move_file,6290,1,ea6301646f8370a50f7221d048f088fb9f8cd7d34bf6368c98b79744261b84f1,True
results/tests/35/threshold__f100__threshold_value=210/00_input.png,data/tests/detection/_shared_inputs/video_35/frame_100.png,deduplicate_identical_input,467615,1,6d08d6ac4b3e25289a7583ba8edaf88e34695b6bd137a60bf1482c4033ba730d,True
results/tests/35/threshold__f100__threshold_value=210/detections.csv,data/tests/detection/threshold/legacy_t210__cfg4310fa76/frame_screening/video_35/frame_100/threshold__f100__threshold_value_210/detections.csv,move_file,6430,1,db854fd42f844befbb43745d7e259d04dc8b5159177133c76f81b5dd76d1fd2d,True
results/tests/35/threshold__f100__threshold_value=210/detections.png,data/tests/detection/threshold/legacy_t210__cfg4310fa76/frame_screening/video_35/frame_100/threshold__f100__threshold_value_210/detections.png,move_file,502381,1,9982db1dbc77e27bbda432e4726874aca96ff8c49ae8de1a5b229a2ce3a3758c,True
results/tests/35/threshold__f100__threshold_value=210/summary.json,data/tests/detection/threshold/legacy_t210__cfg4310fa76/frame_screening/video_35/frame_100/threshold__f100__threshold_value_210/summary.json,move_file,6191,1,f0dc79351dd1d55a89f1de1c6d6b657a1dd8ec93bce3a2bb86e53378dd113643,True
results/tests/35/threshold__f50/00_input.png,data/tests/detection/_shared_inputs/video_35/frame_50.png,move_file,446374,1,a9d175fda5842daa509056328bca5909f6dda1db48dd1bf752acab3a37cbca0a,True
results/tests/35/threshold__f50/detections.csv,data/tests/detection/otsu/legacy_otsu_defaults__cfgbbaffb3e/frame_screening/video_35/frame_50/threshold__f50/detections.csv,move_file,5536,1,34fc48285d1f0e3204816c9ffb952fec3083e4aeadbff7da6e0f14d2c5a4f09c,True
results/tests/35/threshold__f50/detections.png,data/tests/detection/otsu/legacy_otsu_defaults__cfgbbaffb3e/frame_screening/video_35/frame_50/threshold__f50/detections.png,move_file,480940,1,e17c8d0a8c766df79e9cefe821b008287ed2fa3d2dc1e00d8c5f8f9952cf8cf2,True
results/tests/35/threshold__f50/summary.json,data/tests/detection/otsu/legacy_otsu_defaults__cfgbbaffb3e/frame_screening/video_35/frame_50/threshold__f50/summary.json,move_file,4801,1,45dc3a7bd32e57a37331e843c8d75e2f71934bfe381d63edbf4ca96f70e0ef1d,True
results/tests/35/threshold__f50__close_iterations=0/00_input.png,data/tests/detection/_shared_inputs/video_35/frame_50.png,deduplicate_identical_input,446374,1,a9d175fda5842daa509056328bca5909f6dda1db48dd1bf752acab3a37cbca0a,True
results/tests/35/threshold__f50__close_iterations=0/detections.csv,data/tests/detection/otsu/legacy_otsu_defaults__cfg4633c2bb/frame_screening/video_35/frame_50/threshold__f50__close_iterations_0/detections.csv,move_file,5855,1,414ecfeadb17746e3a069d366ad1be53f2608c0f0692483ab79b7afcf9c9a350,True
results/tests/35/threshold__f50__close_iterations=0/detections.png,data/tests/detection/otsu/legacy_otsu_defaults__cfg4633c2bb/frame_screening/video_35/frame_50/threshold__f50__close_iterations_0/detections.png,move_file,480626,1,aa3259ed48d3088b51d399a39dda2f5f2e05a6a417d62612ce984717dcf37e5b,True
results/tests/35/threshold__f50__close_iterations=0/summary.json,data/tests/detection/otsu/legacy_otsu_defaults__cfg4633c2bb/frame_screening/video_35/frame_50/threshold__f50__close_iterations_0/summary.json,move_file,5364,1,428f640683485e7072ca19c14efeeae0d6e190d14da17fea7061e980ee7ed23d,True
results/tests/35/threshold__f50__close_iterations=0_threshold_value=200/00_input.png,data/tests/detection/_shared_inputs/video_35/frame_50.png,deduplicate_identical_input,446374,1,a9d175fda5842daa509056328bca5909f6dda1db48dd1bf752acab3a37cbca0a,True
results/tests/35/threshold__f50__close_iterations=0_threshold_value=200/detections.csv,data/tests/detection/threshold/legacy_t200_c0__cfg1359249f/frame_screening/video_35/frame_50/threshold__f50__close_iterations_0_threshold_value_200/detections.csv,move_file,6312,1,4ccca14968b02c572ac1e03431d5b7cd12321ed3caae579ce75259619f680fdb,True
results/tests/35/threshold__f50__close_iterations=0_threshold_value=200/detections.png,data/tests/detection/threshold/legacy_t200_c0__cfg1359249f/frame_screening/video_35/frame_50/threshold__f50__close_iterations_0_threshold_value_200/detections.png,move_file,481076,1,dad6d86cb28b1092d7b8bc6f0f454bb495ce2191ddbe98b96337ae1daba0650c,True
results/tests/35/threshold__f50__close_iterations=0_threshold_value=200/summary.json,data/tests/detection/threshold/legacy_t200_c0__cfg1359249f/frame_screening/video_35/frame_50/threshold__f50__close_iterations_0_threshold_value_200/summary.json,move_file,6182,1,e3a3e4295e0a4ac093d43d0bcee8ab9fa0991c254688dd4b2c743766aa23a845,True
results/tests/35/threshold__f50__close_iterations=2_threshold_value=200/00_input.png,data/tests/detection/_shared_inputs/video_35/frame_50.png,deduplicate_identical_input,446374,1,a9d175fda5842daa509056328bca5909f6dda1db48dd1bf752acab3a37cbca0a,True
results/tests/35/threshold__f50__close_iterations=2_threshold_value=200/detections.csv,data/tests/detection/threshold/legacy_t200_c2__cfg5d0522c8/frame_screening/video_35/frame_50/threshold__f50__close_iterations_2_threshold_value_200/detections.csv,move_file,5666,1,8a7bb725f53caa56a750611afbb0ff8403a2ea302f4a96e330af87a9b17f2765,True
results/tests/35/threshold__f50__close_iterations=2_threshold_value=200/detections.png,data/tests/detection/threshold/legacy_t200_c2__cfg5d0522c8/frame_screening/video_35/frame_50/threshold__f50__close_iterations_2_threshold_value_200/detections.png,move_file,481226,1,c16f4a3e54d3f5aa02ffe385ddd465473763e3251910c46ad68a324e9e6528d2,True
results/tests/35/threshold__f50__close_iterations=2_threshold_value=200/summary.json,data/tests/detection/threshold/legacy_t200_c2__cfg5d0522c8/frame_screening/video_35/frame_50/threshold__f50__close_iterations_2_threshold_value_200/summary.json,move_file,5123,1,e52493a3882aab5d6b83d52688713c15b11e24202a2ca3fb00d2405939264d12,True
results/tests/35/threshold__f50__morph_iterations=2/00_input.png,data/tests/detection/_shared_inputs/video_35/frame_50.png,deduplicate_identical_input,446374,1,a9d175fda5842daa509056328bca5909f6dda1db48dd1bf752acab3a37cbca0a,True
results/tests/35/threshold__f50__morph_iterations=2/detections.csv,data/tests/detection/otsu/legacy_otsu_defaults__cfg76e32ed9/frame_screening/video_35/frame_50/threshold__f50__morph_iterations_2/detections.csv,move_file,4957,1,2b243edfd83750aefc7f01b8d2d0b6f80d781b34d9410090c3098cfee6ef08bf,True
results/tests/35/threshold__f50__morph_iterations=2/detections.png,data/tests/detection/otsu/legacy_otsu_defaults__cfg76e32ed9/frame_screening/video_35/frame_50/threshold__f50__morph_iterations_2/detections.png,move_file,481316,1,4b02ff7f407531a96497dd6ff2d3bb38662b336afd141855eadbbf369b1e970e,True
results/tests/35/threshold__f50__morph_iterations=2/summary.json,data/tests/detection/otsu/legacy_otsu_defaults__cfg76e32ed9/frame_screening/video_35/frame_50/threshold__f50__morph_iterations_2/summary.json,move_file,3877,1,405db9b69c53aa937a3ccde987863d8acea1a61681b92df73c553c1a15756094,True
results/tests/35/threshold__f50__morph_iterations=2_threshold_value=200/00_input.png,data/tests/detection/_shared_inputs/video_35/frame_50.png,deduplicate_identical_input,446374,1,a9d175fda5842daa509056328bca5909f6dda1db48dd1bf752acab3a37cbca0a,True
results/tests/35/threshold__f50__morph_iterations=2_threshold_value=200/detections.csv,data/tests/detection/threshold/legacy_t200_o2__cfga13617b6/frame_screening/video_35/frame_50/threshold__f50__morph_iterations_2_threshold_value_200/detections.csv,move_file,5358,1,511aad0d1cb9a361a2bf812debbff71b39e35334da7f1e397274d113df8902fd,True
results/tests/35/threshold__f50__morph_iterations=2_threshold_value=200/detections.png,data/tests/detection/threshold/legacy_t200_o2__cfga13617b6/frame_screening/video_35/frame_50/threshold__f50__morph_iterations_2_threshold_value_200/detections.png,move_file,481498,1,c45e5c5016ee1aca68b0fd6fdc088d0cc4d78dc24e99963c47b5ea40065c3932,True
results/tests/35/threshold__f50__morph_iterations=2_threshold_value=200/summary.json,data/tests/detection/threshold/legacy_t200_o2__cfga13617b6/frame_screening/video_35/frame_50/threshold__f50__morph_iterations_2_threshold_value_200/summary.json,move_file,4591,1,d57e4c7029886aee1d82a44b8e1dc73e8db6da875797f3e8a9048d502a80e074,True
results/tests/35/threshold__f50__threshold_value=180/00_input.png,data/tests/detection/_shared_inputs/video_35/frame_50.png,deduplicate_identical_input,446374,1,a9d175fda5842daa509056328bca5909f6dda1db48dd1bf752acab3a37cbca0a,True
results/tests/35/threshold__f50__threshold_value=180/detections.csv,data/tests/detection/threshold/legacy_t180__cfg1fd3f76e/frame_screening/video_35/frame_50/threshold__f50__threshold_value_180/detections.csv,move_file,8693,1,4b89066cdbe6c99cc809213a7ee96494939fd8026ee94da41625bb8a0e26b853,True
results/tests/35/threshold__f50__threshold_value=180/detections.png,data/tests/detection/threshold/legacy_t180__cfg1fd3f76e/frame_screening/video_35/frame_50/threshold__f50__threshold_value_180/detections.png,move_file,482298,1,870e2989d5dc48a190a44831eccd99d32d101fc150d18d784a5d78ae2ea3e373,True
results/tests/35/threshold__f50__threshold_value=180/summary.json,data/tests/detection/threshold/legacy_t180__cfg1fd3f76e/frame_screening/video_35/frame_50/threshold__f50__threshold_value_180/summary.json,move_file,10189,1,01e0643ba75a094706248adfc2d2da48e890771e4fa3eea4db94e59c98aa7b49,True
results/tests/35/threshold__f50__threshold_value=190/00_input.png,data/tests/detection/_shared_inputs/video_35/frame_50.png,deduplicate_identical_input,446374,1,a9d175fda5842daa509056328bca5909f6dda1db48dd1bf752acab3a37cbca0a,True
results/tests/35/threshold__f50__threshold_value=190/detections.csv,data/tests/detection/threshold/legacy_t190__cfgfeeed012/frame_screening/video_35/frame_50/threshold__f50__threshold_value_190/detections.csv,move_file,6444,1,f94ae9beb025c7e9946950e309fd865f1c61159139ae6edd07108025ee365e3a,True
results/tests/35/threshold__f50__threshold_value=190/detections.png,data/tests/detection/threshold/legacy_t190__cfgfeeed012/frame_screening/video_35/frame_50/threshold__f50__threshold_value_190/detections.png,move_file,480864,1,266ae2f5ecfed3d06a99fb9fcbc02371e16c8faba14b3d44682fbf001693ddd5,True
results/tests/35/threshold__f50__threshold_value=190/summary.json,data/tests/detection/threshold/legacy_t190__cfgfeeed012/frame_screening/video_35/frame_50/threshold__f50__threshold_value_190/summary.json,move_file,6379,1,ebe1cf03ccc4fef53891aabd5966e882383890ceacfa616af68cc9a6d6c57d92,True
results/tests/35/threshold__f50__threshold_value=200/00_input.png,data/tests/detection/_shared_inputs/video_35/frame_50.png,deduplicate_identical_input,446374,1,a9d175fda5842daa509056328bca5909f6dda1db48dd1bf752acab3a37cbca0a,True
results/tests/35/threshold__f50__threshold_value=200/detections.csv,data/tests/detection/threshold/legacy_t200__cfg1f8f28ac/frame_screening/video_35/frame_50/threshold__f50__threshold_value_200/detections.csv,move_file,5926,1,6c25ad0202cb42f813435dfbf879aba93385ea8670d9b953517b18fce1d32d6d,True
results/tests/35/threshold__f50__threshold_value=200/detections.png,data/tests/detection/threshold/legacy_t200__cfg1f8f28ac/frame_screening/video_35/frame_50/threshold__f50__threshold_value_200/detections.png,move_file,481268,1,b136a6e241fdb42434ba8d935336fa749e987bc03044c715a210a0a2a8a08813,True
results/tests/35/threshold__f50__threshold_value=200/summary.json,data/tests/detection/threshold/legacy_t200__cfg1f8f28ac/frame_screening/video_35/frame_50/threshold__f50__threshold_value_200/summary.json,move_file,5514,1,1a2041fbd03980bbfc6afc05f20b6e7c2b6547486bf7cb145811164d8586c180,True
results/tests/35/threshold__f50__threshold_value=210/00_input.png,data/tests/detection/_shared_inputs/video_35/frame_50.png,deduplicate_identical_input,446374,1,a9d175fda5842daa509056328bca5909f6dda1db48dd1bf752acab3a37cbca0a,True
results/tests/35/threshold__f50__threshold_value=210/detections.csv,data/tests/detection/threshold/legacy_t210__cfg4310fa76/frame_screening/video_35/frame_50/threshold__f50__threshold_value_210/detections.csv,move_file,5821,1,d211c1843ef8a3a91e66836204462c5de2b341fd772b0d87e6c67c7ae167735b,True
results/tests/35/threshold__f50__threshold_value=210/detections.png,data/tests/detection/threshold/legacy_t210__cfg4310fa76/frame_screening/video_35/frame_50/threshold__f50__threshold_value_210/detections.png,move_file,481052,1,330449581ae8d019e2d0f4183f92de696288d12568ce7cb3f28fe7a5b8d18e50,True
results/tests/35/threshold__f50__threshold_value=210/summary.json,data/tests/detection/threshold/legacy_t210__cfg4310fa76/frame_screening/video_35/frame_50/threshold__f50__threshold_value_210/summary.json,move_file,5317,1,1c5aacb857df3cf31b7c4c6a9bbd7b389759ecf9aa0b82afb8df16dbe3ef8c32,True
results/tests/36/threshold__f0/00_input.png,data/tests/detection/_shared_inputs/video_36/frame_0.png,move_file,408802,1,5c125e0c8eb054db5b7c0a718165c6c967d8b42875c5875b106389442d9596d8,True
results/tests/36/threshold__f0/detections.csv,data/tests/detection/otsu/legacy_otsu_defaults__cfgbbaffb3e/frame_screening/video_36/frame_0/threshold__f0/detections.csv,move_file,8871,1,7c147dfdf4fc2f68ca1b8b0c6d9b4a666a9b3cf0a37adc23d085b59a52670bc5,True
results/tests/36/threshold__f0/detections.png,data/tests/detection/otsu/legacy_otsu_defaults__cfgbbaffb3e/frame_screening/video_36/frame_0/threshold__f0/detections.png,move_file,448380,1,a94fbb76f4c518960a653cb6d84ea48fe5f510f05b358a92e6a609747c055302,True
results/tests/36/threshold__f0/summary.json,data/tests/detection/otsu/legacy_otsu_defaults__cfgbbaffb3e/frame_screening/video_36/frame_0/threshold__f0/summary.json,move_file,8872,1,1bfb27c0ca001e477b8d73533da87947b96d105149dc651fed654c1595a965a7,True
results/tests/36/threshold__f0__close_iterations=0/00_input.png,data/tests/detection/_shared_inputs/video_36/frame_0.png,deduplicate_identical_input,408802,1,5c125e0c8eb054db5b7c0a718165c6c967d8b42875c5875b106389442d9596d8,True
results/tests/36/threshold__f0__close_iterations=0/detections.csv,data/tests/detection/otsu/legacy_otsu_defaults__cfg4633c2bb/frame_screening/video_36/frame_0/threshold__f0__close_iterations_0/detections.csv,move_file,9187,1,4f631b875a1f8d285ea31f991a9a2bc5df3492cf45e7fef6654471420ac6fc27,True
results/tests/36/threshold__f0__close_iterations=0/detections.png,data/tests/detection/otsu/legacy_otsu_defaults__cfg4633c2bb/frame_screening/video_36/frame_0/threshold__f0__close_iterations_0/detections.png,move_file,448087,1,aa02510c38bde5d52012eb597724ffa8c14ea271eae6fd9daef5bc5e7ddd0865,True
results/tests/36/threshold__f0__close_iterations=0/summary.json,data/tests/detection/otsu/legacy_otsu_defaults__cfg4633c2bb/frame_screening/video_36/frame_0/threshold__f0__close_iterations_0/summary.json,move_file,9435,1,67184012aaa4bb673fbe1021d797577fb2e0e4165641927cc3a6d19f6cc41349,True
results/tests/36/threshold__f0__close_iterations=0_threshold_value=200/00_input.png,data/tests/detection/_shared_inputs/video_36/frame_0.png,deduplicate_identical_input,408802,1,5c125e0c8eb054db5b7c0a718165c6c967d8b42875c5875b106389442d9596d8,True
results/tests/36/threshold__f0__close_iterations=0_threshold_value=200/detections.csv,data/tests/detection/threshold/legacy_t200_c0__cfg1359249f/frame_screening/video_36/frame_0/threshold__f0__close_iterations_0_threshold_value_200/detections.csv,move_file,6922,1,42891c0afee2c0704768605ea6d8f7bc2c771691d1e59e8bdd6a1301e52a6164,True
results/tests/36/threshold__f0__close_iterations=0_threshold_value=200/detections.png,data/tests/detection/threshold/legacy_t200_c0__cfg1359249f/frame_screening/video_36/frame_0/threshold__f0__close_iterations_0_threshold_value_200/detections.png,move_file,448088,1,15175bbc5c0f525bccf9f05dbf9de022625119740acfc1e34d6f84ea3cc8b1e5,True
results/tests/36/threshold__f0__close_iterations=0_threshold_value=200/summary.json,data/tests/detection/threshold/legacy_t200_c0__cfg1359249f/frame_screening/video_36/frame_0/threshold__f0__close_iterations_0_threshold_value_200/summary.json,move_file,5623,1,42ab06e9748c3a602a39778d7d2b24cedb0710073083a76910fd9b0c86a510c8,True
results/tests/36/threshold__f0__close_iterations=2_threshold_value=200/00_input.png,data/tests/detection/_shared_inputs/video_36/frame_0.png,deduplicate_identical_input,408802,1,5c125e0c8eb054db5b7c0a718165c6c967d8b42875c5875b106389442d9596d8,True
results/tests/36/threshold__f0__close_iterations=2_threshold_value=200/detections.csv,data/tests/detection/threshold/legacy_t200_c2__cfg5d0522c8/frame_screening/video_36/frame_0/threshold__f0__close_iterations_2_threshold_value_200/detections.csv,move_file,6670,1,0b846b24891c2724bd8320018687d52170e503ac193af4070be7f2b32ad17700,True
results/tests/36/threshold__f0__close_iterations=2_threshold_value=200/detections.png,data/tests/detection/threshold/legacy_t200_c2__cfg5d0522c8/frame_screening/video_36/frame_0/threshold__f0__close_iterations_2_threshold_value_200/detections.png,move_file,448304,1,07245bd9c5dd67c26bff296949ed215103f06672361d554c651e0fe724cc4e6c,True
results/tests/36/threshold__f0__close_iterations=2_threshold_value=200/summary.json,data/tests/detection/threshold/legacy_t200_c2__cfg5d0522c8/frame_screening/video_36/frame_0/threshold__f0__close_iterations_2_threshold_value_200/summary.json,move_file,5225,1,aaa8d7cf71f7c44e0610887b5f179fe7979dd0c197e1e11ee282cb242a6d9388,True
results/tests/36/threshold__f0__morph_iterations=2/00_input.png,data/tests/detection/_shared_inputs/video_36/frame_0.png,deduplicate_identical_input,408802,1,5c125e0c8eb054db5b7c0a718165c6c967d8b42875c5875b106389442d9596d8,True
results/tests/36/threshold__f0__morph_iterations=2/detections.csv,data/tests/detection/otsu/legacy_otsu_defaults__cfg76e32ed9/frame_screening/video_36/frame_0/threshold__f0__morph_iterations_2/detections.csv,move_file,6965,1,0e7df97e9d156216b5f7de399cc0f78cd879c4cf87d9ec378abcf6af0d46f3cb,True
results/tests/36/threshold__f0__morph_iterations=2/detections.png,data/tests/detection/otsu/legacy_otsu_defaults__cfg76e32ed9/frame_screening/video_36/frame_0/threshold__f0__morph_iterations_2/detections.png,move_file,449360,1,cef3801939eae802c1c2bd54b449102506ab4ceeda96ab9ab038483d7deb6279,True
results/tests/36/threshold__f0__morph_iterations=2/summary.json,data/tests/detection/otsu/legacy_otsu_defaults__cfg76e32ed9/frame_screening/video_36/frame_0/threshold__f0__morph_iterations_2/summary.json,move_file,5656,1,4ab1bdfac7a05c2b9af535211d72e6439c99cb65fadc93c5023d9aab0e62d835,True
results/tests/36/threshold__f0__morph_iterations=2_threshold_value=200/00_input.png,data/tests/detection/_shared_inputs/video_36/frame_0.png,deduplicate_identical_input,408802,1,5c125e0c8eb054db5b7c0a718165c6c967d8b42875c5875b106389442d9596d8,True
results/tests/36/threshold__f0__morph_iterations=2_threshold_value=200/detections.csv,data/tests/detection/threshold/legacy_t200_o2__cfga13617b6/frame_screening/video_36/frame_0/threshold__f0__morph_iterations_2_threshold_value_200/detections.csv,move_file,5067,1,0c643afb3299d68bd10d4dd8aed17350ac2ba78c9ef875b65a3318feb2904070,True
results/tests/36/threshold__f0__morph_iterations=2_threshold_value=200/detections.png,data/tests/detection/threshold/legacy_t200_o2__cfga13617b6/frame_screening/video_36/frame_0/threshold__f0__morph_iterations_2_threshold_value_200/detections.png,move_file,449681,1,56da8659ff601bc6262549a11ae478d1484da6d6c9add7343bd8e0e7024c6450,True
results/tests/36/threshold__f0__morph_iterations=2_threshold_value=200/summary.json,data/tests/detection/threshold/legacy_t200_o2__cfga13617b6/frame_screening/video_36/frame_0/threshold__f0__morph_iterations_2_threshold_value_200/summary.json,move_file,2494,1,27e84e2ca41c0af6c2964b18737be59e1bd07e5c96f278516e0ea21bd9a4bc47,True
results/tests/36/threshold__f0__threshold_value=180/00_input.png,data/tests/detection/_shared_inputs/video_36/frame_0.png,deduplicate_identical_input,408802,1,5c125e0c8eb054db5b7c0a718165c6c967d8b42875c5875b106389442d9596d8,True
results/tests/36/threshold__f0__threshold_value=180/detections.csv,data/tests/detection/threshold/legacy_t180__cfg1fd3f76e/frame_screening/video_36/frame_0/threshold__f0__threshold_value_180/detections.csv,move_file,7754,1,4efa96eee7a3fa063832154187bb12c6170750e429af88310c00e8da2c4dbbd3,True
results/tests/36/threshold__f0__threshold_value=180/detections.png,data/tests/detection/threshold/legacy_t180__cfg1fd3f76e/frame_screening/video_36/frame_0/threshold__f0__threshold_value_180/detections.png,move_file,447685,1,c7e5c3ea561d7ca61d85483f63716948a9bcd4a0c1c0597c8c50737d52afe588,True
results/tests/36/threshold__f0__threshold_value=180/summary.json,data/tests/detection/threshold/legacy_t180__cfg1fd3f76e/frame_screening/video_36/frame_0/threshold__f0__threshold_value_180/summary.json,move_file,7034,1,5a7008b4f886b6c843a1d58dca1c7fa3122cc766b0c4b70fe1db426b957fffb0,True
results/tests/36/threshold__f0__threshold_value=190/00_input.png,data/tests/detection/_shared_inputs/video_36/frame_0.png,deduplicate_identical_input,408802,1,5c125e0c8eb054db5b7c0a718165c6c967d8b42875c5875b106389442d9596d8,True
results/tests/36/threshold__f0__threshold_value=190/detections.csv,data/tests/detection/threshold/legacy_t190__cfgfeeed012/frame_screening/video_36/frame_0/threshold__f0__threshold_value_190/detections.csv,move_file,7239,1,580da787a66c360e1419574a9a046c37b13f518c23a0f0ff206ca7687c0d5eba,True
results/tests/36/threshold__f0__threshold_value=190/detections.png,data/tests/detection/threshold/legacy_t190__cfgfeeed012/frame_screening/video_36/frame_0/threshold__f0__threshold_value_190/detections.png,move_file,447777,1,9323ef3b6bb67a96357b0df596e5bb0db9d52a6710cb17090a6cba0713bad3a5,True
results/tests/36/threshold__f0__threshold_value=190/summary.json,data/tests/detection/threshold/legacy_t190__cfgfeeed012/frame_screening/video_36/frame_0/threshold__f0__threshold_value_190/summary.json,move_file,6157,1,0b456bcc53afd66f66db2e9181ca9a8589cdbab9a8016593e5cb74107252f493,True
results/tests/36/threshold__f0__threshold_value=200/00_input.png,data/tests/detection/_shared_inputs/video_36/frame_0.png,deduplicate_identical_input,408802,1,5c125e0c8eb054db5b7c0a718165c6c967d8b42875c5875b106389442d9596d8,True
results/tests/36/threshold__f0__threshold_value=200/detections.csv,data/tests/detection/threshold/legacy_t200__cfg1f8f28ac/frame_screening/video_36/frame_0/threshold__f0__threshold_value_200/detections.csv,move_file,6795,1,8c83dd4c19c4e80828b8ba61672ac956735839bb48eb8e2fab72e25a4abf4200,True
results/tests/36/threshold__f0__threshold_value=200/detections.png,data/tests/detection/threshold/legacy_t200__cfg1f8f28ac/frame_screening/video_36/frame_0/threshold__f0__threshold_value_200/detections.png,move_file,448150,1,0da82ad3fc36b858edff590233d8ab604c50e1cdd6ffab395ee2a7c8e853742e,True
results/tests/36/threshold__f0__threshold_value=200/summary.json,data/tests/detection/threshold/legacy_t200__cfg1f8f28ac/frame_screening/video_36/frame_0/threshold__f0__threshold_value_200/summary.json,move_file,5394,1,9c31122eeb974f16c06552d2949629c66adae85a2d8d75d8d8295f23fda63b98,True
results/tests/36/threshold__f0__threshold_value=210/00_input.png,data/tests/detection/_shared_inputs/video_36/frame_0.png,deduplicate_identical_input,408802,1,5c125e0c8eb054db5b7c0a718165c6c967d8b42875c5875b106389442d9596d8,True
results/tests/36/threshold__f0__threshold_value=210/detections.csv,data/tests/detection/threshold/legacy_t210__cfg4310fa76/frame_screening/video_36/frame_0/threshold__f0__threshold_value_210/detections.csv,move_file,6597,1,dfea7af4c93daafddcd2f3a0594b0957ab8a2057ac611374799bc86b37f59e2e,True
results/tests/36/threshold__f0__threshold_value=210/detections.png,data/tests/detection/threshold/legacy_t210__cfg4310fa76/frame_screening/video_36/frame_0/threshold__f0__threshold_value_210/detections.png,move_file,448038,1,28f39f89bce7140ef54eb3ef30d8f689bedc1e2b9b3975626cf6b8a668a053ee,True
results/tests/36/threshold__f0__threshold_value=210/summary.json,data/tests/detection/threshold/legacy_t210__cfg4310fa76/frame_screening/video_36/frame_0/threshold__f0__threshold_value_210/summary.json,move_file,5060,1,d7fc1b0231308386c7477351be78bd74f83bba83e7301643c33416a3fe22b3df,True
results/tests/36/threshold__f100/00_input.png,data/tests/detection/_shared_inputs/video_36/frame_100.png,move_file,408403,1,6992a6a0b05cb22e434aa007702da4a044933b04ade3ed313bc30bac43e12dd0,True
results/tests/36/threshold__f100/detections.csv,data/tests/detection/otsu/legacy_otsu_defaults__cfgbbaffb3e/frame_screening/video_36/frame_100/threshold__f100/detections.csv,move_file,8974,1,98fc2dd092a04cea27c81bdb9104eaeef1bb19eaad3f773a96fab3a150d874c3,True
results/tests/36/threshold__f100/detections.png,data/tests/detection/otsu/legacy_otsu_defaults__cfgbbaffb3e/frame_screening/video_36/frame_100/threshold__f100/detections.png,move_file,445987,1,50e25c6c9e72db6ead1d992ffe38b89d326334756713f9210af36408eff1ea25,True
results/tests/36/threshold__f100/summary.json,data/tests/detection/otsu/legacy_otsu_defaults__cfgbbaffb3e/frame_screening/video_36/frame_100/threshold__f100/summary.json,move_file,8012,1,e86978f7effdb21cdc5184059550b6e1164cde5b9c66b15db3fd2bc6093469f3,True
results/tests/36/threshold__f100__close_iterations=0/00_input.png,data/tests/detection/_shared_inputs/video_36/frame_100.png,deduplicate_identical_input,408403,1,6992a6a0b05cb22e434aa007702da4a044933b04ade3ed313bc30bac43e12dd0,True
results/tests/36/threshold__f100__close_iterations=0/detections.csv,data/tests/detection/otsu/legacy_otsu_defaults__cfg4633c2bb/frame_screening/video_36/frame_100/threshold__f100__close_iterations_0/detections.csv,move_file,9435,1,a281ac3df157740fbe616be222f6a602abd8d9d1ea1d8b5b6ff0a0385741ece1,True
results/tests/36/threshold__f100__close_iterations=0/detections.png,data/tests/detection/otsu/legacy_otsu_defaults__cfg4633c2bb/frame_screening/video_36/frame_100/threshold__f100__close_iterations_0/detections.png,move_file,445730,1,168a52e27ce27fdafb66b88a1ff3f74bc33870965f006981b3fe5fe1b52bd72e,True
results/tests/36/threshold__f100__close_iterations=0/summary.json,data/tests/detection/otsu/legacy_otsu_defaults__cfg4633c2bb/frame_screening/video_36/frame_100/threshold__f100__close_iterations_0/summary.json,move_file,8795,1,fc239ffa0a23cb3d71e3cf11ce5999b998659079a2f53d737b57387bf4eff611,True
results/tests/36/threshold__f100__close_iterations=0_threshold_value=200/00_input.png,data/tests/detection/_shared_inputs/video_36/frame_100.png,deduplicate_identical_input,408403,1,6992a6a0b05cb22e434aa007702da4a044933b04ade3ed313bc30bac43e12dd0,True
results/tests/36/threshold__f100__close_iterations=0_threshold_value=200/detections.csv,data/tests/detection/threshold/legacy_t200_c0__cfg1359249f/frame_screening/video_36/frame_100/threshold__f100__close_iterations_0_threshold_value_200/detections.csv,move_file,7675,1,81967a2ddaa01df8855f3fe505d6f6f0a18b6b46ba121621ec287ff8043c56d8,True
results/tests/36/threshold__f100__close_iterations=0_threshold_value=200/detections.png,data/tests/detection/threshold/legacy_t200_c0__cfg1359249f/frame_screening/video_36/frame_100/threshold__f100__close_iterations_0_threshold_value_200/detections.png,move_file,444742,1,f2c7d4a04d2cb4bb6bcace3b2566f682be2585a9c4acee9302cd4c92de4f06a1,True
results/tests/36/threshold__f100__close_iterations=0_threshold_value=200/summary.json,data/tests/detection/threshold/legacy_t200_c0__cfg1359249f/frame_screening/video_36/frame_100/threshold__f100__close_iterations_0_threshold_value_200/summary.json,move_file,5952,1,78f27c6b2ed36caeec763263e9585b31d6fbdefb1a57a59c69c09c316296295e,True
results/tests/36/threshold__f100__close_iterations=2_threshold_value=200/00_input.png,data/tests/detection/_shared_inputs/video_36/frame_100.png,deduplicate_identical_input,408403,1,6992a6a0b05cb22e434aa007702da4a044933b04ade3ed313bc30bac43e12dd0,True
results/tests/36/threshold__f100__close_iterations=2_threshold_value=200/detections.csv,data/tests/detection/threshold/legacy_t200_c2__cfg5d0522c8/frame_screening/video_36/frame_100/threshold__f100__close_iterations_2_threshold_value_200/detections.csv,move_file,7547,1,53b438c3747b6320b71b1eed45549b6264371d5483359d589dae86c1d5fe3b5b,True
results/tests/36/threshold__f100__close_iterations=2_threshold_value=200/detections.png,data/tests/detection/threshold/legacy_t200_c2__cfg5d0522c8/frame_screening/video_36/frame_100/threshold__f100__close_iterations_2_threshold_value_200/detections.png,move_file,444843,1,1226304402acd0e0324a787a4085d8a7ce1f53ee527ed72f89b7374f5616b05e,True
results/tests/36/threshold__f100__close_iterations=2_threshold_value=200/summary.json,data/tests/detection/threshold/legacy_t200_c2__cfg5d0522c8/frame_screening/video_36/frame_100/threshold__f100__close_iterations_2_threshold_value_200/summary.json,move_file,5772,1,cb47ae6485a74084499098000b84e3e41d0d0a6b35691cf3e0e2e069aad80215,True
results/tests/36/threshold__f100__morph_iterations=2/00_input.png,data/tests/detection/_shared_inputs/video_36/frame_100.png,deduplicate_identical_input,408403,1,6992a6a0b05cb22e434aa007702da4a044933b04ade3ed313bc30bac43e12dd0,True
results/tests/36/threshold__f100__morph_iterations=2/detections.csv,data/tests/detection/otsu/legacy_otsu_defaults__cfg76e32ed9/frame_screening/video_36/frame_100/threshold__f100__morph_iterations_2/detections.csv,move_file,7803,1,cb7fe2e24ddbbf20d7df42c5aec16c4a518056857302b2d8705bbec147950370,True
results/tests/36/threshold__f100__morph_iterations=2/detections.png,data/tests/detection/otsu/legacy_otsu_defaults__cfg76e32ed9/frame_screening/video_36/frame_100/threshold__f100__morph_iterations_2/detections.png,move_file,446605,1,f07c9a3779aa381f0af929885675d5202253d79a81019ee36cf972eb09eed804,True
results/tests/36/threshold__f100__morph_iterations=2/summary.json,data/tests/detection/otsu/legacy_otsu_defaults__cfg76e32ed9/frame_screening/video_36/frame_100/threshold__f100__morph_iterations_2/summary.json,move_file,6112,1,e4382084e62ebdd795dd5f39fc2d349d2025be9f896dc18db86558dab77d32a6,True
results/tests/36/threshold__f100__morph_iterations=2_threshold_value=200/00_input.png,data/tests/detection/_shared_inputs/video_36/frame_100.png,deduplicate_identical_input,408403,1,6992a6a0b05cb22e434aa007702da4a044933b04ade3ed313bc30bac43e12dd0,True
results/tests/36/threshold__f100__morph_iterations=2_threshold_value=200/detections.csv,data/tests/detection/threshold/legacy_t200_o2__cfga13617b6/frame_screening/video_36/frame_100/threshold__f100__morph_iterations_2_threshold_value_200/detections.csv,move_file,5758,1,2deacb6bede6359244fe5059848106bbc4910c80cdc27e34ddc3e752155adc5b,True
results/tests/36/threshold__f100__morph_iterations=2_threshold_value=200/detections.png,data/tests/detection/threshold/legacy_t200_o2__cfga13617b6/frame_screening/video_36/frame_100/threshold__f100__morph_iterations_2_threshold_value_200/detections.png,move_file,446376,1,f11df879857f90e9ae376b35bbee68accf038acde089c5debfa71f3b20a1d99d,True
results/tests/36/threshold__f100__morph_iterations=2_threshold_value=200/summary.json,data/tests/detection/threshold/legacy_t200_o2__cfga13617b6/frame_screening/video_36/frame_100/threshold__f100__morph_iterations_2_threshold_value_200/summary.json,move_file,2821,1,11a49a34dc83dfcc65a1301d036082d19d09a2f703c9092c3cd18132b7c8a1e5,True
results/tests/36/threshold__f100__threshold_value=180/00_input.png,data/tests/detection/_shared_inputs/video_36/frame_100.png,deduplicate_identical_input,408403,1,6992a6a0b05cb22e434aa007702da4a044933b04ade3ed313bc30bac43e12dd0,True
results/tests/36/threshold__f100__threshold_value=180/detections.csv,data/tests/detection/threshold/legacy_t180__cfg1fd3f76e/frame_screening/video_36/frame_100/threshold__f100__threshold_value_180/detections.csv,move_file,8741,1,199362adfff6a843d577a845c83ad3fb6449ed0640511def563797290857b5b4,True
results/tests/36/threshold__f100__threshold_value=180/detections.png,data/tests/detection/threshold/legacy_t180__cfg1fd3f76e/frame_screening/video_36/frame_100/threshold__f100__threshold_value_180/detections.png,move_file,444267,1,31955d578a8c40df7b65598b8985bf1152863d00e3dfb41d62fadaf207784875,True
results/tests/36/threshold__f100__threshold_value=180/summary.json,data/tests/detection/threshold/legacy_t180__cfg1fd3f76e/frame_screening/video_36/frame_100/threshold__f100__threshold_value_180/summary.json,move_file,7696,1,3aad8f735e461fb99f4b93705bb3b72c5dc50d2a3ad7d7b91a4494fb0e94d806,True
results/tests/36/threshold__f100__threshold_value=190/00_input.png,data/tests/detection/_shared_inputs/video_36/frame_100.png,deduplicate_identical_input,408403,1,6992a6a0b05cb22e434aa007702da4a044933b04ade3ed313bc30bac43e12dd0,True
results/tests/36/threshold__f100__threshold_value=190/detections.csv,data/tests/detection/threshold/legacy_t190__cfgfeeed012/frame_screening/video_36/frame_100/threshold__f100__threshold_value_190/detections.csv,move_file,8347,1,54859f007cdcd2df24e78ce40efbfe9af36fb4847d12279656cc612a3aa33061,True
results/tests/36/threshold__f100__threshold_value=190/detections.png,data/tests/detection/threshold/legacy_t190__cfgfeeed012/frame_screening/video_36/frame_100/threshold__f100__threshold_value_190/detections.png,move_file,444408,1,85d732683309a3c7670294179cf46d1365258911aada404817db5c37502e8437,True
results/tests/36/threshold__f100__threshold_value=190/summary.json,data/tests/detection/threshold/legacy_t190__cfgfeeed012/frame_screening/video_36/frame_100/threshold__f100__threshold_value_190/summary.json,move_file,7041,1,4c3d3c3fe4875bc52cd30d0185baffcd672a642cfd7db8cc8707edcda540b284,True
results/tests/36/threshold__f100__threshold_value=200/00_input.png,data/tests/detection/_shared_inputs/video_36/frame_100.png,deduplicate_identical_input,408403,1,6992a6a0b05cb22e434aa007702da4a044933b04ade3ed313bc30bac43e12dd0,True
results/tests/36/threshold__f100__threshold_value=200/detections.csv,data/tests/detection/threshold/legacy_t200__cfg1f8f28ac/frame_screening/video_36/frame_100/threshold__f100__threshold_value_200/detections.csv,move_file,7611,1,a0821450da68ac7bbdbe8aff1951aae23e147d8211d7e08fc07ae10870d0271e,True
results/tests/36/threshold__f100__threshold_value=200/detections.png,data/tests/detection/threshold/legacy_t200__cfg1f8f28ac/frame_screening/video_36/frame_100/threshold__f100__threshold_value_200/detections.png,move_file,444877,1,48b7ce508c8ed151300ce6a0e1f064532b5d0b34b95949d962560422cb5eae27,True
results/tests/36/threshold__f100__threshold_value=200/summary.json,data/tests/detection/threshold/legacy_t200__cfg1f8f28ac/frame_screening/video_36/frame_100/threshold__f100__threshold_value_200/summary.json,move_file,5832,1,f735cdd161dfe07473c705170092245854ecec96c162c32d2a9f41a2d49d1291,True
results/tests/36/threshold__f100__threshold_value=210/00_input.png,data/tests/detection/_shared_inputs/video_36/frame_100.png,deduplicate_identical_input,408403,1,6992a6a0b05cb22e434aa007702da4a044933b04ade3ed313bc30bac43e12dd0,True
results/tests/36/threshold__f100__threshold_value=210/detections.csv,data/tests/detection/threshold/legacy_t210__cfg4310fa76/frame_screening/video_36/frame_100/threshold__f100__threshold_value_210/detections.csv,move_file,7406,1,037fad68d59862a0fa85ce3804479cfc02efce103feaad23900d155406da36fb,True
results/tests/36/threshold__f100__threshold_value=210/detections.png,data/tests/detection/threshold/legacy_t210__cfg4310fa76/frame_screening/video_36/frame_100/threshold__f100__threshold_value_210/detections.png,move_file,445048,1,c73a2e44ff5bb583fe9c49326b77d21debbae3f4c1cb13f28d243e78b661b5b1,True
results/tests/36/threshold__f100__threshold_value=210/summary.json,data/tests/detection/threshold/legacy_t210__cfg4310fa76/frame_screening/video_36/frame_100/threshold__f100__threshold_value_210/summary.json,move_file,5497,1,f32d8ee560480fa4d27a4f33d77c0db3f5f8e2afded54ac9d938804c534deefa,True
results/tests/36/threshold__f50/00_input.png,data/tests/detection/_shared_inputs/video_36/frame_50.png,move_file,404343,1,c24955fef221390291206238dd495441d97e16567aef44ac685cc3e0dcf0dc89,True
results/tests/36/threshold__f50/detections.csv,data/tests/detection/otsu/legacy_otsu_defaults__cfgbbaffb3e/frame_screening/video_36/frame_50/threshold__f50/detections.csv,move_file,8893,1,5005d429bba3694b06cb76984d40df6f4f4b74d05e6851e18f557bd132aebe90,True
results/tests/36/threshold__f50/detections.png,data/tests/detection/otsu/legacy_otsu_defaults__cfgbbaffb3e/frame_screening/video_36/frame_50/threshold__f50/detections.png,move_file,441115,1,8f933caecf926849b60a40f710394f7e45707e80fba72d49a741d046ddb32751,True
results/tests/36/threshold__f50/summary.json,data/tests/detection/otsu/legacy_otsu_defaults__cfgbbaffb3e/frame_screening/video_36/frame_50/threshold__f50/summary.json,move_file,8333,1,33ceac853d72b34b038b4c93610f0ed2bb16d675f5d056670c3255efad570fdb,True
results/tests/36/threshold__f50__close_iterations=0/00_input.png,data/tests/detection/_shared_inputs/video_36/frame_50.png,deduplicate_identical_input,404343,1,c24955fef221390291206238dd495441d97e16567aef44ac685cc3e0dcf0dc89,True
results/tests/36/threshold__f50__close_iterations=0/detections.csv,data/tests/detection/otsu/legacy_otsu_defaults__cfg4633c2bb/frame_screening/video_36/frame_50/threshold__f50__close_iterations_0/detections.csv,move_file,9220,1,92ab4731a3d22cf122d9d33ddad490d1535c433c1b91b3b983eaea4904d8e79b,True
results/tests/36/threshold__f50__close_iterations=0/detections.png,data/tests/detection/otsu/legacy_otsu_defaults__cfg4633c2bb/frame_screening/video_36/frame_50/threshold__f50__close_iterations_0/detections.png,move_file,441016,1,4f1b16dbc63a59032663551b73614cc6e96f4a1114f5f3dc5a5b0881b35ae64c,True
results/tests/36/threshold__f50__close_iterations=0/summary.json,data/tests/detection/otsu/legacy_otsu_defaults__cfg4633c2bb/frame_screening/video_36/frame_50/threshold__f50__close_iterations_0/summary.json,move_file,8899,1,1ef147222a631c9e5c85568b7f4b7b51f66741aa306134231ae67c2e46b0ed4b,True
results/tests/36/threshold__f50__close_iterations=0_threshold_value=200/00_input.png,data/tests/detection/_shared_inputs/video_36/frame_50.png,deduplicate_identical_input,404343,1,c24955fef221390291206238dd495441d97e16567aef44ac685cc3e0dcf0dc89,True
results/tests/36/threshold__f50__close_iterations=0_threshold_value=200/detections.csv,data/tests/detection/threshold/legacy_t200_c0__cfg1359249f/frame_screening/video_36/frame_50/threshold__f50__close_iterations_0_threshold_value_200/detections.csv,move_file,7554,1,29b64874ed25ef518d6f57466ff8b4d5073f1246cf938e0280066db8e459a5fc,True
results/tests/36/threshold__f50__close_iterations=0_threshold_value=200/detections.png,data/tests/detection/threshold/legacy_t200_c0__cfg1359249f/frame_screening/video_36/frame_50/threshold__f50__close_iterations_0_threshold_value_200/detections.png,move_file,440424,1,2eeba715d1c6460fe2b315cac3ca2a8b784442b40e19e3b6aee4ae1d54e6e70f,True
results/tests/36/threshold__f50__close_iterations=0_threshold_value=200/summary.json,data/tests/detection/threshold/legacy_t200_c0__cfg1359249f/frame_screening/video_36/frame_50/threshold__f50__close_iterations_0_threshold_value_200/summary.json,move_file,6172,1,543a17733090e96c865800e6a37dc9aecd6061e9c1ad5d8553506fc15ab7fdc4,True
results/tests/36/threshold__f50__close_iterations=2_threshold_value=200/00_input.png,data/tests/detection/_shared_inputs/video_36/frame_50.png,deduplicate_identical_input,404343,1,c24955fef221390291206238dd495441d97e16567aef44ac685cc3e0dcf0dc89,True
results/tests/36/threshold__f50__close_iterations=2_threshold_value=200/detections.csv,data/tests/detection/threshold/legacy_t200_c2__cfg5d0522c8/frame_screening/video_36/frame_50/threshold__f50__close_iterations_2_threshold_value_200/detections.csv,move_file,7298,1,3e783f54061c41d6804206916abd8661dc06270f0a843f507e5b7e0c7b9e2c23,True
results/tests/36/threshold__f50__close_iterations=2_threshold_value=200/detections.png,data/tests/detection/threshold/legacy_t200_c2__cfg5d0522c8/frame_screening/video_36/frame_50/threshold__f50__close_iterations_2_threshold_value_200/detections.png,move_file,440610,1,9d895c28eec1d5e14e297821abddb148bf6ba2c4adc54f3c1fba26c5968b9c7a,True
results/tests/36/threshold__f50__close_iterations=2_threshold_value=200/summary.json,data/tests/detection/threshold/legacy_t200_c2__cfg5d0522c8/frame_screening/video_36/frame_50/threshold__f50__close_iterations_2_threshold_value_200/summary.json,move_file,5769,1,817b8c1c9b76789029c0948a8b4b0db2e8db8fd4848f9e817cde7ad80298eeb3,True
results/tests/36/threshold__f50__morph_iterations=2/00_input.png,data/tests/detection/_shared_inputs/video_36/frame_50.png,deduplicate_identical_input,404343,1,c24955fef221390291206238dd495441d97e16567aef44ac685cc3e0dcf0dc89,True
results/tests/36/threshold__f50__morph_iterations=2/detections.csv,data/tests/detection/otsu/legacy_otsu_defaults__cfg76e32ed9/frame_screening/video_36/frame_50/threshold__f50__morph_iterations_2/detections.csv,move_file,7217,1,9ce36513658cf7b84b2e61fac6d61e6df303fc55b2e5ff605c20975463dd0879,True
results/tests/36/threshold__f50__morph_iterations=2/detections.png,data/tests/detection/otsu/legacy_otsu_defaults__cfg76e32ed9/frame_screening/video_36/frame_50/threshold__f50__morph_iterations_2/detections.png,move_file,441986,1,1313174188caf1aabf5baec016c30a111705267145fc57fe2393e662f9b376b6,True
results/tests/36/threshold__f50__morph_iterations=2/summary.json,data/tests/detection/otsu/legacy_otsu_defaults__cfg76e32ed9/frame_screening/video_36/frame_50/threshold__f50__morph_iterations_2/summary.json,move_file,5555,1,c4bfb0ad6045c94c50fc42452da8ac5574ed0b65d46347052083e74f88e445d7,True
results/tests/36/threshold__f50__morph_iterations=2_threshold_value=200/00_input.png,data/tests/detection/_shared_inputs/video_36/frame_50.png,deduplicate_identical_input,404343,1,c24955fef221390291206238dd495441d97e16567aef44ac685cc3e0dcf0dc89,True
results/tests/36/threshold__f50__morph_iterations=2_threshold_value=200/detections.csv,data/tests/detection/threshold/legacy_t200_o2__cfga13617b6/frame_screening/video_36/frame_50/threshold__f50__morph_iterations_2_threshold_value_200/detections.csv,move_file,5856,1,45a00802d5f42aece44de8f16bd75bd89aa759ffd54fb6a76ad98ed1eb4ab3d3,True
results/tests/36/threshold__f50__morph_iterations=2_threshold_value=200/detections.png,data/tests/detection/threshold/legacy_t200_o2__cfga13617b6/frame_screening/video_36/frame_50/threshold__f50__morph_iterations_2_threshold_value_200/detections.png,move_file,441615,1,c04bb000dbc8a4c4d1ec25b3292a47cb9e83b7f55ccb75ebf4a02fa26c0e4122,True
results/tests/36/threshold__f50__morph_iterations=2_threshold_value=200/summary.json,data/tests/detection/threshold/legacy_t200_o2__cfga13617b6/frame_screening/video_36/frame_50/threshold__f50__morph_iterations_2_threshold_value_200/summary.json,move_file,3361,1,37f7f109cfe441960144dcc37740cb6363e878cf7a1f33d7068f464ab62eb860,True
results/tests/36/threshold__f50__threshold_value=180/00_input.png,data/tests/detection/_shared_inputs/video_36/frame_50.png,deduplicate_identical_input,404343,1,c24955fef221390291206238dd495441d97e16567aef44ac685cc3e0dcf0dc89,True
results/tests/36/threshold__f50__threshold_value=180/detections.csv,data/tests/detection/threshold/legacy_t180__cfg1fd3f76e/frame_screening/video_36/frame_50/threshold__f50__threshold_value_180/detections.csv,move_file,8029,1,d298dec3525b3143abcf3dc27501a6a078c20e1f3eaf4c238d69f497cb3b7d50,True
results/tests/36/threshold__f50__threshold_value=180/detections.png,data/tests/detection/threshold/legacy_t180__cfg1fd3f76e/frame_screening/video_36/frame_50/threshold__f50__threshold_value_180/detections.png,move_file,440421,1,b0052778a2e15f2c1291e922a3dbd81f954a4301f6038722d16420cdf020478c,True
results/tests/36/threshold__f50__threshold_value=180/summary.json,data/tests/detection/threshold/legacy_t180__cfg1fd3f76e/frame_screening/video_36/frame_50/threshold__f50__threshold_value_180/summary.json,move_file,6942,1,1bc492756963f5daf2bedad619576ed5f8ecb5e5930bebefc00a893fab5943fe,True
results/tests/36/threshold__f50__threshold_value=190/00_input.png,data/tests/detection/_shared_inputs/video_36/frame_50.png,deduplicate_identical_input,404343,1,c24955fef221390291206238dd495441d97e16567aef44ac685cc3e0dcf0dc89,True
results/tests/36/threshold__f50__threshold_value=190/detections.csv,data/tests/detection/threshold/legacy_t190__cfgfeeed012/frame_screening/video_36/frame_50/threshold__f50__threshold_value_190/detections.csv,move_file,7890,1,56e59f1d695b1a908fff7eeb42f749056f47f667df044eac42700d65777871f2,True
results/tests/36/threshold__f50__threshold_value=190/detections.png,data/tests/detection/threshold/legacy_t190__cfgfeeed012/frame_screening/video_36/frame_50/threshold__f50__threshold_value_190/detections.png,move_file,440144,1,69834e6820673070807e27deb36b451cf4f494b1a0c8f6dd827f638f22c27da4,True
results/tests/36/threshold__f50__threshold_value=190/summary.json,data/tests/detection/threshold/legacy_t190__cfgfeeed012/frame_screening/video_36/frame_50/threshold__f50__threshold_value_190/summary.json,move_file,6713,1,9808243e7df0f7bcf7a6958b8fb0dc24f82767492eb90b83970a59a6ebf7b142,True
results/tests/36/threshold__f50__threshold_value=200/00_input.png,data/tests/detection/_shared_inputs/video_36/frame_50.png,deduplicate_identical_input,404343,1,c24955fef221390291206238dd495441d97e16567aef44ac685cc3e0dcf0dc89,True
results/tests/36/threshold__f50__threshold_value=200/detections.csv,data/tests/detection/threshold/legacy_t200__cfg1f8f28ac/frame_screening/video_36/frame_50/threshold__f50__threshold_value_200/detections.csv,move_file,7489,1,9b0e172f9f2ef8a573bdb2b44f22a41e8614987b2d4164cad49e30b597bb47fc,True
results/tests/36/threshold__f50__threshold_value=200/detections.png,data/tests/detection/threshold/legacy_t200__cfg1f8f28ac/frame_screening/video_36/frame_50/threshold__f50__threshold_value_200/detections.png,move_file,440531,1,a553c6a4af83fbd601db31b5ecfc1bd29884f142e2bc38ce9e2340b3552908df,True
results/tests/36/threshold__f50__threshold_value=200/summary.json,data/tests/detection/threshold/legacy_t200__cfg1f8f28ac/frame_screening/video_36/frame_50/threshold__f50__threshold_value_200/summary.json,move_file,6048,1,6633e987ea17a6d90808ad3dd513554026838c96439fea50a08740bf3aff99bc,True
results/tests/36/threshold__f50__threshold_value=210/00_input.png,data/tests/detection/_shared_inputs/video_36/frame_50.png,deduplicate_identical_input,404343,1,c24955fef221390291206238dd495441d97e16567aef44ac685cc3e0dcf0dc89,True
results/tests/36/threshold__f50__threshold_value=210/detections.csv,data/tests/detection/threshold/legacy_t210__cfg4310fa76/frame_screening/video_36/frame_50/threshold__f50__threshold_value_210/detections.csv,move_file,7348,1,21c32bc74abc3d0dbc9bcf49fd679830bcd2c625e8428ec523f47d3830687eff,True
results/tests/36/threshold__f50__threshold_value=210/detections.png,data/tests/detection/threshold/legacy_t210__cfg4310fa76/frame_screening/video_36/frame_50/threshold__f50__threshold_value_210/detections.png,move_file,440578,1,90e16ba23f398ea9d6fc320d8218c2ea859f2c8112f3fe57a67fc8a65c2d26cc,True
results/tests/36/threshold__f50__threshold_value=210/summary.json,data/tests/detection/threshold/legacy_t210__cfg4310fa76/frame_screening/video_36/frame_50/threshold__f50__threshold_value_210/summary.json,move_file,5818,1,7565f9e38df502b3176585b1d7eed0292f7465b1276f5d137d19c223458dd56c,True
results/tests/38/threshold__f0/00_input.png,data/tests/detection/_shared_inputs/video_38/frame_0.png,move_file,279244,1,729acf0f307d29e54dfd796f4c860f50a4a6bf00e7cabae0f0851b07c591ff98,True
results/tests/38/threshold__f0/detections.csv,data/tests/detection/otsu/legacy_otsu_defaults__cfgbbaffb3e/frame_screening/video_38/frame_0/threshold__f0/detections.csv,move_file,1931,1,e48bcaee93a2fca3b8b3174b5106ea29100b797519e7c0bf9ed4a4a835392fa1,True
results/tests/38/threshold__f0/detections.png,data/tests/detection/otsu/legacy_otsu_defaults__cfgbbaffb3e/frame_screening/video_38/frame_0/threshold__f0/detections.png,move_file,297433,1,ebb44c1939b2e8d01ca95ef5b2f7cb9ea7cbc77488817abb61a705d8082f2462,True
results/tests/38/threshold__f0/summary.json,data/tests/detection/otsu/legacy_otsu_defaults__cfgbbaffb3e/frame_screening/video_38/frame_0/threshold__f0/summary.json,move_file,1974,1,fe4e5040b8e2941b079d208607fd1aae11adf0d10df70bac847cb875e2d31d04,True
results/tests/38/threshold__f0__close_iterations=0/00_input.png,data/tests/detection/_shared_inputs/video_38/frame_0.png,deduplicate_identical_input,279244,1,729acf0f307d29e54dfd796f4c860f50a4a6bf00e7cabae0f0851b07c591ff98,True
results/tests/38/threshold__f0__close_iterations=0/detections.csv,data/tests/detection/otsu/legacy_otsu_defaults__cfg4633c2bb/frame_screening/video_38/frame_0/threshold__f0__close_iterations_0/detections.csv,move_file,2061,1,3118d416f27eb35ed238bc2672f250fc2830c45e43e16962f7727769859a8e15,True
results/tests/38/threshold__f0__close_iterations=0/detections.png,data/tests/detection/otsu/legacy_otsu_defaults__cfg4633c2bb/frame_screening/video_38/frame_0/threshold__f0__close_iterations_0/detections.png,move_file,297536,1,cdce290356168e44d3b776928c00a509aee2e31835606c0ca2e46524f890bf67,True
results/tests/38/threshold__f0__close_iterations=0/summary.json,data/tests/detection/otsu/legacy_otsu_defaults__cfg4633c2bb/frame_screening/video_38/frame_0/threshold__f0__close_iterations_0/summary.json,move_file,2212,1,006ba24fe64a5200a684b0a29a5a0088b442400c5bf98c83224e7385a2ad0d6f,True
results/tests/38/threshold__f0__close_iterations=0_threshold_value=200/00_input.png,data/tests/detection/_shared_inputs/video_38/frame_0.png,deduplicate_identical_input,279244,1,729acf0f307d29e54dfd796f4c860f50a4a6bf00e7cabae0f0851b07c591ff98,True
results/tests/38/threshold__f0__close_iterations=0_threshold_value=200/detections.csv,data/tests/detection/threshold/legacy_t200_c0__cfg1359249f/frame_screening/video_38/frame_0/threshold__f0__close_iterations_0_threshold_value_200/detections.csv,move_file,2101,1,9337ce01ec36af58eba5000429af40e74eae2fec4eff3505244201e709e47058,True
results/tests/38/threshold__f0__close_iterations=0_threshold_value=200/detections.png,data/tests/detection/threshold/legacy_t200_c0__cfg1359249f/frame_screening/video_38/frame_0/threshold__f0__close_iterations_0_threshold_value_200/detections.png,move_file,296172,1,afeac211d3410fb712995d5d07c0342f7d31f8e0612181660047ca4491467b18,True
results/tests/38/threshold__f0__close_iterations=0_threshold_value=200/summary.json,data/tests/detection/threshold/legacy_t200_c0__cfg1359249f/frame_screening/video_38/frame_0/threshold__f0__close_iterations_0_threshold_value_200/summary.json,move_file,2351,1,f226968e1a1ae70c80c6f2b74dda5a22d18526e649d8900fd6371951cb43cfe8,True
results/tests/38/threshold__f0__close_iterations=2_threshold_value=200/00_input.png,data/tests/detection/_shared_inputs/video_38/frame_0.png,deduplicate_identical_input,279244,1,729acf0f307d29e54dfd796f4c860f50a4a6bf00e7cabae0f0851b07c591ff98,True
results/tests/38/threshold__f0__close_iterations=2_threshold_value=200/detections.csv,data/tests/detection/threshold/legacy_t200_c2__cfg5d0522c8/frame_screening/video_38/frame_0/threshold__f0__close_iterations_2_threshold_value_200/detections.csv,move_file,1914,1,da9a0f9d6e1b50c32216f5249adba72afaecf5b1af272e36deff063fe5e2d040,True
results/tests/38/threshold__f0__close_iterations=2_threshold_value=200/detections.png,data/tests/detection/threshold/legacy_t200_c2__cfg5d0522c8/frame_screening/video_38/frame_0/threshold__f0__close_iterations_2_threshold_value_200/detections.png,move_file,296270,1,7ff2b96467172484d346ae54138801d526221f3e4306e7c049653d9532d5b7d9,True
results/tests/38/threshold__f0__close_iterations=2_threshold_value=200/summary.json,data/tests/detection/threshold/legacy_t200_c2__cfg5d0522c8/frame_screening/video_38/frame_0/threshold__f0__close_iterations_2_threshold_value_200/summary.json,move_file,2059,1,f83ab1d788f4c20d97ea7317c12549319b333e10f50b2bb39a12cc8478fdec7f,True
results/tests/38/threshold__f0__morph_iterations=2/00_input.png,data/tests/detection/_shared_inputs/video_38/frame_0.png,deduplicate_identical_input,279244,1,729acf0f307d29e54dfd796f4c860f50a4a6bf00e7cabae0f0851b07c591ff98,True
results/tests/38/threshold__f0__morph_iterations=2/detections.csv,data/tests/detection/otsu/legacy_otsu_defaults__cfg76e32ed9/frame_screening/video_38/frame_0/threshold__f0__morph_iterations_2/detections.csv,move_file,1932,1,b618e2e4c5895d02cf30cdc2b59b518f76a8715126ab5150e77dd881811115ed,True
results/tests/38/threshold__f0__morph_iterations=2/detections.png,data/tests/detection/otsu/legacy_otsu_defaults__cfg76e32ed9/frame_screening/video_38/frame_0/threshold__f0__morph_iterations_2/detections.png,move_file,297407,1,cbe27c8f250241c8d5116c2f35b58be09d5d27d2c8797812c12b014b4b96f115,True
results/tests/38/threshold__f0__morph_iterations=2/summary.json,data/tests/detection/otsu/legacy_otsu_defaults__cfg76e32ed9/frame_screening/video_38/frame_0/threshold__f0__morph_iterations_2/summary.json,move_file,2026,1,11ab84e680a7a6a090fdf78ab253387e087cdf3f251cc2ed3d1f40e25177979b,True
results/tests/38/threshold__f0__morph_iterations=2_threshold_value=200/00_input.png,data/tests/detection/_shared_inputs/video_38/frame_0.png,deduplicate_identical_input,279244,1,729acf0f307d29e54dfd796f4c860f50a4a6bf00e7cabae0f0851b07c591ff98,True
results/tests/38/threshold__f0__morph_iterations=2_threshold_value=200/detections.csv,data/tests/detection/threshold/legacy_t200_o2__cfga13617b6/frame_screening/video_38/frame_0/threshold__f0__morph_iterations_2_threshold_value_200/detections.csv,move_file,1720,1,0b2d5385abb2656c092fd3f078bbb90421657ef1f5e9a00c4b70a33f5ec73df9,True
results/tests/38/threshold__f0__morph_iterations=2_threshold_value=200/detections.png,data/tests/detection/threshold/legacy_t200_o2__cfga13617b6/frame_screening/video_38/frame_0/threshold__f0__morph_iterations_2_threshold_value_200/detections.png,move_file,296611,1,d96a7293bd132a634e7bf9f19e8b465af2b42f88b4cf99fbe441dafbb1cfd80c,True
results/tests/38/threshold__f0__morph_iterations=2_threshold_value=200/summary.json,data/tests/detection/threshold/legacy_t200_o2__cfga13617b6/frame_screening/video_38/frame_0/threshold__f0__morph_iterations_2_threshold_value_200/summary.json,move_file,1730,1,fa7a9776f87c50afb2a0a8642567bf500c22ae20af1bfb18fe26f589d58f4a3d,True
results/tests/38/threshold__f0__threshold_value=180/00_input.png,data/tests/detection/_shared_inputs/video_38/frame_0.png,deduplicate_identical_input,279244,1,729acf0f307d29e54dfd796f4c860f50a4a6bf00e7cabae0f0851b07c591ff98,True
results/tests/38/threshold__f0__threshold_value=180/detections.csv,data/tests/detection/threshold/legacy_t180__cfg1fd3f76e/frame_screening/video_38/frame_0/threshold__f0__threshold_value_180/detections.csv,move_file,1924,1,14becdd3687442ca692067fd778561d18f6d3bd373394a5b0816a43e344aedb2,True
results/tests/38/threshold__f0__threshold_value=180/detections.png,data/tests/detection/threshold/legacy_t180__cfg1fd3f76e/frame_screening/video_38/frame_0/threshold__f0__threshold_value_180/detections.png,move_file,296462,1,48d30eb4e9d07ce50e45d0f0fb16ca332dd9dae2c51185abcb9c99439eaba8ad,True
results/tests/38/threshold__f0__threshold_value=180/summary.json,data/tests/detection/threshold/legacy_t180__cfg1fd3f76e/frame_screening/video_38/frame_0/threshold__f0__threshold_value_180/summary.json,move_file,2022,1,598e031cd51bffd329d7eb68022d85911375e37196d5537cb326eb07b76619ad,True
results/tests/38/threshold__f0__threshold_value=190/00_input.png,data/tests/detection/_shared_inputs/video_38/frame_0.png,deduplicate_identical_input,279244,1,729acf0f307d29e54dfd796f4c860f50a4a6bf00e7cabae0f0851b07c591ff98,True
results/tests/38/threshold__f0__threshold_value=190/detections.csv,data/tests/detection/threshold/legacy_t190__cfgfeeed012/frame_screening/video_38/frame_0/threshold__f0__threshold_value_190/detections.csv,move_file,1980,1,8295ca16302ff5a7ef327e18b4f79df42da561e23e3996401ad0d3f912902157,True
results/tests/38/threshold__f0__threshold_value=190/detections.png,data/tests/detection/threshold/legacy_t190__cfgfeeed012/frame_screening/video_38/frame_0/threshold__f0__threshold_value_190/detections.png,move_file,296124,1,78ecfcf44a4e1b3d572a5703de33d830d4bc2f0bf9e5f2fb7ae8c62fb51e4120,True
results/tests/38/threshold__f0__threshold_value=190/summary.json,data/tests/detection/threshold/legacy_t190__cfgfeeed012/frame_screening/video_38/frame_0/threshold__f0__threshold_value_190/summary.json,move_file,2124,1,e3a6dd20b571026605dd485d6f579031e11d4df87f360bbc07c79bd809e01c2a,True
results/tests/38/threshold__f0__threshold_value=200/00_input.png,data/tests/detection/_shared_inputs/video_38/frame_0.png,deduplicate_identical_input,279244,1,729acf0f307d29e54dfd796f4c860f50a4a6bf00e7cabae0f0851b07c591ff98,True
results/tests/38/threshold__f0__threshold_value=200/detections.csv,data/tests/detection/threshold/legacy_t200__cfg1f8f28ac/frame_screening/video_38/frame_0/threshold__f0__threshold_value_200/detections.csv,move_file,2039,1,198008126c8f13b673e9badf4bd615f905cdc65cb65d810e4ad921829f4563af,True
results/tests/38/threshold__f0__threshold_value=200/detections.png,data/tests/detection/threshold/legacy_t200__cfg1f8f28ac/frame_screening/video_38/frame_0/threshold__f0__threshold_value_200/detections.png,move_file,296189,1,401e45f2a0a59e30da6af1eb57598d3ea15348a39ee5336ca269d670db41725d,True
results/tests/38/threshold__f0__threshold_value=200/summary.json,data/tests/detection/threshold/legacy_t200__cfg1f8f28ac/frame_screening/video_38/frame_0/threshold__f0__threshold_value_200/summary.json,move_file,2227,1,6921cd12de0fa7ea9200f43038f931a8f954c0a45481658b905a78397bed7827,True
results/tests/38/threshold__f0__threshold_value=210/00_input.png,data/tests/detection/_shared_inputs/video_38/frame_0.png,deduplicate_identical_input,279244,1,729acf0f307d29e54dfd796f4c860f50a4a6bf00e7cabae0f0851b07c591ff98,True
results/tests/38/threshold__f0__threshold_value=210/detections.csv,data/tests/detection/threshold/legacy_t210__cfg4310fa76/frame_screening/video_38/frame_0/threshold__f0__threshold_value_210/detections.csv,move_file,2099,1,9db15bcce047aaa1c7a920796df6a9a0be08ce992f2f23a14da7187ea7fc83ea,True
results/tests/38/threshold__f0__threshold_value=210/detections.png,data/tests/detection/threshold/legacy_t210__cfg4310fa76/frame_screening/video_38/frame_0/threshold__f0__threshold_value_210/detections.png,move_file,296217,1,43e2111713bb22a137e57cb57feb0bde708aa105fb6920150400f96fdd70b880,True
results/tests/38/threshold__f0__threshold_value=210/summary.json,data/tests/detection/threshold/legacy_t210__cfg4310fa76/frame_screening/video_38/frame_0/threshold__f0__threshold_value_210/summary.json,move_file,2333,1,4a76bd2b520f0af9ad8a10a7fd0321489cd7fa1ed10620cd943d62aefbfb29d0,True
results/tests/38/threshold__f100/00_input.png,data/tests/detection/_shared_inputs/video_38/frame_100.png,move_file,200485,1,d03bc616c7a11c0c4dd625bae98876c264885b05021b3f3b2743422d7eb590ac,True
results/tests/38/threshold__f100/detections.csv,data/tests/detection/otsu/legacy_otsu_defaults__cfgbbaffb3e/frame_screening/video_38/frame_100/threshold__f100/detections.csv,move_file,2248,1,904381a59b51da554bc23101032b19b2af08db9d77ef28330d56335415664dd7,True
results/tests/38/threshold__f100/detections.png,data/tests/detection/otsu/legacy_otsu_defaults__cfgbbaffb3e/frame_screening/video_38/frame_100/threshold__f100/detections.png,move_file,218724,1,3f9ff0b7815fbf68cd4acae4832f262013c64aee5b0d771171732187f4c293a3,True
results/tests/38/threshold__f100/summary.json,data/tests/detection/otsu/legacy_otsu_defaults__cfgbbaffb3e/frame_screening/video_38/frame_100/threshold__f100/summary.json,move_file,2080,1,b82b84001bb043dcc5117cf874f50a61b67515d759286a51387020fb0d7a0317,True
results/tests/38/threshold__f100__close_iterations=0/00_input.png,data/tests/detection/_shared_inputs/video_38/frame_100.png,deduplicate_identical_input,200485,1,d03bc616c7a11c0c4dd625bae98876c264885b05021b3f3b2743422d7eb590ac,True
results/tests/38/threshold__f100__close_iterations=0/detections.csv,data/tests/detection/otsu/legacy_otsu_defaults__cfg4633c2bb/frame_screening/video_38/frame_100/threshold__f100__close_iterations_0/detections.csv,move_file,2248,1,904381a59b51da554bc23101032b19b2af08db9d77ef28330d56335415664dd7,True
results/tests/38/threshold__f100__close_iterations=0/detections.png,data/tests/detection/otsu/legacy_otsu_defaults__cfg4633c2bb/frame_screening/video_38/frame_100/threshold__f100__close_iterations_0/detections.png,move_file,218724,1,3f9ff0b7815fbf68cd4acae4832f262013c64aee5b0d771171732187f4c293a3,True
results/tests/38/threshold__f100__close_iterations=0/summary.json,data/tests/detection/otsu/legacy_otsu_defaults__cfg4633c2bb/frame_screening/video_38/frame_100/threshold__f100__close_iterations_0/summary.json,move_file,2099,1,b2656c350ee6c9877eb094c6f22b27a3102aac43223cb19c5cd84208d0c7ff41,True
results/tests/38/threshold__f100__close_iterations=0_threshold_value=200/00_input.png,data/tests/detection/_shared_inputs/video_38/frame_100.png,deduplicate_identical_input,200485,1,d03bc616c7a11c0c4dd625bae98876c264885b05021b3f3b2743422d7eb590ac,True
results/tests/38/threshold__f100__close_iterations=0_threshold_value=200/detections.csv,data/tests/detection/threshold/legacy_t200_c0__cfg1359249f/frame_screening/video_38/frame_100/threshold__f100__close_iterations_0_threshold_value_200/detections.csv,move_file,2421,1,678c1df0c98cecf2fb5d50c9b1e5e6f77b0e03703c7dba9c57b3904c691a8913,True
results/tests/38/threshold__f100__close_iterations=0_threshold_value=200/detections.png,data/tests/detection/threshold/legacy_t200_c0__cfg1359249f/frame_screening/video_38/frame_100/threshold__f100__close_iterations_0_threshold_value_200/detections.png,move_file,217952,1,02354d6993caf7cfe23b7d18f29782392272f72af5263f128f2c66cd2a127b12,True
results/tests/38/threshold__f100__close_iterations=0_threshold_value=200/summary.json,data/tests/detection/threshold/legacy_t200_c0__cfg1359249f/frame_screening/video_38/frame_100/threshold__f100__close_iterations_0_threshold_value_200/summary.json,move_file,2456,1,f2b2619652eff502fd2dec95802f6b9ef611531f11ee54f5a5ece43791e8d299,True
results/tests/38/threshold__f100__close_iterations=2_threshold_value=200/00_input.png,data/tests/detection/_shared_inputs/video_38/frame_100.png,deduplicate_identical_input,200485,1,d03bc616c7a11c0c4dd625bae98876c264885b05021b3f3b2743422d7eb590ac,True
results/tests/38/threshold__f100__close_iterations=2_threshold_value=200/detections.csv,data/tests/detection/threshold/legacy_t200_c2__cfg5d0522c8/frame_screening/video_38/frame_100/threshold__f100__close_iterations_2_threshold_value_200/detections.csv,move_file,2230,1,9dc821ca8e4de7ec30283de5a11743f8cb2894991b7de94cbe785c60dcfa1608,True
results/tests/38/threshold__f100__close_iterations=2_threshold_value=200/detections.png,data/tests/detection/threshold/legacy_t200_c2__cfg5d0522c8/frame_screening/video_38/frame_100/threshold__f100__close_iterations_2_threshold_value_200/detections.png,move_file,218135,1,99117d26e45a4d3a2a77e6ed0342cef445a6578a420ab44daae88dbfd46cc272,True
results/tests/38/threshold__f100__close_iterations=2_threshold_value=200/summary.json,data/tests/detection/threshold/legacy_t200_c2__cfg5d0522c8/frame_screening/video_38/frame_100/threshold__f100__close_iterations_2_threshold_value_200/summary.json,move_file,2163,1,ab9b15a84b7a354f011030efa042825d3b830bf2e72bd9bb30876a108edd68c6,True
results/tests/38/threshold__f100__morph_iterations=2/00_input.png,data/tests/detection/_shared_inputs/video_38/frame_100.png,deduplicate_identical_input,200485,1,d03bc616c7a11c0c4dd625bae98876c264885b05021b3f3b2743422d7eb590ac,True
results/tests/38/threshold__f100__morph_iterations=2/detections.csv,data/tests/detection/otsu/legacy_otsu_defaults__cfg76e32ed9/frame_screening/video_38/frame_100/threshold__f100__morph_iterations_2/detections.csv,move_file,2118,1,54ba27abdd977bbe5f028fbee7ffe0b27b2f19efd6b3eee47b77aeeba115087a,True
results/tests/38/threshold__f100__morph_iterations=2/detections.png,data/tests/detection/otsu/legacy_otsu_defaults__cfg76e32ed9/frame_screening/video_38/frame_100/threshold__f100__morph_iterations_2/detections.png,move_file,218879,1,2d24703a8ffb595352e0d1a97d917ffdfd165ed2752ddc1ef8fc8775e6ecdac8,True
results/tests/38/threshold__f100__morph_iterations=2/summary.json,data/tests/detection/otsu/legacy_otsu_defaults__cfg76e32ed9/frame_screening/video_38/frame_100/threshold__f100__morph_iterations_2/summary.json,move_file,1917,1,d0db24fe6db522afae561b2bcdae9abedcde20546e42e4ec06e164c2b29e95c0,True
results/tests/38/threshold__f100__morph_iterations=2_threshold_value=200/00_input.png,data/tests/detection/_shared_inputs/video_38/frame_100.png,deduplicate_identical_input,200485,1,d03bc616c7a11c0c4dd625bae98876c264885b05021b3f3b2743422d7eb590ac,True
results/tests/38/threshold__f100__morph_iterations=2_threshold_value=200/detections.csv,data/tests/detection/threshold/legacy_t200_o2__cfga13617b6/frame_screening/video_38/frame_100/threshold__f100__morph_iterations_2_threshold_value_200/detections.csv,move_file,1967,1,11340f11b19b8201410c7206a08c4c4f03b523c0fc7e7692cb1a8d70b6463de0,True
results/tests/38/threshold__f100__morph_iterations=2_threshold_value=200/detections.png,data/tests/detection/threshold/legacy_t200_o2__cfga13617b6/frame_screening/video_38/frame_100/threshold__f100__morph_iterations_2_threshold_value_200/detections.png,move_file,218628,1,b7b01e899a5b20224985b640ab53136e6733a43f1a85cdeb866ac9bb86818154,True
results/tests/38/threshold__f100__morph_iterations=2_threshold_value=200/summary.json,data/tests/detection/threshold/legacy_t200_o2__cfga13617b6/frame_screening/video_38/frame_100/threshold__f100__morph_iterations_2_threshold_value_200/summary.json,move_file,1730,1,1805faaba5674969a0e10fc95f0e0525c503aa0b5677533730388743eb5e9b2f,True
results/tests/38/threshold__f100__threshold_value=180/00_input.png,data/tests/detection/_shared_inputs/video_38/frame_100.png,deduplicate_identical_input,200485,1,d03bc616c7a11c0c4dd625bae98876c264885b05021b3f3b2743422d7eb590ac,True
results/tests/38/threshold__f100__threshold_value=180/detections.csv,data/tests/detection/threshold/legacy_t180__cfg1fd3f76e/frame_screening/video_38/frame_100/threshold__f100__threshold_value_180/detections.csv,move_file,2310,1,341d336288a2a5c3c965de3fbf66b6ecb5846de75fda345afb98f338b084268b,True
results/tests/38/threshold__f100__threshold_value=180/detections.png,data/tests/detection/threshold/legacy_t180__cfg1fd3f76e/frame_screening/video_38/frame_100/threshold__f100__threshold_value_180/detections.png,move_file,218347,1,2a0d12134dabcb695053165757bc55581c594114f7bd93234a268a95f3fb5ce3,True
results/tests/38/threshold__f100__threshold_value=180/summary.json,data/tests/detection/threshold/legacy_t180__cfg1fd3f76e/frame_screening/video_38/frame_100/threshold__f100__threshold_value_180/summary.json,move_file,2242,1,d240fd9601afcb3a89b880c47bb67833b7d5a05829429b5941af767d9f74a2bc,True
results/tests/38/threshold__f100__threshold_value=190/00_input.png,data/tests/detection/_shared_inputs/video_38/frame_100.png,deduplicate_identical_input,200485,1,d03bc616c7a11c0c4dd625bae98876c264885b05021b3f3b2743422d7eb590ac,True
results/tests/38/threshold__f100__threshold_value=190/detections.csv,data/tests/detection/threshold/legacy_t190__cfgfeeed012/frame_screening/video_38/frame_100/threshold__f100__threshold_value_190/detections.csv,move_file,2303,1,a190545a35f860095ae3f9691b0615bf4ca513187145d154b73c8190c9049030,True
results/tests/38/threshold__f100__threshold_value=190/detections.png,data/tests/detection/threshold/legacy_t190__cfgfeeed012/frame_screening/video_38/frame_100/threshold__f100__threshold_value_190/detections.png,move_file,218205,1,fb53cf12b293ca9af98eb0d6b8bd83e07cd237f8f5b366ef6d5de4d8818f81d0,True
results/tests/38/threshold__f100__threshold_value=190/summary.json,data/tests/detection/threshold/legacy_t190__cfgfeeed012/frame_screening/video_38/frame_100/threshold__f100__threshold_value_190/summary.json,move_file,2235,1,bb611cd35d9bf1874c1370b9d28d691e5ff3e66845380e76d9c5bb0dcc32c3ba,True
results/tests/38/threshold__f100__threshold_value=200/00_input.png,data/tests/detection/_shared_inputs/video_38/frame_100.png,deduplicate_identical_input,200485,1,d03bc616c7a11c0c4dd625bae98876c264885b05021b3f3b2743422d7eb590ac,True
results/tests/38/threshold__f100__threshold_value=200/detections.csv,data/tests/detection/threshold/legacy_t200__cfg1f8f28ac/frame_screening/video_38/frame_100/threshold__f100__threshold_value_200/detections.csv,move_file,2294,1,772cec6eaeee41a5f10b1e446188657fcd93a106f94bc6d580525d2ec4a30869,True
results/tests/38/threshold__f100__threshold_value=200/detections.png,data/tests/detection/threshold/legacy_t200__cfg1f8f28ac/frame_screening/video_38/frame_100/threshold__f100__threshold_value_200/detections.png,move_file,218125,1,6f7888a315499829f09616d3609852571ac4c475fd0e2bc8517982dcfc2aac9b,True
results/tests/38/threshold__f100__threshold_value=200/summary.json,data/tests/detection/threshold/legacy_t200__cfg1f8f28ac/frame_screening/video_38/frame_100/threshold__f100__threshold_value_200/summary.json,move_file,2226,1,d7d3f1d8a18fad3603ed363bb7c735e78a1e1c326ba26a5f0e9fb7448f616308,True
results/tests/38/threshold__f100__threshold_value=210/00_input.png,data/tests/detection/_shared_inputs/video_38/frame_100.png,deduplicate_identical_input,200485,1,d03bc616c7a11c0c4dd625bae98876c264885b05021b3f3b2743422d7eb590ac,True
results/tests/38/threshold__f100__threshold_value=210/detections.csv,data/tests/detection/threshold/legacy_t210__cfg4310fa76/frame_screening/video_38/frame_100/threshold__f100__threshold_value_210/detections.csv,move_file,2487,1,874adab4b4510395d0c953b9fb1f09cb5b7d632e24bcfc4980a46b283c5ae443,True
results/tests/38/threshold__f100__threshold_value=210/detections.png,data/tests/detection/threshold/legacy_t210__cfg4310fa76/frame_screening/video_38/frame_100/threshold__f100__threshold_value_210/detections.png,move_file,217986,1,37dbcbb7d4a3d3b3fc5d1c98b9ed2f81563e067c53dd2898f0017b36facfb3c0,True
results/tests/38/threshold__f100__threshold_value=210/summary.json,data/tests/detection/threshold/legacy_t210__cfg4310fa76/frame_screening/video_38/frame_100/threshold__f100__threshold_value_210/summary.json,move_file,2550,1,87e7871b4d699cc275b7490161f7069829a878f28696e2d2285d1250fa352ff2,True
results/tests/38/threshold__f50/00_input.png,data/tests/detection/_shared_inputs/video_38/frame_50.png,move_file,206022,1,de8c7cf1901376ddbd5f6daafeaf4d055d0d90b4e74bc3f920415734d35d75a6,True
results/tests/38/threshold__f50/detections.csv,data/tests/detection/otsu/legacy_otsu_defaults__cfgbbaffb3e/frame_screening/video_38/frame_50/threshold__f50/detections.csv,move_file,1910,1,2b6b6c7f168e4335da8a3f899f2e9c924340c4718ad52b11a7a241f535ec54c3,True
results/tests/38/threshold__f50/detections.png,data/tests/detection/otsu/legacy_otsu_defaults__cfgbbaffb3e/frame_screening/video_38/frame_50/threshold__f50/detections.png,move_file,222453,1,f8b76a46ac1017f6e2707fa8e7d763ec84336cff200f54558739f3002cf2e49f,True
results/tests/38/threshold__f50/summary.json,data/tests/detection/otsu/legacy_otsu_defaults__cfgbbaffb3e/frame_screening/video_38/frame_50/threshold__f50/summary.json,move_file,1861,1,af1c185fbb26d836a06e78ceb901b43117f09e660b98b3797ed8bb6ad0980a53,True
results/tests/38/threshold__f50__close_iterations=0/00_input.png,data/tests/detection/_shared_inputs/video_38/frame_50.png,deduplicate_identical_input,206022,1,de8c7cf1901376ddbd5f6daafeaf4d055d0d90b4e74bc3f920415734d35d75a6,True
results/tests/38/threshold__f50__close_iterations=0/detections.csv,data/tests/detection/otsu/legacy_otsu_defaults__cfg4633c2bb/frame_screening/video_38/frame_50/threshold__f50__close_iterations_0/detections.csv,move_file,1910,1,2b6b6c7f168e4335da8a3f899f2e9c924340c4718ad52b11a7a241f535ec54c3,True
results/tests/38/threshold__f50__close_iterations=0/detections.png,data/tests/detection/otsu/legacy_otsu_defaults__cfg4633c2bb/frame_screening/video_38/frame_50/threshold__f50__close_iterations_0/detections.png,move_file,222453,1,f8b76a46ac1017f6e2707fa8e7d763ec84336cff200f54558739f3002cf2e49f,True
results/tests/38/threshold__f50__close_iterations=0/summary.json,data/tests/detection/otsu/legacy_otsu_defaults__cfg4633c2bb/frame_screening/video_38/frame_50/threshold__f50__close_iterations_0/summary.json,move_file,1880,1,881dd67eefc94db54392be8c9c12bee2c58776a406b96219efd5268dad74774a,True
results/tests/38/threshold__f50__close_iterations=0_threshold_value=200/00_input.png,data/tests/detection/_shared_inputs/video_38/frame_50.png,deduplicate_identical_input,206022,1,de8c7cf1901376ddbd5f6daafeaf4d055d0d90b4e74bc3f920415734d35d75a6,True
results/tests/38/threshold__f50__close_iterations=0_threshold_value=200/detections.csv,data/tests/detection/threshold/legacy_t200_c0__cfg1359249f/frame_screening/video_38/frame_50/threshold__f50__close_iterations_0_threshold_value_200/detections.csv,move_file,2023,1,c5a7e8f7efef25b5d8a6e301675cefa2d00c2922b19de92fcac9c7c0bc3b9704,True
results/tests/38/threshold__f50__close_iterations=0_threshold_value=200/detections.png,data/tests/detection/threshold/legacy_t200_c0__cfg1359249f/frame_screening/video_38/frame_50/threshold__f50__close_iterations_0_threshold_value_200/detections.png,move_file,221389,1,cffe8ee81333dada34de25c96941d6236de3e8f6c2c5047fcba07f44eb212765,True
results/tests/38/threshold__f50__close_iterations=0_threshold_value=200/summary.json,data/tests/detection/threshold/legacy_t200_c0__cfg1359249f/frame_screening/video_38/frame_50/threshold__f50__close_iterations_0_threshold_value_200/summary.json,move_file,2133,1,90a84c2601008ace4bacdbbcf4f0cb838816db2043da9c0b0078ec5b8729affd,True
results/tests/38/threshold__f50__close_iterations=2_threshold_value=200/00_input.png,data/tests/detection/_shared_inputs/video_38/frame_50.png,deduplicate_identical_input,206022,1,de8c7cf1901376ddbd5f6daafeaf4d055d0d90b4e74bc3f920415734d35d75a6,True
results/tests/38/threshold__f50__close_iterations=2_threshold_value=200/detections.csv,data/tests/detection/threshold/legacy_t200_c2__cfg5d0522c8/frame_screening/video_38/frame_50/threshold__f50__close_iterations_2_threshold_value_200/detections.csv,move_file,1961,1,3f1baf86b96dc676ceacb8b8f224947dd3953686d56ec90ab85cf739cb6b4aab,True
results/tests/38/threshold__f50__close_iterations=2_threshold_value=200/detections.png,data/tests/detection/threshold/legacy_t200_c2__cfg5d0522c8/frame_screening/video_38/frame_50/threshold__f50__close_iterations_2_threshold_value_200/detections.png,move_file,221521,1,7352cc6c32ae636320eadbd6269c3f9ba324ab1563ffada321ad81787cd5757a,True
results/tests/38/threshold__f50__close_iterations=2_threshold_value=200/summary.json,data/tests/detection/threshold/legacy_t200_c2__cfg5d0522c8/frame_screening/video_38/frame_50/threshold__f50__close_iterations_2_threshold_value_200/summary.json,move_file,2058,1,16c896b66bc88ff154854c26083fd3bee8a37c862b1dceb8f68fa152e6689399,True
results/tests/38/threshold__f50__morph_iterations=2/00_input.png,data/tests/detection/_shared_inputs/video_38/frame_50.png,deduplicate_identical_input,206022,1,de8c7cf1901376ddbd5f6daafeaf4d055d0d90b4e74bc3f920415734d35d75a6,True
results/tests/38/threshold__f50__morph_iterations=2/detections.csv,data/tests/detection/otsu/legacy_otsu_defaults__cfg76e32ed9/frame_screening/video_38/frame_50/threshold__f50__morph_iterations_2/detections.csv,move_file,1914,1,6af6efdd76612449bcc48efd7daac101ecb2a4fd39928773e4662fee54620a50,True
results/tests/38/threshold__f50__morph_iterations=2/detections.png,data/tests/detection/otsu/legacy_otsu_defaults__cfg76e32ed9/frame_screening/video_38/frame_50/threshold__f50__morph_iterations_2/detections.png,move_file,222663,1,ad691deb29bc08d11960f245d2d508ee4c5e1ed036436a6509e1e456d47be207,True
results/tests/38/threshold__f50__morph_iterations=2/summary.json,data/tests/detection/otsu/legacy_otsu_defaults__cfg76e32ed9/frame_screening/video_38/frame_50/threshold__f50__morph_iterations_2/summary.json,move_file,1915,1,61851b48b73a626b2d20130919e95ccd6d9c51b7967a3ee0ffa597f5e0d590ef,True
results/tests/38/threshold__f50__morph_iterations=2_threshold_value=200/00_input.png,data/tests/detection/_shared_inputs/video_38/frame_50.png,deduplicate_identical_input,206022,1,de8c7cf1901376ddbd5f6daafeaf4d055d0d90b4e74bc3f920415734d35d75a6,True
results/tests/38/threshold__f50__morph_iterations=2_threshold_value=200/detections.csv,data/tests/detection/threshold/legacy_t200_o2__cfga13617b6/frame_screening/video_38/frame_50/threshold__f50__morph_iterations_2_threshold_value_200/detections.csv,move_file,1767,1,7378addaece43c158c8bc84d0d6ab47c96bbabaf0b51d56600cb79852910c097,True
results/tests/38/threshold__f50__morph_iterations=2_threshold_value=200/detections.png,data/tests/detection/threshold/legacy_t200_o2__cfga13617b6/frame_screening/video_38/frame_50/threshold__f50__morph_iterations_2_threshold_value_200/detections.png,move_file,221898,1,432ce6ed34d26b0d164b953e7c8acbb8ce391332229764aa3ad554f88a8428d2,True
results/tests/38/threshold__f50__morph_iterations=2_threshold_value=200/summary.json,data/tests/detection/threshold/legacy_t200_o2__cfga13617b6/frame_screening/video_38/frame_50/threshold__f50__morph_iterations_2_threshold_value_200/summary.json,move_file,1731,1,67fd28b07b447e8227a6012203d9dcc0d1fb17e8a42ac9b75fd6588c2b12e313,True
results/tests/38/threshold__f50__threshold_value=180/00_input.png,data/tests/detection/_shared_inputs/video_38/frame_50.png,deduplicate_identical_input,206022,1,de8c7cf1901376ddbd5f6daafeaf4d055d0d90b4e74bc3f920415734d35d75a6,True
results/tests/38/threshold__f50__threshold_value=180/detections.csv,data/tests/detection/threshold/legacy_t180__cfg1fd3f76e/frame_screening/video_38/frame_50/threshold__f50__threshold_value_180/detections.csv,move_file,1971,1,84e4b0d2f38812f34b4025be6f84408550b10df0e84b7e9c46b43394941e7618,True
results/tests/38/threshold__f50__threshold_value=180/detections.png,data/tests/detection/threshold/legacy_t180__cfg1fd3f76e/frame_screening/video_38/frame_50/threshold__f50__threshold_value_180/detections.png,move_file,221683,1,5b5762011ef50a39b59c276d7cff8349a0d9a02446f3dd06b0494f87dd7af4cf,True
results/tests/38/threshold__f50__threshold_value=180/summary.json,data/tests/detection/threshold/legacy_t180__cfg1fd3f76e/frame_screening/video_38/frame_50/threshold__f50__threshold_value_180/summary.json,move_file,2021,1,ac20d1d2dc72eca85bd7010f5ef195c9bed794e8b53ccb901b45ba838013d4e7,True
results/tests/38/threshold__f50__threshold_value=190/00_input.png,data/tests/detection/_shared_inputs/video_38/frame_50.png,deduplicate_identical_input,206022,1,de8c7cf1901376ddbd5f6daafeaf4d055d0d90b4e74bc3f920415734d35d75a6,True
results/tests/38/threshold__f50__threshold_value=190/detections.csv,data/tests/detection/threshold/legacy_t190__cfgfeeed012/frame_screening/video_38/frame_50/threshold__f50__threshold_value_190/detections.csv,move_file,2028,1,5362ebfc5c7c200a14958a279586b00ad2cc58f2b1643efc6090e2221bd23741,True
results/tests/38/threshold__f50__threshold_value=190/detections.png,data/tests/detection/threshold/legacy_t190__cfgfeeed012/frame_screening/video_38/frame_50/threshold__f50__threshold_value_190/detections.png,move_file,221574,1,8914580ba556b5469631eeab7402d182dccdcf5fcc0fa482f85846b6586791e2,True
results/tests/38/threshold__f50__threshold_value=190/summary.json,data/tests/detection/threshold/legacy_t190__cfgfeeed012/frame_screening/video_38/frame_50/threshold__f50__threshold_value_190/summary.json,move_file,2123,1,c2918685dddb33c2540b96119c88272980bbdeba21c84ceac39d08e0f63f9370,True
results/tests/38/threshold__f50__threshold_value=200/00_input.png,data/tests/detection/_shared_inputs/video_38/frame_50.png,deduplicate_identical_input,206022,1,de8c7cf1901376ddbd5f6daafeaf4d055d0d90b4e74bc3f920415734d35d75a6,True
results/tests/38/threshold__f50__threshold_value=200/detections.csv,data/tests/detection/threshold/legacy_t200__cfg1f8f28ac/frame_screening/video_38/frame_50/threshold__f50__threshold_value_200/detections.csv,move_file,1961,1,3f1baf86b96dc676ceacb8b8f224947dd3953686d56ec90ab85cf739cb6b4aab,True
results/tests/38/threshold__f50__threshold_value=200/detections.png,data/tests/detection/threshold/legacy_t200__cfg1f8f28ac/frame_screening/video_38/frame_50/threshold__f50__threshold_value_200/detections.png,move_file,221521,1,7352cc6c32ae636320eadbd6269c3f9ba324ab1563ffada321ad81787cd5757a,True
results/tests/38/threshold__f50__threshold_value=200/summary.json,data/tests/detection/threshold/legacy_t200__cfg1f8f28ac/frame_screening/video_38/frame_50/threshold__f50__threshold_value_200/summary.json,move_file,2011,1,7188749521830a4e4574962b1be17f8eb7e19d49f954f8ed6402cfd325348b3e,True
results/tests/38/threshold__f50__threshold_value=210/00_input.png,data/tests/detection/_shared_inputs/video_38/frame_50.png,deduplicate_identical_input,206022,1,de8c7cf1901376ddbd5f6daafeaf4d055d0d90b4e74bc3f920415734d35d75a6,True
results/tests/38/threshold__f50__threshold_value=210/detections.csv,data/tests/detection/threshold/legacy_t210__cfg4310fa76/frame_screening/video_38/frame_50/threshold__f50__threshold_value_210/detections.csv,move_file,2022,1,e23c0c4bc09353a1d1585d1a790afd231c7134e7e314b9747c57b4167c001f45,True
results/tests/38/threshold__f50__threshold_value=210/detections.png,data/tests/detection/threshold/legacy_t210__cfg4310fa76/frame_screening/video_38/frame_50/threshold__f50__threshold_value_210/detections.png,move_file,221453,1,de962904aecb098fafb1a81c26e7a365500c221c6a4223ae06476d4d048f3e6a,True
results/tests/38/threshold__f50__threshold_value=210/summary.json,data/tests/detection/threshold/legacy_t210__cfg4310fa76/frame_screening/video_38/frame_50/threshold__f50__threshold_value_210/summary.json,move_file,2117,1,b5b1d856b1f0014a2fdadaad3592e492aded3351de0dcf8dd264e17821b480cd,True
results/tests/47/threshold__f0/00_input.png,data/tests/detection/_shared_inputs/video_47/frame_0.png,move_file,360865,1,4965f7fe43534537f8590509bb0998caf2fe6d5e6ecaec8bb9450defad2e17c5,True
results/tests/47/threshold__f0/detections.csv,data/tests/detection/otsu/legacy_otsu_defaults__cfgbbaffb3e/frame_screening/video_47/frame_0/threshold__f0/detections.csv,move_file,1985,1,15a610857d15e1297e47a667a20a76e68dcf606031c0008fbef486e92f113132,True
results/tests/47/threshold__f0/detections.png,data/tests/detection/otsu/legacy_otsu_defaults__cfgbbaffb3e/frame_screening/video_47/frame_0/threshold__f0/detections.png,move_file,377106,1,6c53e8a94f14b7018185d3489c27326568959a341479b927a85adfeafc6a52f8,True
results/tests/47/threshold__f0/summary.json,data/tests/detection/otsu/legacy_otsu_defaults__cfgbbaffb3e/frame_screening/video_47/frame_0/threshold__f0/summary.json,move_file,2508,1,794c364aac563eba0a8ec2bacd288b44b69af3e98b2c92441c39b6644183cde6,True
results/tests/47/threshold__f0__close_iterations=0/00_input.png,data/tests/detection/_shared_inputs/video_47/frame_0.png,deduplicate_identical_input,360865,1,4965f7fe43534537f8590509bb0998caf2fe6d5e6ecaec8bb9450defad2e17c5,True
results/tests/47/threshold__f0__close_iterations=0/detections.csv,data/tests/detection/otsu/legacy_otsu_defaults__cfg4633c2bb/frame_screening/video_47/frame_0/threshold__f0__close_iterations_0/detections.csv,move_file,1985,1,15a610857d15e1297e47a667a20a76e68dcf606031c0008fbef486e92f113132,True
results/tests/47/threshold__f0__close_iterations=0/detections.png,data/tests/detection/otsu/legacy_otsu_defaults__cfg4633c2bb/frame_screening/video_47/frame_0/threshold__f0__close_iterations_0/detections.png,move_file,377106,1,6c53e8a94f14b7018185d3489c27326568959a341479b927a85adfeafc6a52f8,True
results/tests/47/threshold__f0__close_iterations=0/summary.json,data/tests/detection/otsu/legacy_otsu_defaults__cfg4633c2bb/frame_screening/video_47/frame_0/threshold__f0__close_iterations_0/summary.json,move_file,2527,1,50e617487cfd61daaa5a02c052e31ea4006e9b4efea7bae02eb9781ca3767f2c,True
results/tests/47/threshold__f0__close_iterations=0_threshold_value=200/00_input.png,data/tests/detection/_shared_inputs/video_47/frame_0.png,deduplicate_identical_input,360865,1,4965f7fe43534537f8590509bb0998caf2fe6d5e6ecaec8bb9450defad2e17c5,True
results/tests/47/threshold__f0__close_iterations=0_threshold_value=200/detections.csv,data/tests/detection/threshold/legacy_t200_c0__cfg1359249f/frame_screening/video_47/frame_0/threshold__f0__close_iterations_0_threshold_value_200/detections.csv,move_file,1981,1,aafb79a2429992c67c5917cd81ab20382f99f796aca6e54d952eac1e64288d99,True
results/tests/47/threshold__f0__close_iterations=0_threshold_value=200/detections.png,data/tests/detection/threshold/legacy_t200_c0__cfg1359249f/frame_screening/video_47/frame_0/threshold__f0__close_iterations_0_threshold_value_200/detections.png,move_file,377069,1,bc920ef1dff75c2f9fb2c064911411ddbf10b2a18c650d00370067b9b0ab9c03,True
results/tests/47/threshold__f0__close_iterations=0_threshold_value=200/summary.json,data/tests/detection/threshold/legacy_t200_c0__cfg1359249f/frame_screening/video_47/frame_0/threshold__f0__close_iterations_0_threshold_value_200/summary.json,move_file,2580,1,5b8df1a5e4ba4379bd1157bf91b07613463154840105d804997b2cfebf3cd970,True
results/tests/47/threshold__f0__close_iterations=2_threshold_value=200/00_input.png,data/tests/detection/_shared_inputs/video_47/frame_0.png,deduplicate_identical_input,360865,1,4965f7fe43534537f8590509bb0998caf2fe6d5e6ecaec8bb9450defad2e17c5,True
results/tests/47/threshold__f0__close_iterations=2_threshold_value=200/detections.csv,data/tests/detection/threshold/legacy_t200_c2__cfg5d0522c8/frame_screening/video_47/frame_0/threshold__f0__close_iterations_2_threshold_value_200/detections.csv,move_file,1724,1,9725edf9be76ecd182b7a4146360ef15adee2782b286288dbc0022a44508f0ce,True
results/tests/47/threshold__f0__close_iterations=2_threshold_value=200/detections.png,data/tests/detection/threshold/legacy_t200_c2__cfg5d0522c8/frame_screening/video_47/frame_0/threshold__f0__close_iterations_2_threshold_value_200/detections.png,move_file,376963,1,e5a85f0a3ec7664f1398cc8b2ad9cf558593df3cc1d2ffb85b09fa70d751de08,True
results/tests/47/threshold__f0__close_iterations=2_threshold_value=200/summary.json,data/tests/detection/threshold/legacy_t200_c2__cfg5d0522c8/frame_screening/video_47/frame_0/threshold__f0__close_iterations_2_threshold_value_200/summary.json,move_file,2175,1,99d6b801fc716c8de94bb620d6cf5084219d73e459b20d03a7d61b5795bbc214,True
results/tests/47/threshold__f0__morph_iterations=2/00_input.png,data/tests/detection/_shared_inputs/video_47/frame_0.png,deduplicate_identical_input,360865,1,4965f7fe43534537f8590509bb0998caf2fe6d5e6ecaec8bb9450defad2e17c5,True
results/tests/47/threshold__f0__morph_iterations=2/detections.csv,data/tests/detection/otsu/legacy_otsu_defaults__cfg76e32ed9/frame_screening/video_47/frame_0/threshold__f0__morph_iterations_2/detections.csv,move_file,1343,1,7ce28efc1bfd2371691b754496cfaeb4e8b72eb3e2ad238dbfae13730d545ac0,True
results/tests/47/threshold__f0__morph_iterations=2/detections.png,data/tests/detection/otsu/legacy_otsu_defaults__cfg76e32ed9/frame_screening/video_47/frame_0/threshold__f0__morph_iterations_2/detections.png,move_file,377392,1,40fec488618f3be778f8975b12fc8c3f323d48e0cc32da9cf92c58624e9352ec,True
results/tests/47/threshold__f0__morph_iterations=2/summary.json,data/tests/detection/otsu/legacy_otsu_defaults__cfg76e32ed9/frame_screening/video_47/frame_0/threshold__f0__morph_iterations_2/summary.json,move_file,1468,1,4585bd4d6b2693433b4777595e5915c08b0808459d67b693a1fef6849c1777ff,True
results/tests/47/threshold__f0__morph_iterations=2_threshold_value=200/00_input.png,data/tests/detection/_shared_inputs/video_47/frame_0.png,deduplicate_identical_input,360865,1,4965f7fe43534537f8590509bb0998caf2fe6d5e6ecaec8bb9450defad2e17c5,True
results/tests/47/threshold__f0__morph_iterations=2_threshold_value=200/detections.csv,data/tests/detection/threshold/legacy_t200_o2__cfga13617b6/frame_screening/video_47/frame_0/threshold__f0__morph_iterations_2_threshold_value_200/detections.csv,move_file,1727,1,073e245cadfd2a12d3e10d2137aff3e0d05a73c97d97f305309bd2b9909a8080,True
results/tests/47/threshold__f0__morph_iterations=2_threshold_value=200/detections.png,data/tests/detection/threshold/legacy_t200_o2__cfga13617b6/frame_screening/video_47/frame_0/threshold__f0__morph_iterations_2_threshold_value_200/detections.png,move_file,376760,1,6057ca7dfedddec207bdfffca4d7715b73bf7476605d7874e7c337ed415227a4,True
results/tests/47/threshold__f0__morph_iterations=2_threshold_value=200/summary.json,data/tests/detection/threshold/legacy_t200_o2__cfga13617b6/frame_screening/video_47/frame_0/threshold__f0__morph_iterations_2_threshold_value_200/summary.json,move_file,2178,1,5d73de6a156d00a13291684aa20c04c7a1b7f6f3cdb7450ef34998b4e3b7e081,True
results/tests/47/threshold__f0__threshold_value=180/00_input.png,data/tests/detection/_shared_inputs/video_47/frame_0.png,deduplicate_identical_input,360865,1,4965f7fe43534537f8590509bb0998caf2fe6d5e6ecaec8bb9450defad2e17c5,True
results/tests/47/threshold__f0__threshold_value=180/detections.csv,data/tests/detection/threshold/legacy_t180__cfg1fd3f76e/frame_screening/video_47/frame_0/threshold__f0__threshold_value_180/detections.csv,move_file,1914,1,2348cab47f5e8aba9f5e738c8f54ea02d30a800cdeaa07044cd8be4ccee87008,True
results/tests/47/threshold__f0__threshold_value=180/detections.png,data/tests/detection/threshold/legacy_t180__cfg1fd3f76e/frame_screening/video_47/frame_0/threshold__f0__threshold_value_180/detections.png,move_file,377109,1,f74b82159c8bd48757e3b9423d6de869162005c7f33fc0ffe666e648510e43ab,True
results/tests/47/threshold__f0__threshold_value=180/summary.json,data/tests/detection/threshold/legacy_t180__cfg1fd3f76e/frame_screening/video_47/frame_0/threshold__f0__threshold_value_180/summary.json,move_file,2452,1,d04692cf10eaeac39d844ae0d53d48d7f1555469fd0778d7f684cb852806c45a,True
results/tests/47/threshold__f0__threshold_value=190/00_input.png,data/tests/detection/_shared_inputs/video_47/frame_0.png,deduplicate_identical_input,360865,1,4965f7fe43534537f8590509bb0998caf2fe6d5e6ecaec8bb9450defad2e17c5,True
results/tests/47/threshold__f0__threshold_value=190/detections.csv,data/tests/detection/threshold/legacy_t190__cfgfeeed012/frame_screening/video_47/frame_0/threshold__f0__threshold_value_190/detections.csv,move_file,1597,1,92235dc8cd3433d889b9dd18deee2574cd305fa4133eaacd5ebec050bd41f383,True
results/tests/47/threshold__f0__threshold_value=190/detections.png,data/tests/detection/threshold/legacy_t190__cfgfeeed012/frame_screening/video_47/frame_0/threshold__f0__threshold_value_190/detections.png,move_file,377306,1,a3ab00b30e7877dd853a0d4e9e53e4bf322ebf38bd1ef60876f456505a4f25e2,True
results/tests/47/threshold__f0__threshold_value=190/summary.json,data/tests/detection/threshold/legacy_t190__cfgfeeed012/frame_screening/video_47/frame_0/threshold__f0__threshold_value_190/summary.json,move_file,1909,1,9129350b366a3f63a4a93c37579f7d84f75a8c85ca08eaca2a23446a7e2748b4,True
results/tests/47/threshold__f0__threshold_value=200/00_input.png,data/tests/detection/_shared_inputs/video_47/frame_0.png,deduplicate_identical_input,360865,1,4965f7fe43534537f8590509bb0998caf2fe6d5e6ecaec8bb9450defad2e17c5,True
results/tests/47/threshold__f0__threshold_value=200/detections.csv,data/tests/detection/threshold/legacy_t200__cfg1f8f28ac/frame_screening/video_47/frame_0/threshold__f0__threshold_value_200/detections.csv,move_file,1788,1,693ea224ba7a2d04e88233ef2768b77d113f14383f7d87a54202408cecb371c5,True
results/tests/47/threshold__f0__threshold_value=200/detections.png,data/tests/detection/threshold/legacy_t200__cfg1f8f28ac/frame_screening/video_47/frame_0/threshold__f0__threshold_value_200/detections.png,move_file,376992,1,076d425b7baff6a3bceca3603cf9a251024f74772604db0a436c34f8bad01547,True
results/tests/47/threshold__f0__threshold_value=200/summary.json,data/tests/detection/threshold/legacy_t200__cfg1f8f28ac/frame_screening/video_47/frame_0/threshold__f0__threshold_value_200/summary.json,move_file,2237,1,12e8f47b6b8221944a03b8f9379a0a1848fc951f1411fce5c968e0e924eaee42,True
results/tests/47/threshold__f0__threshold_value=210/00_input.png,data/tests/detection/_shared_inputs/video_47/frame_0.png,deduplicate_identical_input,360865,1,4965f7fe43534537f8590509bb0998caf2fe6d5e6ecaec8bb9450defad2e17c5,True
results/tests/47/threshold__f0__threshold_value=210/detections.csv,data/tests/detection/threshold/legacy_t210__cfg4310fa76/frame_screening/video_47/frame_0/threshold__f0__threshold_value_210/detections.csv,move_file,1726,1,3b23a3d383e3eea9abeb637a312cf21c31b764920d6056e9cf56606977b76dae,True
results/tests/47/threshold__f0__threshold_value=210/detections.png,data/tests/detection/threshold/legacy_t210__cfg4310fa76/frame_screening/video_47/frame_0/threshold__f0__threshold_value_210/detections.png,move_file,376891,1,ed075cfeac45bc1cda24dee884b9d12b81384800b7aae7e36ddc97e908401eca,True
results/tests/47/threshold__f0__threshold_value=210/summary.json,data/tests/detection/threshold/legacy_t210__cfg4310fa76/frame_screening/video_47/frame_0/threshold__f0__threshold_value_210/summary.json,move_file,2130,1,bf79c3503e0c634b3f50aeff362a0cf004ca76718cd9d139aa951b08e90b7e91,True
results/tests/47/threshold__f100/00_input.png,data/tests/detection/_shared_inputs/video_47/frame_100.png,move_file,307109,1,20b994fa66690ea92958b43b3abdae6e33884955b2b34259754e46bedc05e6f7,True
results/tests/47/threshold__f100/detections.csv,data/tests/detection/otsu/legacy_otsu_defaults__cfgbbaffb3e/frame_screening/video_47/frame_100/threshold__f100/detections.csv,move_file,2265,1,29977b3e8db124b7fe0dd13445753e6ebdc8a0eed6f8999f525dc813068ab992,True
results/tests/47/threshold__f100/detections.png,data/tests/detection/otsu/legacy_otsu_defaults__cfgbbaffb3e/frame_screening/video_47/frame_100/threshold__f100/detections.png,move_file,321086,1,9931cff57d6cbdcf954d90f168cf3a7c18571d1284b18f28a5b0f228c85d1d83,True
results/tests/47/threshold__f100/summary.json,data/tests/detection/otsu/legacy_otsu_defaults__cfgbbaffb3e/frame_screening/video_47/frame_100/threshold__f100/summary.json,move_file,3279,1,49d4347a652f8af4483f47c52b5d47a22bff1a6f9114db69965b1b8402cc6fdd,True
results/tests/47/threshold__f100__close_iterations=0/00_input.png,data/tests/detection/_shared_inputs/video_47/frame_100.png,deduplicate_identical_input,307109,1,20b994fa66690ea92958b43b3abdae6e33884955b2b34259754e46bedc05e6f7,True
results/tests/47/threshold__f100__close_iterations=0/detections.csv,data/tests/detection/otsu/legacy_otsu_defaults__cfg4633c2bb/frame_screening/video_47/frame_100/threshold__f100__close_iterations_0/detections.csv,move_file,2331,1,94384bcdf4979ac25fca4db767857cc6a99782f7a5fbd4fc35275dbb4da48697,True
results/tests/47/threshold__f100__close_iterations=0/detections.png,data/tests/detection/otsu/legacy_otsu_defaults__cfg4633c2bb/frame_screening/video_47/frame_100/threshold__f100__close_iterations_0/detections.png,move_file,321099,1,88638fa46e75f9ed1dce323f57ffae99c169db3ea3445270b24da6c617cfa211,True
results/tests/47/threshold__f100__close_iterations=0/summary.json,data/tests/detection/otsu/legacy_otsu_defaults__cfg4633c2bb/frame_screening/video_47/frame_100/threshold__f100__close_iterations_0/summary.json,move_file,3407,1,b9148a4c0e35492bdf2bb8b531ac32a95c715ead219f769ad5f14c7c0afbdef4,True
results/tests/47/threshold__f100__close_iterations=0_threshold_value=200/00_input.png,data/tests/detection/_shared_inputs/video_47/frame_100.png,deduplicate_identical_input,307109,1,20b994fa66690ea92958b43b3abdae6e33884955b2b34259754e46bedc05e6f7,True
results/tests/47/threshold__f100__close_iterations=0_threshold_value=200/detections.csv,data/tests/detection/threshold/legacy_t200_c0__cfg1359249f/frame_screening/video_47/frame_100/threshold__f100__close_iterations_0_threshold_value_200/detections.csv,move_file,1408,1,0397e79b71da1177b2207a8a89f322af60fec467d08f71dc64c31455ad09f567,True
results/tests/47/threshold__f100__close_iterations=0_threshold_value=200/detections.png,data/tests/detection/threshold/legacy_t200_c0__cfg1359249f/frame_screening/video_47/frame_100/threshold__f100__close_iterations_0_threshold_value_200/detections.png,move_file,320553,1,867c06475372cb8c891cc0f07e4313fbdb0696e6d4895b2b309e805aa4fe0646,True
results/tests/47/threshold__f100__close_iterations=0_threshold_value=200/summary.json,data/tests/detection/threshold/legacy_t200_c0__cfg1359249f/frame_screening/video_47/frame_100/threshold__f100__close_iterations_0_threshold_value_200/summary.json,move_file,1929,1,b1430a8caf95040379069b541601d86732e7a7adf88fc7ebb763aff051f32c9b,True
results/tests/47/threshold__f100__close_iterations=2_threshold_value=200/00_input.png,data/tests/detection/_shared_inputs/video_47/frame_100.png,deduplicate_identical_input,307109,1,20b994fa66690ea92958b43b3abdae6e33884955b2b34259754e46bedc05e6f7,True
results/tests/47/threshold__f100__close_iterations=2_threshold_value=200/detections.csv,data/tests/detection/threshold/legacy_t200_c2__cfg5d0522c8/frame_screening/video_47/frame_100/threshold__f100__close_iterations_2_threshold_value_200/detections.csv,move_file,1276,1,87b1aa36cbc7a0668528ddd15e77aef53bc0d81c81a936007cda389a2306233c,True
results/tests/47/threshold__f100__close_iterations=2_threshold_value=200/detections.png,data/tests/detection/threshold/legacy_t200_c2__cfg5d0522c8/frame_screening/video_47/frame_100/threshold__f100__close_iterations_2_threshold_value_200/detections.png,move_file,320846,1,184863b009de8613818cb82c33cbcd64ae3fd570ef08ef79359af9747cf209df,True
results/tests/47/threshold__f100__close_iterations=2_threshold_value=200/summary.json,data/tests/detection/threshold/legacy_t200_c2__cfg5d0522c8/frame_screening/video_47/frame_100/threshold__f100__close_iterations_2_threshold_value_200/summary.json,move_file,1744,1,2a3c24b57fab2a4d61be6f388ffe946cc0fcb0da6ad777b4586471d569c5092a,True
results/tests/47/threshold__f100__morph_iterations=2/00_input.png,data/tests/detection/_shared_inputs/video_47/frame_100.png,deduplicate_identical_input,307109,1,20b994fa66690ea92958b43b3abdae6e33884955b2b34259754e46bedc05e6f7,True
results/tests/47/threshold__f100__morph_iterations=2/detections.csv,data/tests/detection/otsu/legacy_otsu_defaults__cfg76e32ed9/frame_screening/video_47/frame_100/threshold__f100__morph_iterations_2/detections.csv,move_file,1015,1,d2eea871481267bf916be02632e389a4569f3afa3663047f90d7a56d9de06aaf,True
results/tests/47/threshold__f100__morph_iterations=2/detections.png,data/tests/detection/otsu/legacy_otsu_defaults__cfg76e32ed9/frame_screening/video_47/frame_100/threshold__f100__morph_iterations_2/detections.png,move_file,320812,1,a76ec6c2f9564d30e3ec3c8bae05daa327fc0c472183a44a92b182d726b1650a,True
results/tests/47/threshold__f100__morph_iterations=2/summary.json,data/tests/detection/otsu/legacy_otsu_defaults__cfg76e32ed9/frame_screening/video_47/frame_100/threshold__f100__morph_iterations_2/summary.json,move_file,1251,1,3de58e8c2276b03e9f0d790a29a3e50e93bd12889b93b8c25d7a421a7f937574,True
results/tests/47/threshold__f100__morph_iterations=2_threshold_value=200/00_input.png,data/tests/detection/_shared_inputs/video_47/frame_100.png,deduplicate_identical_input,307109,1,20b994fa66690ea92958b43b3abdae6e33884955b2b34259754e46bedc05e6f7,True
results/tests/47/threshold__f100__morph_iterations=2_threshold_value=200/detections.csv,data/tests/detection/threshold/legacy_t200_o2__cfga13617b6/frame_screening/video_47/frame_100/threshold__f100__morph_iterations_2_threshold_value_200/detections.csv,move_file,1214,1,6adb464c81c09fe797fdcb1598e1582e1275175e25d25405b5e40b3cf6a7e785,True
results/tests/47/threshold__f100__morph_iterations=2_threshold_value=200/detections.png,data/tests/detection/threshold/legacy_t200_o2__cfga13617b6/frame_screening/video_47/frame_100/threshold__f100__morph_iterations_2_threshold_value_200/detections.png,move_file,320568,1,abc2a57a408069704ca3f7b08c1618f6988a079339b95c82554c54238dda8ac0,True
results/tests/47/threshold__f100__morph_iterations=2_threshold_value=200/summary.json,data/tests/detection/threshold/legacy_t200_o2__cfga13617b6/frame_screening/video_47/frame_100/threshold__f100__morph_iterations_2_threshold_value_200/summary.json,move_file,1634,1,94d258523a3916b4536bf498c2e7528e6919be1e035d4300cc423e6c97f9a54d,True
results/tests/47/threshold__f100__threshold_value=180/00_input.png,data/tests/detection/_shared_inputs/video_47/frame_100.png,deduplicate_identical_input,307109,1,20b994fa66690ea92958b43b3abdae6e33884955b2b34259754e46bedc05e6f7,True
results/tests/47/threshold__f100__threshold_value=180/detections.csv,data/tests/detection/threshold/legacy_t180__cfg1fd3f76e/frame_screening/video_47/frame_100/threshold__f100__threshold_value_180/detections.csv,move_file,1604,1,2bf0454e5c44fb16fff9d66815ca0e88240315318e4e6f654ff45ff936d95b69,True
results/tests/47/threshold__f100__threshold_value=180/detections.png,data/tests/detection/threshold/legacy_t180__cfg1fd3f76e/frame_screening/video_47/frame_100/threshold__f100__threshold_value_180/detections.png,move_file,320930,1,a3d6eff27611fc1362019e9e1982a7745776c8c03d1802a506750116e671e7bd,True
results/tests/47/threshold__f100__threshold_value=180/summary.json,data/tests/detection/threshold/legacy_t180__cfg1fd3f76e/frame_screening/video_47/frame_100/threshold__f100__threshold_value_180/summary.json,move_file,2238,1,07d871149d9dc5d11b94636606f412397de5c54850e7af592676b95d32e3c8c2,True
results/tests/47/threshold__f100__threshold_value=190/00_input.png,data/tests/detection/_shared_inputs/video_47/frame_100.png,deduplicate_identical_input,307109,1,20b994fa66690ea92958b43b3abdae6e33884955b2b34259754e46bedc05e6f7,True
results/tests/47/threshold__f100__threshold_value=190/detections.csv,data/tests/detection/threshold/legacy_t190__cfgfeeed012/frame_screening/video_47/frame_100/threshold__f100__threshold_value_190/detections.csv,move_file,1342,1,c13bd135ddc95d38ffb223342ee492ff9d3b8eef4e2a4f14eefc2d279ce0b1da,True
results/tests/47/threshold__f100__threshold_value=190/detections.png,data/tests/detection/threshold/legacy_t190__cfgfeeed012/frame_screening/video_47/frame_100/threshold__f100__threshold_value_190/detections.png,move_file,320960,1,bd5f2d3c6af8323344dc4184574451e3fa0bd91469f55b8dce11d97e96c83cdf,True
results/tests/47/threshold__f100__threshold_value=190/summary.json,data/tests/detection/threshold/legacy_t190__cfgfeeed012/frame_screening/video_47/frame_100/threshold__f100__threshold_value_190/summary.json,move_file,1806,1,f550bf0c9c028a1796d41dfed9c2afe0d515180817b63d6845d0f19ca2ac7682,True
results/tests/47/threshold__f100__threshold_value=200/00_input.png,data/tests/detection/_shared_inputs/video_47/frame_100.png,deduplicate_identical_input,307109,1,20b994fa66690ea92958b43b3abdae6e33884955b2b34259754e46bedc05e6f7,True
results/tests/47/threshold__f100__threshold_value=200/detections.csv,data/tests/detection/threshold/legacy_t200__cfg1f8f28ac/frame_screening/video_47/frame_100/threshold__f100__threshold_value_200/detections.csv,move_file,1343,1,1ef5c32cf978197ce4dce07be46982deb4fb72eccb34e5f02739f7c9c40aef22,True
results/tests/47/threshold__f100__threshold_value=200/detections.png,data/tests/detection/threshold/legacy_t200__cfg1f8f28ac/frame_screening/video_47/frame_100/threshold__f100__threshold_value_200/detections.png,move_file,320601,1,0f62a87759e0abc6c8d3a7f2be8d93a07f8c395b28581ad7737b288e89855946,True
results/tests/47/threshold__f100__threshold_value=200/summary.json,data/tests/detection/threshold/legacy_t200__cfg1f8f28ac/frame_screening/video_47/frame_100/threshold__f100__threshold_value_200/summary.json,move_file,1807,1,1b250f3815129195e976fb643af4d058c437f5eadff9863b81b9f7bea2f58a34,True
results/tests/47/threshold__f100__threshold_value=210/00_input.png,data/tests/detection/_shared_inputs/video_47/frame_100.png,deduplicate_identical_input,307109,1,20b994fa66690ea92958b43b3abdae6e33884955b2b34259754e46bedc05e6f7,True
results/tests/47/threshold__f100__threshold_value=210/detections.csv,data/tests/detection/threshold/legacy_t210__cfg4310fa76/frame_screening/video_47/frame_100/threshold__f100__threshold_value_210/detections.csv,move_file,1406,1,f8363f1b6a17151ade272f7c42c3af59c4009390fd209c83bef5200e01c57744,True
results/tests/47/threshold__f100__threshold_value=210/detections.png,data/tests/detection/threshold/legacy_t210__cfg4310fa76/frame_screening/video_47/frame_100/threshold__f100__threshold_value_210/detections.png,move_file,320407,1,af8b59411449ac79b05f1889a7b602bcb14375c1b20ac014d5d627aba7b0636c,True
results/tests/47/threshold__f100__threshold_value=210/summary.json,data/tests/detection/threshold/legacy_t210__cfg4310fa76/frame_screening/video_47/frame_100/threshold__f100__threshold_value_210/summary.json,move_file,1912,1,81c709158d37b43f800923279f99f3a23b276e2055a1d7d715b98d5ebe306137,True
results/tests/47/threshold__f50/00_input.png,data/tests/detection/_shared_inputs/video_47/frame_50.png,move_file,312828,1,47c01d807327cd2cdd219667675ec964e454c473b8d990fba0558b3a0aa1293b,True
results/tests/47/threshold__f50/detections.csv,data/tests/detection/otsu/legacy_otsu_defaults__cfgbbaffb3e/frame_screening/video_47/frame_50/threshold__f50/detections.csv,move_file,1840,1,76ebfb3997578b66a88cff111d25d45a8a9abb9cb7eeb40e20c96358139d2155,True
results/tests/47/threshold__f50/detections.png,data/tests/detection/otsu/legacy_otsu_defaults__cfgbbaffb3e/frame_screening/video_47/frame_50/threshold__f50/detections.png,move_file,326793,1,2e9db6562dc346ff740637842baf82818ec86564639d174d6e3a908692c90a14,True
results/tests/47/threshold__f50/summary.json,data/tests/detection/otsu/legacy_otsu_defaults__cfgbbaffb3e/frame_screening/video_47/frame_50/threshold__f50/summary.json,move_file,2506,1,c8e5831272cecb75bc061e059f8fdf0e8cd417d138be57ac54feb99d22cd6e33,True
results/tests/47/threshold__f50__close_iterations=0/00_input.png,data/tests/detection/_shared_inputs/video_47/frame_50.png,deduplicate_identical_input,312828,1,47c01d807327cd2cdd219667675ec964e454c473b8d990fba0558b3a0aa1293b,True
results/tests/47/threshold__f50__close_iterations=0/detections.csv,data/tests/detection/otsu/legacy_otsu_defaults__cfg4633c2bb/frame_screening/video_47/frame_50/threshold__f50__close_iterations_0/detections.csv,move_file,1840,1,76ebfb3997578b66a88cff111d25d45a8a9abb9cb7eeb40e20c96358139d2155,True
results/tests/47/threshold__f50__close_iterations=0/detections.png,data/tests/detection/otsu/legacy_otsu_defaults__cfg4633c2bb/frame_screening/video_47/frame_50/threshold__f50__close_iterations_0/detections.png,move_file,326793,1,2e9db6562dc346ff740637842baf82818ec86564639d174d6e3a908692c90a14,True
results/tests/47/threshold__f50__close_iterations=0/summary.json,data/tests/detection/otsu/legacy_otsu_defaults__cfg4633c2bb/frame_screening/video_47/frame_50/threshold__f50__close_iterations_0/summary.json,move_file,2525,1,70cdd889ae634f3d09a63e2ad191b7ff88eb2e00c383f7f7b259d94651f86c71,True
results/tests/47/threshold__f50__close_iterations=0_threshold_value=200/00_input.png,data/tests/detection/_shared_inputs/video_47/frame_50.png,deduplicate_identical_input,312828,1,47c01d807327cd2cdd219667675ec964e454c473b8d990fba0558b3a0aa1293b,True
results/tests/47/threshold__f50__close_iterations=0_threshold_value=200/detections.csv,data/tests/detection/threshold/legacy_t200_c0__cfg1359249f/frame_screening/video_47/frame_50/threshold__f50__close_iterations_0_threshold_value_200/detections.csv,move_file,1587,1,2702c269e0fc72314cad19dda927b2e740c0c471357abec71be106adebb74b84,True
results/tests/47/threshold__f50__close_iterations=0_threshold_value=200/detections.png,data/tests/detection/threshold/legacy_t200_c0__cfg1359249f/frame_screening/video_47/frame_50/threshold__f50__close_iterations_0_threshold_value_200/detections.png,move_file,326205,1,b0c7ed6fbf0adddbdf8411c528b04a1ebbffbbf1c7b4ecc10630ad94fd2da0a4,True
results/tests/47/threshold__f50__close_iterations=0_threshold_value=200/summary.json,data/tests/detection/threshold/legacy_t200_c0__cfg1359249f/frame_screening/video_47/frame_50/threshold__f50__close_iterations_0_threshold_value_200/summary.json,move_file,2143,1,3e8603b1529d7d905e111d459c7f51613dc7f6a7fbe052f0470b5dc31259c381,True
results/tests/47/threshold__f50__close_iterations=2_threshold_value=200/00_input.png,data/tests/detection/_shared_inputs/video_47/frame_50.png,deduplicate_identical_input,312828,1,47c01d807327cd2cdd219667675ec964e454c473b8d990fba0558b3a0aa1293b,True
results/tests/47/threshold__f50__close_iterations=2_threshold_value=200/detections.csv,data/tests/detection/threshold/legacy_t200_c2__cfg5d0522c8/frame_screening/video_47/frame_50/threshold__f50__close_iterations_2_threshold_value_200/detections.csv,move_file,1196,1,d680d153e5ea382dccbbccd62d0c83f140512ed676624a27bc913c5b52603f86,True
results/tests/47/threshold__f50__close_iterations=2_threshold_value=200/detections.png,data/tests/detection/threshold/legacy_t200_c2__cfg5d0522c8/frame_screening/video_47/frame_50/threshold__f50__close_iterations_2_threshold_value_200/detections.png,move_file,326327,1,0c086919bdb99ecc58fea40eb32d8ae77c656463c3fe8a2fdb4d9719906ea07b,True
results/tests/47/threshold__f50__close_iterations=2_threshold_value=200/summary.json,data/tests/detection/threshold/legacy_t200_c2__cfg5d0522c8/frame_screening/video_47/frame_50/threshold__f50__close_iterations_2_threshold_value_200/summary.json,move_file,1517,1,41e45b82a81538dc24e89160068b09ff75b7da9f6b097f7f2a24ad39e3c33c93,True
results/tests/47/threshold__f50__morph_iterations=2/00_input.png,data/tests/detection/_shared_inputs/video_47/frame_50.png,deduplicate_identical_input,312828,1,47c01d807327cd2cdd219667675ec964e454c473b8d990fba0558b3a0aa1293b,True
results/tests/47/threshold__f50__morph_iterations=2/detections.csv,data/tests/detection/otsu/legacy_otsu_defaults__cfg76e32ed9/frame_screening/video_47/frame_50/threshold__f50__morph_iterations_2/detections.csv,move_file,1389,1,7c5b93fb6dca6634ce62e369a4fb782c29b190f800aa37a1da3d1ed5b839635a,True
results/tests/47/threshold__f50__morph_iterations=2/detections.png,data/tests/detection/otsu/legacy_otsu_defaults__cfg76e32ed9/frame_screening/video_47/frame_50/threshold__f50__morph_iterations_2/detections.png,move_file,326527,1,64e98364d26d89cb20f067ffe456d84a49217ae97bc0854cc0c58b0f39ce2ba5,True
results/tests/47/threshold__f50__morph_iterations=2/summary.json,data/tests/detection/otsu/legacy_otsu_defaults__cfg76e32ed9/frame_screening/video_47/frame_50/threshold__f50__morph_iterations_2/summary.json,move_file,1795,1,7b76411ea60035e4b3e3176a6c493244c186e746665990d3cf6abd42995b5367,True
results/tests/47/threshold__f50__morph_iterations=2_threshold_value=200/00_input.png,data/tests/detection/_shared_inputs/video_47/frame_50.png,deduplicate_identical_input,312828,1,47c01d807327cd2cdd219667675ec964e454c473b8d990fba0558b3a0aa1293b,True
results/tests/47/threshold__f50__morph_iterations=2_threshold_value=200/detections.csv,data/tests/detection/threshold/legacy_t200_o2__cfga13617b6/frame_screening/video_47/frame_50/threshold__f50__morph_iterations_2_threshold_value_200/detections.csv,move_file,1270,1,d816aeb23b9f28c43961b3deb9ceda4f3ef80a20e2c2926f10d4746bb2ea2973,True
results/tests/47/threshold__f50__morph_iterations=2_threshold_value=200/detections.png,data/tests/detection/threshold/legacy_t200_o2__cfga13617b6/frame_screening/video_47/frame_50/threshold__f50__morph_iterations_2_threshold_value_200/detections.png,move_file,326269,1,bbda9d48be49c0bb07d26850e162450e22f02a57545925fc9ba31eca13890e77,True
results/tests/47/threshold__f50__morph_iterations=2_threshold_value=200/summary.json,data/tests/detection/threshold/legacy_t200_o2__cfga13617b6/frame_screening/video_47/frame_50/threshold__f50__morph_iterations_2_threshold_value_200/summary.json,move_file,1635,1,dbc28d243a4eb1ace630f2ce9279f3d6d58a2817e38ce6af61bd4fc49f1df424,True
results/tests/47/threshold__f50__threshold_value=180/00_input.png,data/tests/detection/_shared_inputs/video_47/frame_50.png,deduplicate_identical_input,312828,1,47c01d807327cd2cdd219667675ec964e454c473b8d990fba0558b3a0aa1293b,True
results/tests/47/threshold__f50__threshold_value=180/detections.csv,data/tests/detection/threshold/legacy_t180__cfg1fd3f76e/frame_screening/video_47/frame_50/threshold__f50__threshold_value_180/detections.csv,move_file,1773,1,6fc18b9494875dd5e46c92bfe7d0b51ca326035ea5dfaffa5df342617c88cddc,True
results/tests/47/threshold__f50__threshold_value=180/detections.png,data/tests/detection/threshold/legacy_t180__cfg1fd3f76e/frame_screening/video_47/frame_50/threshold__f50__threshold_value_180/detections.png,move_file,326523,1,1fcc410ca02a468c63d1ee9f5d223164d939f5d2835634c7bca1acb6e43333dc,True
results/tests/47/threshold__f50__threshold_value=180/summary.json,data/tests/detection/threshold/legacy_t180__cfg1fd3f76e/frame_screening/video_47/frame_50/threshold__f50__threshold_value_180/summary.json,move_file,2449,1,6a47e52d567795fe8e7e5070977d4f95e7d9f511858830f658ceb4bbab65235d,True
results/tests/47/threshold__f50__threshold_value=190/00_input.png,data/tests/detection/_shared_inputs/video_47/frame_50.png,deduplicate_identical_input,312828,1,47c01d807327cd2cdd219667675ec964e454c473b8d990fba0558b3a0aa1293b,True
results/tests/47/threshold__f50__threshold_value=190/detections.csv,data/tests/detection/threshold/legacy_t190__cfgfeeed012/frame_screening/video_47/frame_50/threshold__f50__threshold_value_190/detections.csv,move_file,1260,1,49f42e04337f67ff2d55e83f25f774b3078f168d689ac4b490727f5f0cd7ed00,True
results/tests/47/threshold__f50__threshold_value=190/detections.png,data/tests/detection/threshold/legacy_t190__cfgfeeed012/frame_screening/video_47/frame_50/threshold__f50__threshold_value_190/detections.png,move_file,326378,1,4386c6a6b5f27cded2ad33b17d3b6468cc279cac6b461c53fff201b57058ce47,True
results/tests/47/threshold__f50__threshold_value=190/summary.json,data/tests/detection/threshold/legacy_t190__cfgfeeed012/frame_screening/video_47/frame_50/threshold__f50__threshold_value_190/summary.json,move_file,1579,1,53e86b4884830af511187a54029b24f15bbcb551d7e65b40cbd7a32c9a8682be,True
results/tests/47/threshold__f50__threshold_value=200/00_input.png,data/tests/detection/_shared_inputs/video_47/frame_50.png,deduplicate_identical_input,312828,1,47c01d807327cd2cdd219667675ec964e454c473b8d990fba0558b3a0aa1293b,True
results/tests/47/threshold__f50__threshold_value=200/detections.csv,data/tests/detection/threshold/legacy_t200__cfg1f8f28ac/frame_screening/video_47/frame_50/threshold__f50__threshold_value_200/detections.csv,move_file,1262,1,6143dc50cc45690d039d543ff1a511c8d111f394f208373f44669554d30f4550,True
results/tests/47/threshold__f50__threshold_value=200/detections.png,data/tests/detection/threshold/legacy_t200__cfg1f8f28ac/frame_screening/video_47/frame_50/threshold__f50__threshold_value_200/detections.png,move_file,326316,1,fd5db0d9fce25e452296f8376d839c52db5f6406f294d6d4a1f4a8cc1f0031c9,True
results/tests/47/threshold__f50__threshold_value=200/summary.json,data/tests/detection/threshold/legacy_t200__cfg1f8f28ac/frame_screening/video_47/frame_50/threshold__f50__threshold_value_200/summary.json,move_file,1581,1,0ed54d333b1da06efeca673063eb66bb5950bd9921ae68a3ee7c5042a7c69397,True
results/tests/47/threshold__f50__threshold_value=210/00_input.png,data/tests/detection/_shared_inputs/video_47/frame_50.png,deduplicate_identical_input,312828,1,47c01d807327cd2cdd219667675ec964e454c473b8d990fba0558b3a0aa1293b,True
results/tests/47/threshold__f50__threshold_value=210/detections.csv,data/tests/detection/threshold/legacy_t210__cfg4310fa76/frame_screening/video_47/frame_50/threshold__f50__threshold_value_210/detections.csv,move_file,1330,1,754cb27cca12641a34864d55397e710c6947c51373f28a9a00f2dbcd9c55b40a,True
results/tests/47/threshold__f50__threshold_value=210/detections.png,data/tests/detection/threshold/legacy_t210__cfg4310fa76/frame_screening/video_47/frame_50/threshold__f50__threshold_value_210/detections.png,move_file,326644,1,b804344f7fbf6772de862b42e29e9951016183ffe825580d38c50709642f9a6f,True
results/tests/47/threshold__f50__threshold_value=210/summary.json,data/tests/detection/threshold/legacy_t210__cfg4310fa76/frame_screening/video_47/frame_50/threshold__f50__threshold_value_210/summary.json,move_file,1695,1,eff5991cc16cfb8b708ccb868a2cf72ba9bd591f13d16b5486ca7a55936ae4f3,True
results/tests/52/threshold__f0/00_input.png,data/tests/detection/_shared_inputs/video_52/frame_0.png,move_file,361107,1,a6b283303cc09fac089f968397fd173e8800d96eb4f869903d101ae92ed107e6,True
results/tests/52/threshold__f0/detections.csv,data/tests/detection/otsu/legacy_otsu_defaults__cfgbbaffb3e/frame_screening/video_52/frame_0/threshold__f0/detections.csv,move_file,2151,1,7d946182f42455419e0fc7f356674999675fc057c46cec1be4fa1ab64b0a9004,True
results/tests/52/threshold__f0/detections.png,data/tests/detection/otsu/legacy_otsu_defaults__cfgbbaffb3e/frame_screening/video_52/frame_0/threshold__f0/detections.png,move_file,375462,1,1d055114cbe30ce34fd075a34bb78792b9d2d3f2ba503a404725c8dde6234c4a,True
results/tests/52/threshold__f0/summary.json,data/tests/detection/otsu/legacy_otsu_defaults__cfgbbaffb3e/frame_screening/video_52/frame_0/threshold__f0/summary.json,move_file,2954,1,8b24726ef0c815c5806b966da17b7209543d40ca549d5b70146269f5fcaead1f,True
results/tests/52/threshold__f0__close_iterations=0/00_input.png,data/tests/detection/_shared_inputs/video_52/frame_0.png,deduplicate_identical_input,361107,1,a6b283303cc09fac089f968397fd173e8800d96eb4f869903d101ae92ed107e6,True
results/tests/52/threshold__f0__close_iterations=0/detections.csv,data/tests/detection/otsu/legacy_otsu_defaults__cfg4633c2bb/frame_screening/video_52/frame_0/threshold__f0__close_iterations_0/detections.csv,move_file,2407,1,dd239b4377486970f7c0e55378e26e79a37e5cae5bf02371b83ebd71d145f6b2,True
results/tests/52/threshold__f0__close_iterations=0/detections.png,data/tests/detection/otsu/legacy_otsu_defaults__cfg4633c2bb/frame_screening/video_52/frame_0/threshold__f0__close_iterations_0/detections.png,move_file,375410,1,8224f08cda4a297dd3e1618f652d606875d09fd943269befb14cd569da49847e,True
results/tests/52/threshold__f0__close_iterations=0/summary.json,data/tests/detection/otsu/legacy_otsu_defaults__cfg4633c2bb/frame_screening/video_52/frame_0/threshold__f0__close_iterations_0/summary.json,move_file,3409,1,0571947e1a5cc82a37ea310e46b9306ceb009b20c020e6a00ba5f14cab6bd6a7,True
results/tests/52/threshold__f0__close_iterations=0_threshold_value=200/00_input.png,data/tests/detection/_shared_inputs/video_52/frame_0.png,deduplicate_identical_input,361107,1,a6b283303cc09fac089f968397fd173e8800d96eb4f869903d101ae92ed107e6,True
results/tests/52/threshold__f0__close_iterations=0_threshold_value=200/detections.csv,data/tests/detection/threshold/legacy_t200_c0__cfg1359249f/frame_screening/video_52/frame_0/threshold__f0__close_iterations_0_threshold_value_200/detections.csv,move_file,1954,1,7fac5a09182b14753db984165999e8666bd1eaebc50ce84c5984bbfbc18c0753,True
results/tests/52/threshold__f0__close_iterations=0_threshold_value=200/detections.png,data/tests/detection/threshold/legacy_t200_c0__cfg1359249f/frame_screening/video_52/frame_0/threshold__f0__close_iterations_0_threshold_value_200/detections.png,move_file,374953,1,153ddcfabd4e5445704b678ddc4663d5d24f39d1a06e85493fd96473a2da5ccd,True
results/tests/52/threshold__f0__close_iterations=0_threshold_value=200/summary.json,data/tests/detection/threshold/legacy_t200_c0__cfg1359249f/frame_screening/video_52/frame_0/threshold__f0__close_iterations_0_threshold_value_200/summary.json,move_file,2688,1,83043d4d3326cf67c29e54a3be836336edb8e7c05467ed136a4d6cd95e774402,True
results/tests/52/threshold__f0__close_iterations=2_threshold_value=200/00_input.png,data/tests/detection/_shared_inputs/video_52/frame_0.png,deduplicate_identical_input,361107,1,a6b283303cc09fac089f968397fd173e8800d96eb4f869903d101ae92ed107e6,True
results/tests/52/threshold__f0__close_iterations=2_threshold_value=200/detections.csv,data/tests/detection/threshold/legacy_t200_c2__cfg5d0522c8/frame_screening/video_52/frame_0/threshold__f0__close_iterations_2_threshold_value_200/detections.csv,move_file,1890,1,78c4d47f3daad238706b4cd38a67a165be69a635f9270d68a57fdc65b9763d59,True
results/tests/52/threshold__f0__close_iterations=2_threshold_value=200/detections.png,data/tests/detection/threshold/legacy_t200_c2__cfg5d0522c8/frame_screening/video_52/frame_0/threshold__f0__close_iterations_2_threshold_value_200/detections.png,move_file,374984,1,8ebe1bb19ce4dd3e5c1956ef2b11e2c00f609bc428f5a3a51b041cdb34d9d6fb,True
results/tests/52/threshold__f0__close_iterations=2_threshold_value=200/summary.json,data/tests/detection/threshold/legacy_t200_c2__cfg5d0522c8/frame_screening/video_52/frame_0/threshold__f0__close_iterations_2_threshold_value_200/summary.json,move_file,2610,1,118ab3cd273974332f92350c7d8abb3db9683fed6d7e0c87dc6336e5c65bacc9,True
results/tests/52/threshold__f0__morph_iterations=2/00_input.png,data/tests/detection/_shared_inputs/video_52/frame_0.png,deduplicate_identical_input,361107,1,a6b283303cc09fac089f968397fd173e8800d96eb4f869903d101ae92ed107e6,True
results/tests/52/threshold__f0__morph_iterations=2/detections.csv,data/tests/detection/otsu/legacy_otsu_defaults__cfg76e32ed9/frame_screening/video_52/frame_0/threshold__f0__morph_iterations_2/detections.csv,move_file,1767,1,1b3c2b4616a8ce083bbde42e8bf44c78bffafea280b3c582bda66c3ee6a9c7a7,True
results/tests/52/threshold__f0__morph_iterations=2/detections.png,data/tests/detection/otsu/legacy_otsu_defaults__cfg76e32ed9/frame_screening/video_52/frame_0/threshold__f0__morph_iterations_2/detections.png,move_file,375300,1,7e06722862779f306d07f1abecd47ac34afcf3950ab6f665b78106c3633706f3,True
results/tests/52/threshold__f0__morph_iterations=2/summary.json,data/tests/detection/otsu/legacy_otsu_defaults__cfg76e32ed9/frame_screening/video_52/frame_0/threshold__f0__morph_iterations_2/summary.json,move_file,2347,1,c11b6921c025d2b3a4e88d2d7cd3ca89bf24cddf4811b8063e2bf7af2a6c0672,True
results/tests/52/threshold__f0__morph_iterations=2_threshold_value=200/00_input.png,data/tests/detection/_shared_inputs/video_52/frame_0.png,deduplicate_identical_input,361107,1,a6b283303cc09fac089f968397fd173e8800d96eb4f869903d101ae92ed107e6,True
results/tests/52/threshold__f0__morph_iterations=2_threshold_value=200/detections.csv,data/tests/detection/threshold/legacy_t200_o2__cfga13617b6/frame_screening/video_52/frame_0/threshold__f0__morph_iterations_2_threshold_value_200/detections.csv,move_file,1632,1,1590a88e1b3cc521c06d6e20dddad4b7f85f5152ac456d30920ccb76bd89d86d,True
results/tests/52/threshold__f0__morph_iterations=2_threshold_value=200/detections.png,data/tests/detection/threshold/legacy_t200_o2__cfga13617b6/frame_screening/video_52/frame_0/threshold__f0__morph_iterations_2_threshold_value_200/detections.png,move_file,375067,1,9bdccd9a6b1abeea591deb37737eb98ed20be5330fefc0d8bc650fa820cdac52,True
results/tests/52/threshold__f0__morph_iterations=2_threshold_value=200/summary.json,data/tests/detection/threshold/legacy_t200_o2__cfga13617b6/frame_screening/video_52/frame_0/threshold__f0__morph_iterations_2_threshold_value_200/summary.json,move_file,2169,1,4a14ce98f3baa78842adc9ab8cb6500d17299ea884309b7777d8fd1191cdc40a,True
results/tests/52/threshold__f0__threshold_value=180/00_input.png,data/tests/detection/_shared_inputs/video_52/frame_0.png,deduplicate_identical_input,361107,1,a6b283303cc09fac089f968397fd173e8800d96eb4f869903d101ae92ed107e6,True
results/tests/52/threshold__f0__threshold_value=180/detections.csv,data/tests/detection/threshold/legacy_t180__cfg1fd3f76e/frame_screening/video_52/frame_0/threshold__f0__threshold_value_180/detections.csv,move_file,2030,1,c76f1ed6c7db98d642757f27505f03f265b6538f420dbcca06762b08c7ee43de,True
results/tests/52/threshold__f0__threshold_value=180/detections.png,data/tests/detection/threshold/legacy_t180__cfg1fd3f76e/frame_screening/video_52/frame_0/threshold__f0__threshold_value_180/detections.png,move_file,375319,1,7f2f8379ffbcb36d4e14f9018511fcd07e4190894ca735d881b1cc28a72fecbb,True
results/tests/52/threshold__f0__threshold_value=180/summary.json,data/tests/detection/threshold/legacy_t180__cfg1fd3f76e/frame_screening/video_52/frame_0/threshold__f0__threshold_value_180/summary.json,move_file,2791,1,7e476bf76298801bbd81b5419080588a29169188f7106ba4754a36a605fdc0ea,True
results/tests/52/threshold__f0__threshold_value=190/00_input.png,data/tests/detection/_shared_inputs/video_52/frame_0.png,deduplicate_identical_input,361107,1,a6b283303cc09fac089f968397fd173e8800d96eb4f869903d101ae92ed107e6,True
results/tests/52/threshold__f0__threshold_value=190/detections.csv,data/tests/detection/threshold/legacy_t190__cfgfeeed012/frame_screening/video_52/frame_0/threshold__f0__threshold_value_190/detections.csv,move_file,1960,1,1aa4f21b33666ea4108e6ee7c72f94a6acbd1cd1eca992763255b8c08fd68e97,True
results/tests/52/threshold__f0__threshold_value=190/detections.png,data/tests/detection/threshold/legacy_t190__cfgfeeed012/frame_screening/video_52/frame_0/threshold__f0__threshold_value_190/detections.png,move_file,375128,1,be626f1b160865247be4a565b7b4064dabe8572f9fcfd2bd58a15d26bff6d904,True
results/tests/52/threshold__f0__threshold_value=190/summary.json,data/tests/detection/threshold/legacy_t190__cfgfeeed012/frame_screening/video_52/frame_0/threshold__f0__threshold_value_190/summary.json,move_file,2678,1,e19e1fb87d7ec791bbb2b937db2b19fbc58cd550e2bf55a5f03207bb2d2f86d6,True
results/tests/52/threshold__f0__threshold_value=200/00_input.png,data/tests/detection/_shared_inputs/video_52/frame_0.png,deduplicate_identical_input,361107,1,a6b283303cc09fac089f968397fd173e8800d96eb4f869903d101ae92ed107e6,True
results/tests/52/threshold__f0__threshold_value=200/detections.csv,data/tests/detection/threshold/legacy_t200__cfg1f8f28ac/frame_screening/video_52/frame_0/threshold__f0__threshold_value_200/detections.csv,move_file,1890,1,78c4d47f3daad238706b4cd38a67a165be69a635f9270d68a57fdc65b9763d59,True
results/tests/52/threshold__f0__threshold_value=200/detections.png,data/tests/detection/threshold/legacy_t200__cfg1f8f28ac/frame_screening/video_52/frame_0/threshold__f0__threshold_value_200/detections.png,move_file,374984,1,8ebe1bb19ce4dd3e5c1956ef2b11e2c00f609bc428f5a3a51b041cdb34d9d6fb,True
results/tests/52/threshold__f0__threshold_value=200/summary.json,data/tests/detection/threshold/legacy_t200__cfg1f8f28ac/frame_screening/video_52/frame_0/threshold__f0__threshold_value_200/summary.json,move_file,2563,1,bb0b36cd743e70ca064790b72866de93bf6f7d9a93f4ea0c38795cdf7a7551c0,True
results/tests/52/threshold__f0__threshold_value=210/00_input.png,data/tests/detection/_shared_inputs/video_52/frame_0.png,deduplicate_identical_input,361107,1,a6b283303cc09fac089f968397fd173e8800d96eb4f869903d101ae92ed107e6,True
results/tests/52/threshold__f0__threshold_value=210/detections.csv,data/tests/detection/threshold/legacy_t210__cfg4310fa76/frame_screening/video_52/frame_0/threshold__f0__threshold_value_210/detections.csv,move_file,1952,1,9073cb5b6500a6738acb94efde21edb92484bd313ddb893e06adf15060633e6e,True
results/tests/52/threshold__f0__threshold_value=210/detections.png,data/tests/detection/threshold/legacy_t210__cfg4310fa76/frame_screening/video_52/frame_0/threshold__f0__threshold_value_210/detections.png,move_file,374787,1,de36d08df2f109f2087f07994c8fab860e8aa2d443b7ba4214e92ab9969997ad,True
results/tests/52/threshold__f0__threshold_value=210/summary.json,data/tests/detection/threshold/legacy_t210__cfg4310fa76/frame_screening/video_52/frame_0/threshold__f0__threshold_value_210/summary.json,move_file,2671,1,a9bfd1156fc9765962b13f627c1fb1c227feabbcc2858e76e24bd799a96f95b5,True
results/tests/52/threshold__f100/00_input.png,data/tests/detection/_shared_inputs/video_52/frame_100.png,move_file,315892,1,e5a50a4302d1b2eae02576b3649d8463d7f0726c398b7225352c69939c99b333,True
results/tests/52/threshold__f100/detections.csv,data/tests/detection/otsu/legacy_otsu_defaults__cfgbbaffb3e/frame_screening/video_52/frame_100/threshold__f100/detections.csv,move_file,1941,1,ab08653d30bce8480b820c0f106a53128f8c8a19f240a995862c353a6a13821f,True
results/tests/52/threshold__f100/detections.png,data/tests/detection/otsu/legacy_otsu_defaults__cfgbbaffb3e/frame_screening/video_52/frame_100/threshold__f100/detections.png,move_file,328454,1,149015ec693b449f6405087a95c2a537f2c09b3c42c50275d5904bca02ef1c61,True
results/tests/52/threshold__f100/summary.json,data/tests/detection/otsu/legacy_otsu_defaults__cfgbbaffb3e/frame_screening/video_52/frame_100/threshold__f100/summary.json,move_file,2627,1,4066d59c58e97f08975db0bed4a7a870d5ea28b7019d3cc6888dd42c05cef40e,True
results/tests/52/threshold__f100__close_iterations=0/00_input.png,data/tests/detection/_shared_inputs/video_52/frame_100.png,deduplicate_identical_input,315892,1,e5a50a4302d1b2eae02576b3649d8463d7f0726c398b7225352c69939c99b333,True
results/tests/52/threshold__f100__close_iterations=0/detections.csv,data/tests/detection/otsu/legacy_otsu_defaults__cfg4633c2bb/frame_screening/video_52/frame_100/threshold__f100__close_iterations_0/detections.csv,move_file,2140,1,8796f25570cf808d2c993762792f4adee5177dda49944739067a01cd215ef446,True
results/tests/52/threshold__f100__close_iterations=0/detections.png,data/tests/detection/otsu/legacy_otsu_defaults__cfg4633c2bb/frame_screening/video_52/frame_100/threshold__f100__close_iterations_0/detections.png,move_file,328327,1,30a54bbdfd1e2b83af57d1d56f5530a4639a6db1304465fd30149ce6aff02fbb,True
results/tests/52/threshold__f100__close_iterations=0/summary.json,data/tests/detection/otsu/legacy_otsu_defaults__cfg4633c2bb/frame_screening/video_52/frame_100/threshold__f100__close_iterations_0/summary.json,move_file,2974,1,fecb3673541e26691b15c014c03dac16934e137d959026bf30e56f947f16a3e9,True
results/tests/52/threshold__f100__close_iterations=0_threshold_value=200/00_input.png,data/tests/detection/_shared_inputs/video_52/frame_100.png,deduplicate_identical_input,315892,1,e5a50a4302d1b2eae02576b3649d8463d7f0726c398b7225352c69939c99b333,True
results/tests/52/threshold__f100__close_iterations=0_threshold_value=200/detections.csv,data/tests/detection/threshold/legacy_t200_c0__cfg1359249f/frame_screening/video_52/frame_100/threshold__f100__close_iterations_0_threshold_value_200/detections.csv,move_file,1809,1,5e82525dc086499e7cafd0933fae3d42b2c9ecd199d29ec216b6b9996374e961,True
results/tests/52/threshold__f100__close_iterations=0_threshold_value=200/detections.png,data/tests/detection/threshold/legacy_t200_c0__cfg1359249f/frame_screening/video_52/frame_100/threshold__f100__close_iterations_0_threshold_value_200/detections.png,move_file,327780,1,0cc86f8c7391f793b81138a0004bec3f821f288ed3bd784700585b894a4ab360,True
results/tests/52/threshold__f100__close_iterations=0_threshold_value=200/summary.json,data/tests/detection/threshold/legacy_t200_c0__cfg1359249f/frame_screening/video_52/frame_100/threshold__f100__close_iterations_0_threshold_value_200/summary.json,move_file,2469,1,6ca265a741708d39e5c363224779a4aa9007a303b896424a51fe4d1b9c33422a,True
results/tests/52/threshold__f100__close_iterations=2_threshold_value=200/00_input.png,data/tests/detection/_shared_inputs/video_52/frame_100.png,deduplicate_identical_input,315892,1,e5a50a4302d1b2eae02576b3649d8463d7f0726c398b7225352c69939c99b333,True
results/tests/52/threshold__f100__close_iterations=2_threshold_value=200/detections.csv,data/tests/detection/threshold/legacy_t200_c2__cfg5d0522c8/frame_screening/video_52/frame_100/threshold__f100__close_iterations_2_threshold_value_200/detections.csv,move_file,1548,1,a6f3371261888be59b08372ac8a90b6d1e89146dc13ba4af0b6040f1bc86f4fd,True
results/tests/52/threshold__f100__close_iterations=2_threshold_value=200/detections.png,data/tests/detection/threshold/legacy_t200_c2__cfg5d0522c8/frame_screening/video_52/frame_100/threshold__f100__close_iterations_2_threshold_value_200/detections.png,move_file,328084,1,0f394189418243c0ca16c6fb6e18aa66146cb484eebe5a9f44c6696ab1256fcc,True
results/tests/52/threshold__f100__close_iterations=2_threshold_value=200/summary.json,data/tests/detection/threshold/legacy_t200_c2__cfg5d0522c8/frame_screening/video_52/frame_100/threshold__f100__close_iterations_2_threshold_value_200/summary.json,move_file,2067,1,f6d75442523209e383590d252809345f4e03116dbc375fcdf231d4e2e0b006ce,True
results/tests/52/threshold__f100__morph_iterations=2/00_input.png,data/tests/detection/_shared_inputs/video_52/frame_100.png,deduplicate_identical_input,315892,1,e5a50a4302d1b2eae02576b3649d8463d7f0726c398b7225352c69939c99b333,True
results/tests/52/threshold__f100__morph_iterations=2/detections.csv,data/tests/detection/otsu/legacy_otsu_defaults__cfg76e32ed9/frame_screening/video_52/frame_100/threshold__f100__morph_iterations_2/detections.csv,move_file,1488,1,1e13d7bd0cce4e6c60dea1b989016558b098a5b6c8d6984ec7f7ec6f451b3c96,True
results/tests/52/threshold__f100__morph_iterations=2/detections.png,data/tests/detection/otsu/legacy_otsu_defaults__cfg76e32ed9/frame_screening/video_52/frame_100/threshold__f100__morph_iterations_2/detections.png,move_file,328628,1,7c5e44a39bc35a885d1e357d0370485d80163e696e9ec475e1e2cd56ac5b8aa2,True
results/tests/52/threshold__f100__morph_iterations=2/summary.json,data/tests/detection/otsu/legacy_otsu_defaults__cfg76e32ed9/frame_screening/video_52/frame_100/threshold__f100__morph_iterations_2/summary.json,move_file,1916,1,d43006c4ac8dde1b5e711bdc2634c74a83cc99a76cc0980509e23aec3776579a,True
results/tests/52/threshold__f100__morph_iterations=2_threshold_value=200/00_input.png,data/tests/detection/_shared_inputs/video_52/frame_100.png,deduplicate_identical_input,315892,1,e5a50a4302d1b2eae02576b3649d8463d7f0726c398b7225352c69939c99b333,True
results/tests/52/threshold__f100__morph_iterations=2_threshold_value=200/detections.csv,data/tests/detection/threshold/legacy_t200_o2__cfga13617b6/frame_screening/video_52/frame_100/threshold__f100__morph_iterations_2_threshold_value_200/detections.csv,move_file,1353,1,1ca528a771adfdab1e55d94afc5c3f2632cf301a1c4a3cbaf3028a0290f28ada,True
results/tests/52/threshold__f100__morph_iterations=2_threshold_value=200/detections.png,data/tests/detection/threshold/legacy_t200_o2__cfga13617b6/frame_screening/video_52/frame_100/threshold__f100__morph_iterations_2_threshold_value_200/detections.png,move_file,328330,1,e164574099d6bc9a4211724cdb63cc5ef36e264e96fd6dcbfaa631c29283acd0,True
results/tests/52/threshold__f100__morph_iterations=2_threshold_value=200/summary.json,data/tests/detection/threshold/legacy_t200_o2__cfga13617b6/frame_screening/video_52/frame_100/threshold__f100__morph_iterations_2_threshold_value_200/summary.json,move_file,1740,1,69e58bce3d00456616c9b99cd366c13fb911b4f22b65074035d1a02e0483f041,True
results/tests/52/threshold__f100__threshold_value=180/00_input.png,data/tests/detection/_shared_inputs/video_52/frame_100.png,deduplicate_identical_input,315892,1,e5a50a4302d1b2eae02576b3649d8463d7f0726c398b7225352c69939c99b333,True
results/tests/52/threshold__f100__threshold_value=180/detections.csv,data/tests/detection/threshold/legacy_t180__cfg1fd3f76e/frame_screening/video_52/frame_100/threshold__f100__threshold_value_180/detections.csv,move_file,1822,1,a75d27c6058576e6667172a548ffc4a4979cd5f8dfbf5c17e28462bdb514713a,True
results/tests/52/threshold__f100__threshold_value=180/detections.png,data/tests/detection/threshold/legacy_t180__cfg1fd3f76e/frame_screening/video_52/frame_100/threshold__f100__threshold_value_180/detections.png,move_file,328265,1,e504e29c385128b16a398b29dfac970d1f2a6fac6fedfba0827396b4c9d0f1fd,True
results/tests/52/threshold__f100__threshold_value=180/summary.json,data/tests/detection/threshold/legacy_t180__cfg1fd3f76e/frame_screening/video_52/frame_100/threshold__f100__threshold_value_180/summary.json,move_file,2467,1,5d0e8b5882d06cbd86ce6d499f30c59c8dd5c3009dfcd69ee9bf031a7064a6fe,True
results/tests/52/threshold__f100__threshold_value=190/00_input.png,data/tests/detection/_shared_inputs/video_52/frame_100.png,deduplicate_identical_input,315892,1,e5a50a4302d1b2eae02576b3649d8463d7f0726c398b7225352c69939c99b333,True
results/tests/52/threshold__f100__threshold_value=190/detections.csv,data/tests/detection/threshold/legacy_t190__cfgfeeed012/frame_screening/video_52/frame_100/threshold__f100__threshold_value_190/detections.csv,move_file,1619,1,c4abaef1d84b4fd7319ba56ee4590548663f6ba041c37ff555d61639b7f38782,True
results/tests/52/threshold__f100__threshold_value=190/detections.png,data/tests/detection/threshold/legacy_t190__cfgfeeed012/frame_screening/video_52/frame_100/threshold__f100__threshold_value_190/detections.png,move_file,328134,1,b35e076fd013db2754218d3bf2c9602a5a6ea968879c7a4a7225839262aef945,True
results/tests/52/threshold__f100__threshold_value=190/summary.json,data/tests/detection/threshold/legacy_t190__cfgfeeed012/frame_screening/video_52/frame_100/threshold__f100__threshold_value_190/summary.json,move_file,2132,1,8cb673054e37a590a48e3c96d99d6931c4527d344c7df8efa475c11e8f7aee34,True
results/tests/52/threshold__f100__threshold_value=200/00_input.png,data/tests/detection/_shared_inputs/video_52/frame_100.png,deduplicate_identical_input,315892,1,e5a50a4302d1b2eae02576b3649d8463d7f0726c398b7225352c69939c99b333,True
results/tests/52/threshold__f100__threshold_value=200/detections.csv,data/tests/detection/threshold/legacy_t200__cfg1f8f28ac/frame_screening/video_52/frame_100/threshold__f100__threshold_value_200/detections.csv,move_file,1613,1,90a05d34e44b31100f79131198cc3d28d0043927112ffa632e1db06b37136388,True
results/tests/52/threshold__f100__threshold_value=200/detections.png,data/tests/detection/threshold/legacy_t200__cfg1f8f28ac/frame_screening/video_52/frame_100/threshold__f100__threshold_value_200/detections.png,move_file,327986,1,fd59a8dfb2b5721e29fa34dfeefa070f2aa057ecfd986a0ed71f1baac0522f6d,True
results/tests/52/threshold__f100__threshold_value=200/summary.json,data/tests/detection/threshold/legacy_t200__cfg1f8f28ac/frame_screening/video_52/frame_100/threshold__f100__threshold_value_200/summary.json,move_file,2126,1,f6e17569b61a479698391d45077823716fefc068797e105c2a5f43c661caa5d0,True
results/tests/52/threshold__f100__threshold_value=210/00_input.png,data/tests/detection/_shared_inputs/video_52/frame_100.png,deduplicate_identical_input,315892,1,e5a50a4302d1b2eae02576b3649d8463d7f0726c398b7225352c69939c99b333,True
results/tests/52/threshold__f100__threshold_value=210/detections.csv,data/tests/detection/threshold/legacy_t210__cfg4310fa76/frame_screening/video_52/frame_100/threshold__f100__threshold_value_210/detections.csv,move_file,1871,1,740e81cb1f0083f4e28e0a1701439aff2433018e58dc688a4cd867a6865bbd68,True
results/tests/52/threshold__f100__threshold_value=210/detections.png,data/tests/detection/threshold/legacy_t210__cfg4310fa76/frame_screening/video_52/frame_100/threshold__f100__threshold_value_210/detections.png,move_file,327868,1,b839903a22539ddd68f86eba54084daa26bb71cc763e70921df24d4b22a99124,True
results/tests/52/threshold__f100__threshold_value=210/summary.json,data/tests/detection/threshold/legacy_t210__cfg4310fa76/frame_screening/video_52/frame_100/threshold__f100__threshold_value_210/summary.json,move_file,2562,1,2aafdfa75374c1949cc103f0a6045df15e50188c7c1abea839d6ef2444de993a,True
results/tests/52/threshold__f50/00_input.png,data/tests/detection/_shared_inputs/video_52/frame_50.png,move_file,307380,1,6c670c58e28a05045ddf49ffb3ce7e6a8515eb4f2b7e222c4eb6726c1d6d346e,True
results/tests/52/threshold__f50/detections.csv,data/tests/detection/otsu/legacy_otsu_defaults__cfgbbaffb3e/frame_screening/video_52/frame_50/threshold__f50/detections.csv,move_file,1633,1,1a3a9ec56bf50b28827b0838b0e7ef4774846955b36df2b582f5b48c5e8f68d6,True
results/tests/52/threshold__f50/detections.png,data/tests/detection/otsu/legacy_otsu_defaults__cfgbbaffb3e/frame_screening/video_52/frame_50/threshold__f50/detections.png,move_file,318987,1,4df36f003b85d6fd85c1a97051a5d2ab5727a9925a6f6eb7fed2743cb198b425,True
results/tests/52/threshold__f50/summary.json,data/tests/detection/otsu/legacy_otsu_defaults__cfgbbaffb3e/frame_screening/video_52/frame_50/threshold__f50/summary.json,move_file,2301,1,9994cd9ce02589e18c80b56f0cd494dcdcfd31d5b1e1ef1ef291172fddbfb9c7,True
results/tests/52/threshold__f50__close_iterations=0/00_input.png,data/tests/detection/_shared_inputs/video_52/frame_50.png,deduplicate_identical_input,307380,1,6c670c58e28a05045ddf49ffb3ce7e6a8515eb4f2b7e222c4eb6726c1d6d346e,True
results/tests/52/threshold__f50__close_iterations=0/detections.csv,data/tests/detection/otsu/legacy_otsu_defaults__cfg4633c2bb/frame_screening/video_52/frame_50/threshold__f50__close_iterations_0/detections.csv,move_file,2024,1,0e58bcf1a2bea99b6bec0c22fbd7dd0942383d7ad457253345d27c87cf1fd25d,True
results/tests/52/threshold__f50__close_iterations=0/detections.png,data/tests/detection/otsu/legacy_otsu_defaults__cfg4633c2bb/frame_screening/video_52/frame_50/threshold__f50__close_iterations_0/detections.png,move_file,318707,1,6c62c16437c1f109047499cf5dc4264c99adcff9ceb0da0f20a09685ec225855,True
results/tests/52/threshold__f50__close_iterations=0/summary.json,data/tests/detection/otsu/legacy_otsu_defaults__cfg4633c2bb/frame_screening/video_52/frame_50/threshold__f50__close_iterations_0/summary.json,move_file,2977,1,98f7c86ca55bd296da9b9419762d31e530aba24db00a8476e928750986c7d8e4,True
results/tests/52/threshold__f50__close_iterations=0_threshold_value=200/00_input.png,data/tests/detection/_shared_inputs/video_52/frame_50.png,deduplicate_identical_input,307380,1,6c670c58e28a05045ddf49ffb3ce7e6a8515eb4f2b7e222c4eb6726c1d6d346e,True
results/tests/52/threshold__f50__close_iterations=0_threshold_value=200/detections.csv,data/tests/detection/threshold/legacy_t200_c0__cfg1359249f/frame_screening/video_52/frame_50/threshold__f50__close_iterations_0_threshold_value_200/detections.csv,move_file,1697,1,7852e2fd123a18ba2ef4af25ee7dc8658a9b6716fd8f915d227cc378e681a920,True
results/tests/52/threshold__f50__close_iterations=0_threshold_value=200/detections.png,data/tests/detection/threshold/legacy_t200_c0__cfg1359249f/frame_screening/video_52/frame_50/threshold__f50__close_iterations_0_threshold_value_200/detections.png,move_file,318379,1,1781569d9b60794010d595fc3d9b6cbd1ff65879ec89a7dd0676cdcb4eaf78fb,True
results/tests/52/threshold__f50__close_iterations=0_threshold_value=200/summary.json,data/tests/detection/threshold/legacy_t200_c0__cfg1359249f/frame_screening/video_52/frame_50/threshold__f50__close_iterations_0_threshold_value_200/summary.json,move_file,2473,1,1635ca0f30ccb662f8f5d86d83de920b30d8ff0b981da38bed27201c6c285418,True
results/tests/52/threshold__f50__close_iterations=2_threshold_value=200/00_input.png,data/tests/detection/_shared_inputs/video_52/frame_50.png,deduplicate_identical_input,307380,1,6c670c58e28a05045ddf49ffb3ce7e6a8515eb4f2b7e222c4eb6726c1d6d346e,True
results/tests/52/threshold__f50__close_iterations=2_threshold_value=200/detections.csv,data/tests/detection/threshold/legacy_t200_c2__cfg5d0522c8/frame_screening/video_52/frame_50/threshold__f50__close_iterations_2_threshold_value_200/detections.csv,move_file,1568,1,8712c4f1dd6d60c71a68b05f880f4a86f5ee47c1e02207a359b796addfb8962d,True
results/tests/52/threshold__f50__close_iterations=2_threshold_value=200/detections.png,data/tests/detection/threshold/legacy_t200_c2__cfg5d0522c8/frame_screening/video_52/frame_50/threshold__f50__close_iterations_2_threshold_value_200/detections.png,move_file,318593,1,dfe4df4f561346d0ab8d16d441f9ae349003acdbdcbcfa81b61784d495e97c84,True
results/tests/52/threshold__f50__close_iterations=2_threshold_value=200/summary.json,data/tests/detection/threshold/legacy_t200_c2__cfg5d0522c8/frame_screening/video_52/frame_50/threshold__f50__close_iterations_2_threshold_value_200/summary.json,move_file,2285,1,7a3a84d66f7b87333bcebafaf4611c64f527cf34fdd1573c6b49047f935459a9,True
results/tests/52/threshold__f50__morph_iterations=2/00_input.png,data/tests/detection/_shared_inputs/video_52/frame_50.png,deduplicate_identical_input,307380,1,6c670c58e28a05045ddf49ffb3ce7e6a8515eb4f2b7e222c4eb6726c1d6d346e,True
results/tests/52/threshold__f50__morph_iterations=2/detections.csv,data/tests/detection/otsu/legacy_otsu_defaults__cfg76e32ed9/frame_screening/video_52/frame_50/threshold__f50__morph_iterations_2/detections.csv,move_file,1574,1,cc7900132828fd8049720702ec36a46dd2e71c3412294219c27a93e27cc4fda8,True
results/tests/52/threshold__f50__morph_iterations=2/detections.png,data/tests/detection/otsu/legacy_otsu_defaults__cfg76e32ed9/frame_screening/video_52/frame_50/threshold__f50__morph_iterations_2/detections.png,move_file,318936,1,cf6011e6b1419e13efd04f219eb25343a1233f7037a337c300b0c3ea851f6e19,True
results/tests/52/threshold__f50__morph_iterations=2/summary.json,data/tests/detection/otsu/legacy_otsu_defaults__cfg76e32ed9/frame_screening/video_52/frame_50/threshold__f50__morph_iterations_2/summary.json,move_file,2241,1,48ee10ac62a07013d99f64ed8965c52def223426c0a079a0af1ff5dfe805d2b0,True
results/tests/52/threshold__f50__morph_iterations=2_threshold_value=200/00_input.png,data/tests/detection/_shared_inputs/video_52/frame_50.png,deduplicate_identical_input,307380,1,6c670c58e28a05045ddf49ffb3ce7e6a8515eb4f2b7e222c4eb6726c1d6d346e,True
results/tests/52/threshold__f50__morph_iterations=2_threshold_value=200/detections.csv,data/tests/detection/threshold/legacy_t200_o2__cfga13617b6/frame_screening/video_52/frame_50/threshold__f50__morph_iterations_2_threshold_value_200/detections.csv,move_file,1241,1,bed1e4e5e69c72252dd81fb6c4da0a4e5677d888b1c518874796c0fea7d461ce,True
results/tests/52/threshold__f50__morph_iterations=2_threshold_value=200/detections.png,data/tests/detection/threshold/legacy_t200_o2__cfga13617b6/frame_screening/video_52/frame_50/threshold__f50__morph_iterations_2_threshold_value_200/detections.png,move_file,318602,1,6fcce881082b41cde823a8bcea43ba69e0ba909ff19e8836ad578224af982541,True
results/tests/52/threshold__f50__morph_iterations=2_threshold_value=200/summary.json,data/tests/detection/threshold/legacy_t200_o2__cfga13617b6/frame_screening/video_52/frame_50/threshold__f50__morph_iterations_2_threshold_value_200/summary.json,move_file,1738,1,b5d2c0ba07b857e6ea607b9727db92cfee14b96521d7adcbde97ff9eaf2d2d95,True
results/tests/52/threshold__f50__threshold_value=180/00_input.png,data/tests/detection/_shared_inputs/video_52/frame_50.png,deduplicate_identical_input,307380,1,6c670c58e28a05045ddf49ffb3ce7e6a8515eb4f2b7e222c4eb6726c1d6d346e,True
results/tests/52/threshold__f50__threshold_value=180/detections.csv,data/tests/detection/threshold/legacy_t180__cfg1fd3f76e/frame_screening/video_52/frame_50/threshold__f50__threshold_value_180/detections.csv,move_file,1766,1,39d11505356bb4561580d076894cd2b99543d6601e6093cf2b0c21eec354e908,True
results/tests/52/threshold__f50__threshold_value=180/detections.png,data/tests/detection/threshold/legacy_t180__cfg1fd3f76e/frame_screening/video_52/frame_50/threshold__f50__threshold_value_180/detections.png,move_file,318631,1,5e31b105a9b3852af9a78666c659ddd83f7bab8e4fa499b168681449c01720c8,True
results/tests/52/threshold__f50__threshold_value=180/summary.json,data/tests/detection/threshold/legacy_t180__cfg1fd3f76e/frame_screening/video_52/frame_50/threshold__f50__threshold_value_180/summary.json,move_file,2571,1,d4282c943518ddf767bae1a8bee2b2a3a636225da5df87818e4fc88122f7308b,True
results/tests/52/threshold__f50__threshold_value=190/00_input.png,data/tests/detection/_shared_inputs/video_52/frame_50.png,deduplicate_identical_input,307380,1,6c670c58e28a05045ddf49ffb3ce7e6a8515eb4f2b7e222c4eb6726c1d6d346e,True
results/tests/52/threshold__f50__threshold_value=190/detections.csv,data/tests/detection/threshold/legacy_t190__cfgfeeed012/frame_screening/video_52/frame_50/threshold__f50__threshold_value_190/detections.csv,move_file,1692,1,73942e8ab38af447c25aad22688ce198a29159b68e94c89b64dfac898046f5fb,True
results/tests/52/threshold__f50__threshold_value=190/detections.png,data/tests/detection/threshold/legacy_t190__cfgfeeed012/frame_screening/video_52/frame_50/threshold__f50__threshold_value_190/detections.png,move_file,318425,1,20ff5a404bc3c7d158c20fe92ddd40c87e5a096c9c4f417f81337e49fd7888f9,True
results/tests/52/threshold__f50__threshold_value=190/summary.json,data/tests/detection/threshold/legacy_t190__cfgfeeed012/frame_screening/video_52/frame_50/threshold__f50__threshold_value_190/summary.json,move_file,2456,1,87cf35e0f43bce2d4f08d7676ac86b82f2bf81c94350585ab82aace2d6e3f96e,True
results/tests/52/threshold__f50__threshold_value=200/00_input.png,data/tests/detection/_shared_inputs/video_52/frame_50.png,deduplicate_identical_input,307380,1,6c670c58e28a05045ddf49ffb3ce7e6a8515eb4f2b7e222c4eb6726c1d6d346e,True
results/tests/52/threshold__f50__threshold_value=200/detections.csv,data/tests/detection/threshold/legacy_t200__cfg1f8f28ac/frame_screening/video_52/frame_50/threshold__f50__threshold_value_200/detections.csv,move_file,1632,1,624ab455f8f4e36a75ca4a6186b8252d929d0c5c2404ba1c48ca8dd123c3ba70,True
results/tests/52/threshold__f50__threshold_value=200/detections.png,data/tests/detection/threshold/legacy_t200__cfg1f8f28ac/frame_screening/video_52/frame_50/threshold__f50__threshold_value_200/detections.png,move_file,318539,1,53995f14dec67a199e77f9e03d4ce3920eb1d29b814702340d9749ae29ffa10e,True
results/tests/52/threshold__f50__threshold_value=200/summary.json,data/tests/detection/threshold/legacy_t200__cfg1f8f28ac/frame_screening/video_52/frame_50/threshold__f50__threshold_value_200/summary.json,move_file,2349,1,bd6d9de0628e18de09fac286c12b670e1e626c5265e424fca9def97698c6eb60,True
results/tests/52/threshold__f50__threshold_value=210/00_input.png,data/tests/detection/_shared_inputs/video_52/frame_50.png,deduplicate_identical_input,307380,1,6c670c58e28a05045ddf49ffb3ce7e6a8515eb4f2b7e222c4eb6726c1d6d346e,True
results/tests/52/threshold__f50__threshold_value=210/detections.csv,data/tests/detection/threshold/legacy_t210__cfg4310fa76/frame_screening/video_52/frame_50/threshold__f50__threshold_value_210/detections.csv,move_file,1687,1,ac820dec9a149fd63face55ddc4e99366e545f665002ebfc609e898b6a55c11b,True
results/tests/52/threshold__f50__threshold_value=210/detections.png,data/tests/detection/threshold/legacy_t210__cfg4310fa76/frame_screening/video_52/frame_50/threshold__f50__threshold_value_210/detections.png,move_file,318144,1,8f345c4ef347556970ddf7f4d1af556533e5de567cf6e3ee98c4cab93b2668d6,True
results/tests/52/threshold__f50__threshold_value=210/summary.json,data/tests/detection/threshold/legacy_t210__cfg4310fa76/frame_screening/video_52/frame_50/threshold__f50__threshold_value_210/summary.json,move_file,2451,1,083a1b78a9d4bc17077cf24cbb0ac194053f08ad7b2e5b9c908f10766b441a84,True
results/tests/54/threshold__f0/00_input.png,data/tests/detection/_shared_inputs/video_54/frame_0.png,move_file,434581,1,dacd3d4147132016e0421b496ac643bd265b73bb2afda71dd08f9af66a142ffe,True
results/tests/54/threshold__f0/detections.csv,data/tests/detection/otsu/legacy_otsu_defaults__cfgbbaffb3e/frame_screening/video_54/frame_0/threshold__f0/detections.csv,move_file,8065,1,a87e96e84862ce260518be9688e4f001f33330c0749610209807fa4af798bfe9,True
results/tests/54/threshold__f0/detections.png,data/tests/detection/otsu/legacy_otsu_defaults__cfgbbaffb3e/frame_screening/video_54/frame_0/threshold__f0/detections.png,move_file,466469,1,0cfc82e492726ba175c4838e3b902ca35bc94938525fed788b32c5d59e19aec0,True
results/tests/54/threshold__f0/summary.json,data/tests/detection/otsu/legacy_otsu_defaults__cfgbbaffb3e/frame_screening/video_54/frame_0/threshold__f0/summary.json,move_file,9850,1,84efd1f2b37e8a71dfb6feaeaa16aa1224b7f4156a9dc35026e148d2f738b13b,True
results/tests/54/threshold__f0__close_iterations=0/00_input.png,data/tests/detection/_shared_inputs/video_54/frame_0.png,deduplicate_identical_input,434581,1,dacd3d4147132016e0421b496ac643bd265b73bb2afda71dd08f9af66a142ffe,True
results/tests/54/threshold__f0__close_iterations=0/detections.csv,data/tests/detection/otsu/legacy_otsu_defaults__cfg4633c2bb/frame_screening/video_54/frame_0/threshold__f0__close_iterations_0/detections.csv,move_file,8703,1,45269153bf959de58894deb6fe53afe8d49ad979dc3c3d68f3a4e19cd4c3da7f,True
results/tests/54/threshold__f0__close_iterations=0/detections.png,data/tests/detection/otsu/legacy_otsu_defaults__cfg4633c2bb/frame_screening/video_54/frame_0/threshold__f0__close_iterations_0/detections.png,move_file,466032,1,5ce8bad5b02e84a658cfa921568dd0966f5d4feebf7d13c91b9c504919683477,True
results/tests/54/threshold__f0__close_iterations=0/summary.json,data/tests/detection/otsu/legacy_otsu_defaults__cfg4633c2bb/frame_screening/video_54/frame_0/threshold__f0__close_iterations_0/summary.json,move_file,10961,1,0fb9ce9b58356ffed2439553a132f16341368b0bada9a3e0f2a2bbed2a716f26,True
results/tests/54/threshold__f0__close_iterations=0_threshold_value=200/00_input.png,data/tests/detection/_shared_inputs/video_54/frame_0.png,deduplicate_identical_input,434581,1,dacd3d4147132016e0421b496ac643bd265b73bb2afda71dd08f9af66a142ffe,True
results/tests/54/threshold__f0__close_iterations=0_threshold_value=200/detections.csv,data/tests/detection/threshold/legacy_t200_c0__cfg1359249f/frame_screening/video_54/frame_0/threshold__f0__close_iterations_0_threshold_value_200/detections.csv,move_file,3868,1,3de40e04b18b2242db41f2a23531f58d8979bbfef3f520d7583b776307ae95ad,True
results/tests/54/threshold__f0__close_iterations=0_threshold_value=200/detections.png,data/tests/detection/threshold/legacy_t200_c0__cfg1359249f/frame_screening/video_54/frame_0/threshold__f0__close_iterations_0_threshold_value_200/detections.png,move_file,464017,1,ddbcb18698bb84834422633170f2d1159303de11af425c5dd5fb0b09f8d9944d,True
results/tests/54/threshold__f0__close_iterations=0_threshold_value=200/summary.json,data/tests/detection/threshold/legacy_t200_c0__cfg1359249f/frame_screening/video_54/frame_0/threshold__f0__close_iterations_0_threshold_value_200/summary.json,move_file,2780,1,c8a516e7425f747b69e4eafa29563f30188e2b88c6882f2368014f87d3e9c241,True
results/tests/54/threshold__f0__close_iterations=2_threshold_value=200/00_input.png,data/tests/detection/_shared_inputs/video_54/frame_0.png,deduplicate_identical_input,434581,1,dacd3d4147132016e0421b496ac643bd265b73bb2afda71dd08f9af66a142ffe,True
results/tests/54/threshold__f0__close_iterations=2_threshold_value=200/detections.csv,data/tests/detection/threshold/legacy_t200_c2__cfg5d0522c8/frame_screening/video_54/frame_0/threshold__f0__close_iterations_2_threshold_value_200/detections.csv,move_file,3804,1,d9d689790945ccb22b5e10fc5c30274e3149cbe568a1f3f5b211876531523147,True
results/tests/54/threshold__f0__close_iterations=2_threshold_value=200/detections.png,data/tests/detection/threshold/legacy_t200_c2__cfg5d0522c8/frame_screening/video_54/frame_0/threshold__f0__close_iterations_2_threshold_value_200/detections.png,move_file,464093,1,2955d816cc47f0090bd69d3cef44be8bead69b4150003ed742d6110b31480903,True
results/tests/54/threshold__f0__close_iterations=2_threshold_value=200/summary.json,data/tests/detection/threshold/legacy_t200_c2__cfg5d0522c8/frame_screening/video_54/frame_0/threshold__f0__close_iterations_2_threshold_value_200/summary.json,move_file,2703,1,d44e607ffd994916cf056e81971a730f6bd1e3c4a6c11103607dcb23378ea6a3,True
results/tests/54/threshold__f0__morph_iterations=2/00_input.png,data/tests/detection/_shared_inputs/video_54/frame_0.png,deduplicate_identical_input,434581,1,dacd3d4147132016e0421b496ac643bd265b73bb2afda71dd08f9af66a142ffe,True
results/tests/54/threshold__f0__morph_iterations=2/detections.csv,data/tests/detection/otsu/legacy_otsu_defaults__cfg76e32ed9/frame_screening/video_54/frame_0/threshold__f0__morph_iterations_2/detections.csv,move_file,6477,1,6891c0d0321bbcd825a1794cf55ef198ebd64a9d3ffcdcf5ad801073003622b8,True
results/tests/54/threshold__f0__morph_iterations=2/detections.png,data/tests/detection/otsu/legacy_otsu_defaults__cfg76e32ed9/frame_screening/video_54/frame_0/threshold__f0__morph_iterations_2/detections.png,move_file,466242,1,9e15d049b17c0cef185b4c80780ab1d783d4f801a8c01bdc4edf3ddfbf52dd1a,True
results/tests/54/threshold__f0__morph_iterations=2/summary.json,data/tests/detection/otsu/legacy_otsu_defaults__cfg76e32ed9/frame_screening/video_54/frame_0/threshold__f0__morph_iterations_2/summary.json,move_file,7179,1,28f508df26e5fadc84a2d932d58e33328a248c112a759ef63ee82025358e44ac,True
results/tests/54/threshold__f0__morph_iterations=2_threshold_value=200/00_input.png,data/tests/detection/_shared_inputs/video_54/frame_0.png,deduplicate_identical_input,434581,1,dacd3d4147132016e0421b496ac643bd265b73bb2afda71dd08f9af66a142ffe,True
results/tests/54/threshold__f0__morph_iterations=2_threshold_value=200/detections.csv,data/tests/detection/threshold/legacy_t200_o2__cfga13617b6/frame_screening/video_54/frame_0/threshold__f0__morph_iterations_2_threshold_value_200/detections.csv,move_file,2932,1,95862e030a9c1261fbab2fe286e5a5b7d0427562cb84aabc3bf92b02f4dbd32b,True
results/tests/54/threshold__f0__morph_iterations=2_threshold_value=200/detections.png,data/tests/detection/threshold/legacy_t200_o2__cfga13617b6/frame_screening/video_54/frame_0/threshold__f0__morph_iterations_2_threshold_value_200/detections.png,move_file,464618,1,fe437df203617dfe8d8429b5e00396e400073cefb08c4f39885ed5b333ccbd7a,True
results/tests/54/threshold__f0__morph_iterations=2_threshold_value=200/summary.json,data/tests/detection/threshold/legacy_t200_o2__cfga13617b6/frame_screening/video_54/frame_0/threshold__f0__morph_iterations_2_threshold_value_200/summary.json,move_file,1185,1,7bf670d5932b231df4f47db076e2653a00c30520c4d95bdc5b5eae490c352f8a,True
results/tests/54/threshold__f0__threshold_value=180/00_input.png,data/tests/detection/_shared_inputs/video_54/frame_0.png,deduplicate_identical_input,434581,1,dacd3d4147132016e0421b496ac643bd265b73bb2afda71dd08f9af66a142ffe,True
results/tests/54/threshold__f0__threshold_value=180/detections.csv,data/tests/detection/threshold/legacy_t180__cfg1fd3f76e/frame_screening/video_54/frame_0/threshold__f0__threshold_value_180/detections.csv,move_file,4181,1,e4aea30326a5b2c7b68905d5b4ae6e435e48af1fd156ebffda0bdcc50fd4a159,True
results/tests/54/threshold__f0__threshold_value=180/detections.png,data/tests/detection/threshold/legacy_t180__cfg1fd3f76e/frame_screening/video_54/frame_0/threshold__f0__threshold_value_180/detections.png,move_file,463770,1,c18e830f94892bf9a5fc852d4e329bb348ce7f75c7e844e4740a7387db315a22,True
results/tests/54/threshold__f0__threshold_value=180/summary.json,data/tests/detection/threshold/legacy_t180__cfg1fd3f76e/frame_screening/video_54/frame_0/threshold__f0__threshold_value_180/summary.json,move_file,3307,1,97c87c18411f217d2b5b0a1ebc209c89f3e1a56c5a89ee54c7990746c7be52fe,True
results/tests/54/threshold__f0__threshold_value=190/00_input.png,data/tests/detection/_shared_inputs/video_54/frame_0.png,deduplicate_identical_input,434581,1,dacd3d4147132016e0421b496ac643bd265b73bb2afda71dd08f9af66a142ffe,True
results/tests/54/threshold__f0__threshold_value=190/detections.csv,data/tests/detection/threshold/legacy_t190__cfgfeeed012/frame_screening/video_54/frame_0/threshold__f0__threshold_value_190/detections.csv,move_file,3930,1,f8a1d994b892fa24008226f408bf2073d75a5d6164561357774532cd262eade7,True
results/tests/54/threshold__f0__threshold_value=190/detections.png,data/tests/detection/threshold/legacy_t190__cfgfeeed012/frame_screening/video_54/frame_0/threshold__f0__threshold_value_190/detections.png,move_file,463960,1,cb319a0a4f406d8ca83fb3f3dcaac9124fa74d3438d07886d0ce22a3673b6cd6,True
results/tests/54/threshold__f0__threshold_value=190/summary.json,data/tests/detection/threshold/legacy_t190__cfgfeeed012/frame_screening/video_54/frame_0/threshold__f0__threshold_value_190/summary.json,move_file,2870,1,e848443f622ac01f774c00207dc595a68fa897041f2f2d5a5bd0fd23e96ec67d,True
results/tests/54/threshold__f0__threshold_value=200/00_input.png,data/tests/detection/_shared_inputs/video_54/frame_0.png,deduplicate_identical_input,434581,1,dacd3d4147132016e0421b496ac643bd265b73bb2afda71dd08f9af66a142ffe,True
results/tests/54/threshold__f0__threshold_value=200/detections.csv,data/tests/detection/threshold/legacy_t200__cfg1f8f28ac/frame_screening/video_54/frame_0/threshold__f0__threshold_value_200/detections.csv,move_file,3868,1,3de40e04b18b2242db41f2a23531f58d8979bbfef3f520d7583b776307ae95ad,True
results/tests/54/threshold__f0__threshold_value=200/detections.png,data/tests/detection/threshold/legacy_t200__cfg1f8f28ac/frame_screening/video_54/frame_0/threshold__f0__threshold_value_200/detections.png,move_file,464017,1,ddbcb18698bb84834422633170f2d1159303de11af425c5dd5fb0b09f8d9944d,True
results/tests/54/threshold__f0__threshold_value=200/summary.json,data/tests/detection/threshold/legacy_t200__cfg1f8f28ac/frame_screening/video_54/frame_0/threshold__f0__threshold_value_200/summary.json,move_file,2765,1,0ea3279776afc03801778d4c46d3b8c6b474956077d70c658846f08b8cacc467,True
results/tests/54/threshold__f0__threshold_value=210/00_input.png,data/tests/detection/_shared_inputs/video_54/frame_0.png,deduplicate_identical_input,434581,1,dacd3d4147132016e0421b496ac643bd265b73bb2afda71dd08f9af66a142ffe,True
results/tests/54/threshold__f0__threshold_value=210/detections.csv,data/tests/detection/threshold/legacy_t210__cfg4310fa76/frame_screening/video_54/frame_0/threshold__f0__threshold_value_210/detections.csv,move_file,3494,1,0ad8149f4e55a5de7f3ee4c3d00151624912b7814c36ebb242ccd44f1c02a017,True
results/tests/54/threshold__f0__threshold_value=210/detections.png,data/tests/detection/threshold/legacy_t210__cfg4310fa76/frame_screening/video_54/frame_0/threshold__f0__threshold_value_210/detections.png,move_file,464199,1,23d0274b6f339fc12dc63ae0d4f7e36eb8673799f0df946f937b5e495af9b350,True
results/tests/54/threshold__f0__threshold_value=210/summary.json,data/tests/detection/threshold/legacy_t210__cfg4310fa76/frame_screening/video_54/frame_0/threshold__f0__threshold_value_210/summary.json,move_file,2116,1,16b65f652b81c304dae0540a92b5ca8a11e10cbbc063945f5be94f2b66b67666,True
results/tests/54/threshold__f100/00_input.png,data/tests/detection/_shared_inputs/video_54/frame_100.png,move_file,386967,1,2afcfd8c2bdb659b7d5884d1ba3c4123482fc84fd96bbe94723d31d49975ad2a,True
results/tests/54/threshold__f100/detections.csv,data/tests/detection/otsu/legacy_otsu_defaults__cfgbbaffb3e/frame_screening/video_54/frame_100/threshold__f100/detections.csv,move_file,9001,1,d2667532a5d37603ea4746d9f0a3dec7dba2b8c4ac39d122076257586a9cee75,True
results/tests/54/threshold__f100/detections.png,data/tests/detection/otsu/legacy_otsu_defaults__cfgbbaffb3e/frame_screening/video_54/frame_100/threshold__f100/detections.png,move_file,419104,1,f3fde6d4ee08850969d3f16d172d11d0ce3b71be1a9afa16bdf78c675295b008,True
results/tests/54/threshold__f100/summary.json,data/tests/detection/otsu/legacy_otsu_defaults__cfgbbaffb3e/frame_screening/video_54/frame_100/threshold__f100/summary.json,move_file,10614,1,b6ad23ff3f17231c05a885f08d5e5d364a0891375a76d2109df50e854a2ee732,True
results/tests/54/threshold__f100__close_iterations=0/00_input.png,data/tests/detection/_shared_inputs/video_54/frame_100.png,deduplicate_identical_input,386967,1,2afcfd8c2bdb659b7d5884d1ba3c4123482fc84fd96bbe94723d31d49975ad2a,True
results/tests/54/threshold__f100__close_iterations=0/detections.csv,data/tests/detection/otsu/legacy_otsu_defaults__cfg4633c2bb/frame_screening/video_54/frame_100/threshold__f100__close_iterations_0/detections.csv,move_file,9592,1,482148c8f32c112c17e15584c48d01c63b586ada1f3eb26269eeb48fbe59e8b7,True
results/tests/54/threshold__f100__close_iterations=0/detections.png,data/tests/detection/otsu/legacy_otsu_defaults__cfg4633c2bb/frame_screening/video_54/frame_100/threshold__f100__close_iterations_0/detections.png,move_file,418868,1,ff2e77e27f615e47f6de7c165d99c5ecdb6e79c24b8ec2d0da1f8c3db2014a90,True
results/tests/54/threshold__f100__close_iterations=0/summary.json,data/tests/detection/otsu/legacy_otsu_defaults__cfg4633c2bb/frame_screening/video_54/frame_100/threshold__f100__close_iterations_0/summary.json,move_file,11614,1,59328e1db1187f5cb4dc63590c85e618106d6fb916f8a0799f3fd49ab8bb44af,True
results/tests/54/threshold__f100__close_iterations=0_threshold_value=200/00_input.png,data/tests/detection/_shared_inputs/video_54/frame_100.png,deduplicate_identical_input,386967,1,2afcfd8c2bdb659b7d5884d1ba3c4123482fc84fd96bbe94723d31d49975ad2a,True
results/tests/54/threshold__f100__close_iterations=0_threshold_value=200/detections.csv,data/tests/detection/threshold/legacy_t200_c0__cfg1359249f/frame_screening/video_54/frame_100/threshold__f100__close_iterations_0_threshold_value_200/detections.csv,move_file,4226,1,a4227c0018f41b55dd4c8afba32e94757fd320984f3b8532c2d9e328cc004b1c,True
results/tests/54/threshold__f100__close_iterations=0_threshold_value=200/detections.png,data/tests/detection/threshold/legacy_t200_c0__cfg1359249f/frame_screening/video_54/frame_100/threshold__f100__close_iterations_0_threshold_value_200/detections.png,move_file,417320,1,0a5fccce31d7530d5913bdce0f880ceb12746e0b04d2006417c6e00ad34e86e2,True
results/tests/54/threshold__f100__close_iterations=0_threshold_value=200/summary.json,data/tests/detection/threshold/legacy_t200_c0__cfg1359249f/frame_screening/video_54/frame_100/threshold__f100__close_iterations_0_threshold_value_200/summary.json,move_file,2786,1,1fd3b5b457f51fc986b0c5f30797f7c8f8af7a1fede7f68bb99b74bcd72f24d7,True
results/tests/54/threshold__f100__close_iterations=2_threshold_value=200/00_input.png,data/tests/detection/_shared_inputs/video_54/frame_100.png,deduplicate_identical_input,386967,1,2afcfd8c2bdb659b7d5884d1ba3c4123482fc84fd96bbe94723d31d49975ad2a,True
results/tests/54/threshold__f100__close_iterations=2_threshold_value=200/detections.csv,data/tests/detection/threshold/legacy_t200_c2__cfg5d0522c8/frame_screening/video_54/frame_100/threshold__f100__close_iterations_2_threshold_value_200/detections.csv,move_file,4226,1,a4227c0018f41b55dd4c8afba32e94757fd320984f3b8532c2d9e328cc004b1c,True
results/tests/54/threshold__f100__close_iterations=2_threshold_value=200/detections.png,data/tests/detection/threshold/legacy_t200_c2__cfg5d0522c8/frame_screening/video_54/frame_100/threshold__f100__close_iterations_2_threshold_value_200/detections.png,move_file,417320,1,0a5fccce31d7530d5913bdce0f880ceb12746e0b04d2006417c6e00ad34e86e2,True
results/tests/54/threshold__f100__close_iterations=2_threshold_value=200/summary.json,data/tests/detection/threshold/legacy_t200_c2__cfg5d0522c8/frame_screening/video_54/frame_100/threshold__f100__close_iterations_2_threshold_value_200/summary.json,move_file,2818,1,fc268b510ee444a41636c1d70973ade8f547189192cb256d7c492f0e3f9941ae,True
results/tests/54/threshold__f100__morph_iterations=2/00_input.png,data/tests/detection/_shared_inputs/video_54/frame_100.png,deduplicate_identical_input,386967,1,2afcfd8c2bdb659b7d5884d1ba3c4123482fc84fd96bbe94723d31d49975ad2a,True
results/tests/54/threshold__f100__morph_iterations=2/detections.csv,data/tests/detection/otsu/legacy_otsu_defaults__cfg76e32ed9/frame_screening/video_54/frame_100/threshold__f100__morph_iterations_2/detections.csv,move_file,6373,1,f1d321f692444cb4cec0121aa82917bf259560fa81af2abbf841ee4c74c52661,True
results/tests/54/threshold__f100__morph_iterations=2/detections.png,data/tests/detection/otsu/legacy_otsu_defaults__cfg76e32ed9/frame_screening/video_54/frame_100/threshold__f100__morph_iterations_2/detections.png,move_file,419452,1,023f4a1aa836b010780c54c686fc0d75117f752d75c8105a317b5f983cdcf4bd,True
results/tests/54/threshold__f100__morph_iterations=2/summary.json,data/tests/detection/otsu/legacy_otsu_defaults__cfg76e32ed9/frame_screening/video_54/frame_100/threshold__f100__morph_iterations_2/summary.json,move_file,6305,1,1444ef622b1841b19162001d2db9e8b3922a76d6aebc78258ff7a03f0c1a9d2a,True
results/tests/54/threshold__f100__morph_iterations=2_threshold_value=200/00_input.png,data/tests/detection/_shared_inputs/video_54/frame_100.png,deduplicate_identical_input,386967,1,2afcfd8c2bdb659b7d5884d1ba3c4123482fc84fd96bbe94723d31d49975ad2a,True
results/tests/54/threshold__f100__morph_iterations=2_threshold_value=200/detections.csv,data/tests/detection/threshold/legacy_t200_o2__cfga13617b6/frame_screening/video_54/frame_100/threshold__f100__morph_iterations_2_threshold_value_200/detections.csv,move_file,3389,1,a7b214545c4706cc1703ef18ec1d23c752309e3bfd2470c4011021e8de63d2c9,True
results/tests/54/threshold__f100__morph_iterations=2_threshold_value=200/detections.png,data/tests/detection/threshold/legacy_t200_o2__cfga13617b6/frame_screening/video_54/frame_100/threshold__f100__morph_iterations_2_threshold_value_200/detections.png,move_file,417872,1,c467490c8ee6915c142ccd3b8c8befab6d0f0692ac7824b4a66aee224fd26232,True
results/tests/54/threshold__f100__morph_iterations=2_threshold_value=200/summary.json,data/tests/detection/threshold/legacy_t200_o2__cfga13617b6/frame_screening/video_54/frame_100/threshold__f100__morph_iterations_2_threshold_value_200/summary.json,move_file,1408,1,e6987204c6652c182492757468282115143fdddcd45ec4ceab70ac72fdfaee68,True
results/tests/54/threshold__f100__threshold_value=180/00_input.png,data/tests/detection/_shared_inputs/video_54/frame_100.png,deduplicate_identical_input,386967,1,2afcfd8c2bdb659b7d5884d1ba3c4123482fc84fd96bbe94723d31d49975ad2a,True
results/tests/54/threshold__f100__threshold_value=180/detections.csv,data/tests/detection/threshold/legacy_t180__cfg1fd3f76e/frame_screening/video_54/frame_100/threshold__f100__threshold_value_180/detections.csv,move_file,4545,1,ece8f4f5492e3a99359e6cd74bf6f92a14ea282ab82dbddafa7450da1f733980,True
results/tests/54/threshold__f100__threshold_value=180/detections.png,data/tests/detection/threshold/legacy_t180__cfg1fd3f76e/frame_screening/video_54/frame_100/threshold__f100__threshold_value_180/detections.png,move_file,417197,1,ab984537207c1429312a6937a174984e440b300de17b203aeeda204b0634e647,True
results/tests/54/threshold__f100__threshold_value=180/summary.json,data/tests/detection/threshold/legacy_t180__cfg1fd3f76e/frame_screening/video_54/frame_100/threshold__f100__threshold_value_180/summary.json,move_file,3310,1,b2790203cac7075d0a685ffd77d6b34a3c4c4d45ee7a75807a3889a1122fefd3,True
results/tests/54/threshold__f100__threshold_value=190/00_input.png,data/tests/detection/_shared_inputs/video_54/frame_100.png,deduplicate_identical_input,386967,1,2afcfd8c2bdb659b7d5884d1ba3c4123482fc84fd96bbe94723d31d49975ad2a,True
results/tests/54/threshold__f100__threshold_value=190/detections.csv,data/tests/detection/threshold/legacy_t190__cfgfeeed012/frame_screening/video_54/frame_100/threshold__f100__threshold_value_190/detections.csv,move_file,4352,1,020eb209cd6fc1e946934b398f2c073c6a12b393915ae11032ed5eea89684c49,True
results/tests/54/threshold__f100__threshold_value=190/detections.png,data/tests/detection/threshold/legacy_t190__cfgfeeed012/frame_screening/video_54/frame_100/threshold__f100__threshold_value_190/detections.png,move_file,417146,1,20bb752c591d8aa4f68d1e99c5a9c6dd655bcec7d18eed26d3132d602f3ad4cb,True
results/tests/54/threshold__f100__threshold_value=190/summary.json,data/tests/detection/threshold/legacy_t190__cfgfeeed012/frame_screening/video_54/frame_100/threshold__f100__threshold_value_190/summary.json,move_file,2986,1,86370df9cab117353c4b7c7a3748254e73cfb15cf3a023727f99ccc54a5b72a6,True
results/tests/54/threshold__f100__threshold_value=200/00_input.png,data/tests/detection/_shared_inputs/video_54/frame_100.png,deduplicate_identical_input,386967,1,2afcfd8c2bdb659b7d5884d1ba3c4123482fc84fd96bbe94723d31d49975ad2a,True
results/tests/54/threshold__f100__threshold_value=200/detections.csv,data/tests/detection/threshold/legacy_t200__cfg1f8f28ac/frame_screening/video_54/frame_100/threshold__f100__threshold_value_200/detections.csv,move_file,4226,1,a4227c0018f41b55dd4c8afba32e94757fd320984f3b8532c2d9e328cc004b1c,True
results/tests/54/threshold__f100__threshold_value=200/detections.png,data/tests/detection/threshold/legacy_t200__cfg1f8f28ac/frame_screening/video_54/frame_100/threshold__f100__threshold_value_200/detections.png,move_file,417320,1,0a5fccce31d7530d5913bdce0f880ceb12746e0b04d2006417c6e00ad34e86e2,True
results/tests/54/threshold__f100__threshold_value=200/summary.json,data/tests/detection/threshold/legacy_t200__cfg1f8f28ac/frame_screening/video_54/frame_100/threshold__f100__threshold_value_200/summary.json,move_file,2771,1,e616614cefd6e13d2149dbcb48df1752b8326544e304775043cba794bbe7e6bd,True
results/tests/54/threshold__f100__threshold_value=210/00_input.png,data/tests/detection/_shared_inputs/video_54/frame_100.png,deduplicate_identical_input,386967,1,2afcfd8c2bdb659b7d5884d1ba3c4123482fc84fd96bbe94723d31d49975ad2a,True
results/tests/54/threshold__f100__threshold_value=210/detections.csv,data/tests/detection/threshold/legacy_t210__cfg4310fa76/frame_screening/video_54/frame_100/threshold__f100__threshold_value_210/detections.csv,move_file,4097,1,7f3e8a9894c90029cb9ebd05ee9cff99e44148364db6911324c56bbf388f333d,True
results/tests/54/threshold__f100__threshold_value=210/detections.png,data/tests/detection/threshold/legacy_t210__cfg4310fa76/frame_screening/video_54/frame_100/threshold__f100__threshold_value_210/detections.png,move_file,417482,1,7c446cfc0aee1c7d095f06b0cf12fdbc141e5f264dcfdcd291d32eacbcc5a832,True
results/tests/54/threshold__f100__threshold_value=210/summary.json,data/tests/detection/threshold/legacy_t210__cfg4310fa76/frame_screening/video_54/frame_100/threshold__f100__threshold_value_210/summary.json,move_file,2554,1,2befbe11ca6a51982afbdd6988182ef2d0285e910844065892c570ea9579da38,True
results/tests/54/threshold__f50/00_input.png,data/tests/detection/_shared_inputs/video_54/frame_50.png,move_file,388653,1,72f607f4c0776f76dc9061ec6ef01f2b9e478da238ce69107f2c15ca450199c4,True
results/tests/54/threshold__f50/detections.csv,data/tests/detection/otsu/legacy_otsu_defaults__cfgbbaffb3e/frame_screening/video_54/frame_50/threshold__f50/detections.csv,move_file,7536,1,0a10f6ebada0be619022200f567a7b36fac85dc2098248ac83d18c152e36928a,True
results/tests/54/threshold__f50/detections.png,data/tests/detection/otsu/legacy_otsu_defaults__cfgbbaffb3e/frame_screening/video_54/frame_50/threshold__f50/detections.png,move_file,420047,1,d880539577b1c4433f4478c21c32634ef67b682e6943793c8c7a79a1fa930317,True
results/tests/54/threshold__f50/summary.json,data/tests/detection/otsu/legacy_otsu_defaults__cfgbbaffb3e/frame_screening/video_54/frame_50/threshold__f50/summary.json,move_file,8638,1,25a540622c8f2e5f06607ee468f042b1f68e36ca1a97ec0f95cede108889e2a5,True
results/tests/54/threshold__f50__close_iterations=0/00_input.png,data/tests/detection/_shared_inputs/video_54/frame_50.png,deduplicate_identical_input,388653,1,72f607f4c0776f76dc9061ec6ef01f2b9e478da238ce69107f2c15ca450199c4,True
results/tests/54/threshold__f50__close_iterations=0/detections.csv,data/tests/detection/otsu/legacy_otsu_defaults__cfg4633c2bb/frame_screening/video_54/frame_50/threshold__f50__close_iterations_0/detections.csv,move_file,8251,1,6ce7cbedb5598f072a02ffb2307086c0420908046831489cd594a3c8ffa60800,True
results/tests/54/threshold__f50__close_iterations=0/detections.png,data/tests/detection/otsu/legacy_otsu_defaults__cfg4633c2bb/frame_screening/video_54/frame_50/threshold__f50__close_iterations_0/detections.png,move_file,419763,1,76cc45e199ea03245c5bde16261a932de9f230ca2b9e9f8223600018e894ab18,True
results/tests/54/threshold__f50__close_iterations=0/summary.json,data/tests/detection/otsu/legacy_otsu_defaults__cfg4633c2bb/frame_screening/video_54/frame_50/threshold__f50__close_iterations_0/summary.json,move_file,9857,1,b23f039af6ab166c8af8cf098b8cf33b47d04d9de322c0cbd653c01de92178db,True
results/tests/54/threshold__f50__close_iterations=0_threshold_value=200/00_input.png,data/tests/detection/_shared_inputs/video_54/frame_50.png,deduplicate_identical_input,388653,1,72f607f4c0776f76dc9061ec6ef01f2b9e478da238ce69107f2c15ca450199c4,True
results/tests/54/threshold__f50__close_iterations=0_threshold_value=200/detections.csv,data/tests/detection/threshold/legacy_t200_c0__cfg1359249f/frame_screening/video_54/frame_50/threshold__f50__close_iterations_0_threshold_value_200/detections.csv,move_file,3814,1,522fc0e63056e1232a82dd4dbbc23e38a176662f03643b399b8091440aada482,True
results/tests/54/threshold__f50__close_iterations=0_threshold_value=200/detections.png,data/tests/detection/threshold/legacy_t200_c0__cfg1359249f/frame_screening/video_54/frame_50/threshold__f50__close_iterations_0_threshold_value_200/detections.png,move_file,418159,1,c074e5d599d25fb8074f43df9c345dd198b0accee3a42b559b8a380c815b59f2,True
results/tests/54/threshold__f50__close_iterations=0_threshold_value=200/summary.json,data/tests/detection/threshold/legacy_t200_c0__cfg1359249f/frame_screening/video_54/frame_50/threshold__f50__close_iterations_0_threshold_value_200/summary.json,move_file,2458,1,4476c412200feb789af74a4e368f4f391badeaa2ac8b73e48cc3584fb382466e,True
results/tests/54/threshold__f50__close_iterations=2_threshold_value=200/00_input.png,data/tests/detection/_shared_inputs/video_54/frame_50.png,deduplicate_identical_input,388653,1,72f607f4c0776f76dc9061ec6ef01f2b9e478da238ce69107f2c15ca450199c4,True
results/tests/54/threshold__f50__close_iterations=2_threshold_value=200/detections.csv,data/tests/detection/threshold/legacy_t200_c2__cfg5d0522c8/frame_screening/video_54/frame_50/threshold__f50__close_iterations_2_threshold_value_200/detections.csv,move_file,3751,1,15d4f87ba412b0fb28e986e20379bfe795974e4ee15a70ee061c2edb1f23c6c8,True
results/tests/54/threshold__f50__close_iterations=2_threshold_value=200/detections.png,data/tests/detection/threshold/legacy_t200_c2__cfg5d0522c8/frame_screening/video_54/frame_50/threshold__f50__close_iterations_2_threshold_value_200/detections.png,move_file,418217,1,33fc64a3a38288dbd250dc8cc03a0b1aadb6ace95d5f0cd0dc4876d4c5109c4d,True
results/tests/54/threshold__f50__close_iterations=2_threshold_value=200/summary.json,data/tests/detection/threshold/legacy_t200_c2__cfg5d0522c8/frame_screening/video_54/frame_50/threshold__f50__close_iterations_2_threshold_value_200/summary.json,move_file,2382,1,f79a4ab674779e48a801e4a540d8657eee7687e1afb395f5ea97454ebe672f53,True
results/tests/54/threshold__f50__morph_iterations=2/00_input.png,data/tests/detection/_shared_inputs/video_54/frame_50.png,deduplicate_identical_input,388653,1,72f607f4c0776f76dc9061ec6ef01f2b9e478da238ce69107f2c15ca450199c4,True
results/tests/54/threshold__f50__morph_iterations=2/detections.csv,data/tests/detection/otsu/legacy_otsu_defaults__cfg76e32ed9/frame_screening/video_54/frame_50/threshold__f50__morph_iterations_2/detections.csv,move_file,5603,1,7c3dec7a4f88618a5ed9aac186ed218fde21a181f0626433f761e36059ebffa5,True
results/tests/54/threshold__f50__morph_iterations=2/detections.png,data/tests/detection/otsu/legacy_otsu_defaults__cfg76e32ed9/frame_screening/video_54/frame_50/threshold__f50__morph_iterations_2/detections.png,move_file,419789,1,5e9cc8996b39de9696360da634e478156600bc5f10bf44bcd5b7d958476386df,True
results/tests/54/threshold__f50__morph_iterations=2/summary.json,data/tests/detection/otsu/legacy_otsu_defaults__cfg76e32ed9/frame_screening/video_54/frame_50/threshold__f50__morph_iterations_2/summary.json,move_file,5421,1,a8903c2a005ec1c59e1df16078772267827b002b4b7ee1906924db08d1175e70,True
results/tests/54/threshold__f50__morph_iterations=2_threshold_value=200/00_input.png,data/tests/detection/_shared_inputs/video_54/frame_50.png,deduplicate_identical_input,388653,1,72f607f4c0776f76dc9061ec6ef01f2b9e478da238ce69107f2c15ca450199c4,True
results/tests/54/threshold__f50__morph_iterations=2_threshold_value=200/detections.csv,data/tests/detection/threshold/legacy_t200_o2__cfga13617b6/frame_screening/video_54/frame_50/threshold__f50__morph_iterations_2_threshold_value_200/detections.csv,move_file,3181,1,5d510473ed466978569ee37b5ed7534ae176fc68565fc3dffb59b7eb6e1fd62d,True
results/tests/54/threshold__f50__morph_iterations=2_threshold_value=200/detections.png,data/tests/detection/threshold/legacy_t200_o2__cfga13617b6/frame_screening/video_54/frame_50/threshold__f50__morph_iterations_2_threshold_value_200/detections.png,move_file,418616,1,28f5f0d31705ae0014f00f2c5e7b28b66e15968be02a60f7c437db9ba6f9b35a,True
results/tests/54/threshold__f50__morph_iterations=2_threshold_value=200/summary.json,data/tests/detection/threshold/legacy_t200_o2__cfga13617b6/frame_screening/video_54/frame_50/threshold__f50__morph_iterations_2_threshold_value_200/summary.json,move_file,1405,1,44880a1b6060e3d0eadcfe2350b695caee917389002aa5a60ffc70d5f04eb143,True
results/tests/54/threshold__f50__threshold_value=180/00_input.png,data/tests/detection/_shared_inputs/video_54/frame_50.png,deduplicate_identical_input,388653,1,72f607f4c0776f76dc9061ec6ef01f2b9e478da238ce69107f2c15ca450199c4,True
results/tests/54/threshold__f50__threshold_value=180/detections.csv,data/tests/detection/threshold/legacy_t180__cfg1fd3f76e/frame_screening/video_54/frame_50/threshold__f50__threshold_value_180/detections.csv,move_file,4328,1,136ac3749db19e6c9191239fe9b4dd60ab5c443838ea58c9408d7d76fcb62952,True
results/tests/54/threshold__f50__threshold_value=180/detections.png,data/tests/detection/threshold/legacy_t180__cfg1fd3f76e/frame_screening/video_54/frame_50/threshold__f50__threshold_value_180/detections.png,move_file,417745,1,c78eebcf8161ce1f62dec9f28698e675ede43618184a2add9a6c96b9c68c88b4,True
results/tests/54/threshold__f50__threshold_value=180/summary.json,data/tests/detection/threshold/legacy_t180__cfg1fd3f76e/frame_screening/video_54/frame_50/threshold__f50__threshold_value_180/summary.json,move_file,3312,1,e8e2b0ac4d7529e3e2e8b313cc64800bb2f4d2ef5a50e8173d09e4bfc1e7aff0,True
results/tests/54/threshold__f50__threshold_value=190/00_input.png,data/tests/detection/_shared_inputs/video_54/frame_50.png,deduplicate_identical_input,388653,1,72f607f4c0776f76dc9061ec6ef01f2b9e478da238ce69107f2c15ca450199c4,True
results/tests/54/threshold__f50__threshold_value=190/detections.csv,data/tests/detection/threshold/legacy_t190__cfgfeeed012/frame_screening/video_54/frame_50/threshold__f50__threshold_value_190/detections.csv,move_file,3943,1,34eac0804e4b816f9f5c2d2bc331d2a69bbe4fdb0f7af104326fc4c2a71762cf,True
results/tests/54/threshold__f50__threshold_value=190/detections.png,data/tests/detection/threshold/legacy_t190__cfgfeeed012/frame_screening/video_54/frame_50/threshold__f50__threshold_value_190/detections.png,move_file,418119,1,1725cea08c42938537fe4be13367135c3ff873b424e18eca57a404a75927cca4,True
results/tests/54/threshold__f50__threshold_value=190/summary.json,data/tests/detection/threshold/legacy_t190__cfgfeeed012/frame_screening/video_54/frame_50/threshold__f50__threshold_value_190/summary.json,move_file,2661,1,8f79731c8109564a1a9640c766e4486343da2e853fdcf388a3210a808d91942d,True
results/tests/54/threshold__f50__threshold_value=200/00_input.png,data/tests/detection/_shared_inputs/video_54/frame_50.png,deduplicate_identical_input,388653,1,72f607f4c0776f76dc9061ec6ef01f2b9e478da238ce69107f2c15ca450199c4,True
results/tests/54/threshold__f50__threshold_value=200/detections.csv,data/tests/detection/threshold/legacy_t200__cfg1f8f28ac/frame_screening/video_54/frame_50/threshold__f50__threshold_value_200/detections.csv,move_file,3814,1,522fc0e63056e1232a82dd4dbbc23e38a176662f03643b399b8091440aada482,True
results/tests/54/threshold__f50__threshold_value=200/detections.png,data/tests/detection/threshold/legacy_t200__cfg1f8f28ac/frame_screening/video_54/frame_50/threshold__f50__threshold_value_200/detections.png,move_file,418159,1,c074e5d599d25fb8074f43df9c345dd198b0accee3a42b559b8a380c815b59f2,True
results/tests/54/threshold__f50__threshold_value=200/summary.json,data/tests/detection/threshold/legacy_t200__cfg1f8f28ac/frame_screening/video_54/frame_50/threshold__f50__threshold_value_200/summary.json,move_file,2443,1,45d0201c76e0a3b55916a541245409d2aa246e9bd389cacfae4a52871be5f1d7,True
results/tests/54/threshold__f50__threshold_value=210/00_input.png,data/tests/detection/_shared_inputs/video_54/frame_50.png,deduplicate_identical_input,388653,1,72f607f4c0776f76dc9061ec6ef01f2b9e478da238ce69107f2c15ca450199c4,True
results/tests/54/threshold__f50__threshold_value=210/detections.csv,data/tests/detection/threshold/legacy_t210__cfg4310fa76/frame_screening/video_54/frame_50/threshold__f50__threshold_value_210/detections.csv,move_file,3687,1,40eda46a975318f0bab0e683589a5c78e07d4fdf07563ddf6b03b469a6a404ee,True
results/tests/54/threshold__f50__threshold_value=210/detections.png,data/tests/detection/threshold/legacy_t210__cfg4310fa76/frame_screening/video_54/frame_50/threshold__f50__threshold_value_210/detections.png,move_file,418282,1,df5b87b78b7395a4eda5cb9907551eb73bdbdaefa83df37d7ccc9a62c4b5fe19,True
results/tests/54/threshold__f50__threshold_value=210/summary.json,data/tests/detection/threshold/legacy_t210__cfg4310fa76/frame_screening/video_54/frame_50/threshold__f50__threshold_value_210/summary.json,move_file,2224,1,59445887a57bf80bf8dac2c52312225fd6bb23904f1679c5c4cd6ffd955b1702,True
results/tests/60/threshold__f0/00_input.png,data/tests/detection/_shared_inputs/video_60/frame_0.png,move_file,341044,1,4f7dbd7e9db5cbdd253e2f49c51674d2ff19ef1a4da338e59c8d65864ab7ee7c,True
results/tests/60/threshold__f0/detections.csv,data/tests/detection/otsu/legacy_otsu_defaults__cfgbbaffb3e/frame_screening/video_60/frame_0/threshold__f0/detections.csv,move_file,2583,1,bdf547218a76fa958de72eee4f1b56ca241569adeff89c9dcbb03ff52d1b8a77,True
results/tests/60/threshold__f0/detections.png,data/tests/detection/otsu/legacy_otsu_defaults__cfgbbaffb3e/frame_screening/video_60/frame_0/threshold__f0/detections.png,move_file,367096,1,b42c6bd46e7874bab7971f7ddf9dbbdd298c56a2a78171c98ac752bf4e722afe,True
results/tests/60/threshold__f0/summary.json,data/tests/detection/otsu/legacy_otsu_defaults__cfgbbaffb3e/frame_screening/video_60/frame_0/threshold__f0/summary.json,move_file,2196,1,ef41591f40fdaa7af2dbba11745e1f85c2ae7a9ea6859cae9c66af8dd2b3c1e9,True
results/tests/60/threshold__f0__close_iterations=0/00_input.png,data/tests/detection/_shared_inputs/video_60/frame_0.png,deduplicate_identical_input,341044,1,4f7dbd7e9db5cbdd253e2f49c51674d2ff19ef1a4da338e59c8d65864ab7ee7c,True
results/tests/60/threshold__f0__close_iterations=0/detections.csv,data/tests/detection/otsu/legacy_otsu_defaults__cfg4633c2bb/frame_screening/video_60/frame_0/threshold__f0__close_iterations_0/detections.csv,move_file,2845,1,9a39d2e602d9cb8407a25c6ab726c7388f8a4581bab40cc17cd7e289dd0290ba,True
results/tests/60/threshold__f0__close_iterations=0/detections.png,data/tests/detection/otsu/legacy_otsu_defaults__cfg4633c2bb/frame_screening/video_60/frame_0/threshold__f0__close_iterations_0/detections.png,move_file,367069,1,25889e4818b028fe7aeccb0947c086a2aa966765c9c8ba83d2ff6cfd5dcd4aa4,True
results/tests/60/threshold__f0__close_iterations=0/summary.json,data/tests/detection/otsu/legacy_otsu_defaults__cfg4633c2bb/frame_screening/video_60/frame_0/threshold__f0__close_iterations_0/summary.json,move_file,2656,1,6c629ace9f670f43a986ce7d10e953d3f59f6eafeaab4be16403bda9feefa6f3,True
results/tests/60/threshold__f0__close_iterations=0_threshold_value=200/00_input.png,data/tests/detection/_shared_inputs/video_60/frame_0.png,deduplicate_identical_input,341044,1,4f7dbd7e9db5cbdd253e2f49c51674d2ff19ef1a4da338e59c8d65864ab7ee7c,True
results/tests/60/threshold__f0__close_iterations=0_threshold_value=200/detections.csv,data/tests/detection/threshold/legacy_t200_c0__cfg1359249f/frame_screening/video_60/frame_0/threshold__f0__close_iterations_0_threshold_value_200/detections.csv,move_file,2632,1,4cc4894c6cccf5bb532abaae938402940d9ed0d0925318a63c9af33a71959337,True
results/tests/60/threshold__f0__close_iterations=0_threshold_value=200/detections.png,data/tests/detection/threshold/legacy_t200_c0__cfg1359249f/frame_screening/video_60/frame_0/threshold__f0__close_iterations_0_threshold_value_200/detections.png,move_file,366195,1,a2c2a696f7ee8ad9263625176b21791a79049c0ac1ca24138b07a56e54a7518e,True
results/tests/60/threshold__f0__close_iterations=0_threshold_value=200/summary.json,data/tests/detection/threshold/legacy_t200_c0__cfg1359249f/frame_screening/video_60/frame_0/threshold__f0__close_iterations_0_threshold_value_200/summary.json,move_file,2358,1,57a64fd254493436419a61563daaa53184af17d1184d9cc5586fedf988e99ac2,True
results/tests/60/threshold__f0__close_iterations=2_threshold_value=200/00_input.png,data/tests/detection/_shared_inputs/video_60/frame_0.png,deduplicate_identical_input,341044,1,4f7dbd7e9db5cbdd253e2f49c51674d2ff19ef1a4da338e59c8d65864ab7ee7c,True
results/tests/60/threshold__f0__close_iterations=2_threshold_value=200/detections.csv,data/tests/detection/threshold/legacy_t200_c2__cfg5d0522c8/frame_screening/video_60/frame_0/threshold__f0__close_iterations_2_threshold_value_200/detections.csv,move_file,2505,1,6c9161b473a8a53da5b1fe5e0ed53c306114992eaeb387c529b4e4beddb8448b,True
results/tests/60/threshold__f0__close_iterations=2_threshold_value=200/detections.png,data/tests/detection/threshold/legacy_t200_c2__cfg5d0522c8/frame_screening/video_60/frame_0/threshold__f0__close_iterations_2_threshold_value_200/detections.png,move_file,366318,1,fd3108dd9a241e0e8425d57c16ea6c6a2ca520e81425c07131085bc56c07297f,True
results/tests/60/threshold__f0__close_iterations=2_threshold_value=200/summary.json,data/tests/detection/threshold/legacy_t200_c2__cfg5d0522c8/frame_screening/video_60/frame_0/threshold__f0__close_iterations_2_threshold_value_200/summary.json,move_file,2173,1,c426c784420572a8e641498e6516b823938ce3ce4519e210cd7e7aa068e4fa2c,True
results/tests/60/threshold__f0__morph_iterations=2/00_input.png,data/tests/detection/_shared_inputs/video_60/frame_0.png,deduplicate_identical_input,341044,1,4f7dbd7e9db5cbdd253e2f49c51674d2ff19ef1a4da338e59c8d65864ab7ee7c,True
results/tests/60/threshold__f0__morph_iterations=2/detections.csv,data/tests/detection/otsu/legacy_otsu_defaults__cfg76e32ed9/frame_screening/video_60/frame_0/threshold__f0__morph_iterations_2/detections.csv,move_file,2835,1,859418ff954e9fbe8684e27eec03fc4a9e1c04b6a9dcf83fa06e171314f5cbfd,True
results/tests/60/threshold__f0__morph_iterations=2/detections.png,data/tests/detection/otsu/legacy_otsu_defaults__cfg76e32ed9/frame_screening/video_60/frame_0/threshold__f0__morph_iterations_2/detections.png,move_file,367006,1,ecff4075ee567e0613f2cd90a711eddbdfe231960db42250a91cf10a186c277f,True
results/tests/60/threshold__f0__morph_iterations=2/summary.json,data/tests/detection/otsu/legacy_otsu_defaults__cfg76e32ed9/frame_screening/video_60/frame_0/threshold__f0__morph_iterations_2/summary.json,move_file,2681,1,41cd4f827f6b6287d929c2f611dc4deb5d7e9ac454607d57ec86e76765de4da0,True
results/tests/60/threshold__f0__morph_iterations=2_threshold_value=200/00_input.png,data/tests/detection/_shared_inputs/video_60/frame_0.png,deduplicate_identical_input,341044,1,4f7dbd7e9db5cbdd253e2f49c51674d2ff19ef1a4da338e59c8d65864ab7ee7c,True
results/tests/60/threshold__f0__morph_iterations=2_threshold_value=200/detections.csv,data/tests/detection/threshold/legacy_t200_o2__cfga13617b6/frame_screening/video_60/frame_0/threshold__f0__morph_iterations_2_threshold_value_200/detections.csv,move_file,2310,1,d3106bea7c9bf7ae9f97f6f5bdb383dfa68d27b23b35130b579cf0bc3739332a,True
results/tests/60/threshold__f0__morph_iterations=2_threshold_value=200/detections.png,data/tests/detection/threshold/legacy_t200_o2__cfga13617b6/frame_screening/video_60/frame_0/threshold__f0__morph_iterations_2_threshold_value_200/detections.png,move_file,366337,1,d2b5c588ceb178c7f66f8d8073ce9035b5909ffc54ad35cd0ea0b51bccb3b3f6,True
results/tests/60/threshold__f0__morph_iterations=2_threshold_value=200/summary.json,data/tests/detection/threshold/legacy_t200_o2__cfga13617b6/frame_screening/video_60/frame_0/threshold__f0__morph_iterations_2_threshold_value_200/summary.json,move_file,1843,1,dc40751b9696013e7bf06eb1eac727e4e33120fa660c67d20c193dfabd030824,True
results/tests/60/threshold__f0__threshold_value=180/00_input.png,data/tests/detection/_shared_inputs/video_60/frame_0.png,deduplicate_identical_input,341044,1,4f7dbd7e9db5cbdd253e2f49c51674d2ff19ef1a4da338e59c8d65864ab7ee7c,True
results/tests/60/threshold__f0__threshold_value=180/detections.csv,data/tests/detection/threshold/legacy_t180__cfg1fd3f76e/frame_screening/video_60/frame_0/threshold__f0__threshold_value_180/detections.csv,move_file,2836,1,c0e58b429cc48a49a537791fa66715c4bdef09aae6aa818e88b3c7580466990d,True
results/tests/60/threshold__f0__threshold_value=180/detections.png,data/tests/detection/threshold/legacy_t180__cfg1fd3f76e/frame_screening/video_60/frame_0/threshold__f0__threshold_value_180/detections.png,move_file,366362,1,aa53a5a57ad0cc81e3b52c662499229774cb39b00a983047f2c00bcd1c8a4126,True
results/tests/60/threshold__f0__threshold_value=180/summary.json,data/tests/detection/threshold/legacy_t180__cfg1fd3f76e/frame_screening/video_60/frame_0/threshold__f0__threshold_value_180/summary.json,move_file,2682,1,5ecff6ee3b1f6c41b4f601dcea761bcbf54b1112ea6af5d5fcdce3a26a4fd463,True
results/tests/60/threshold__f0__threshold_value=190/00_input.png,data/tests/detection/_shared_inputs/video_60/frame_0.png,deduplicate_identical_input,341044,1,4f7dbd7e9db5cbdd253e2f49c51674d2ff19ef1a4da338e59c8d65864ab7ee7c,True
results/tests/60/threshold__f0__threshold_value=190/detections.csv,data/tests/detection/threshold/legacy_t190__cfgfeeed012/frame_screening/video_60/frame_0/threshold__f0__threshold_value_190/detections.csv,move_file,2703,1,7a77d235b4645d7e503a131a097fd6c56bc09f1ecedbac80b18c0e98ca87866f,True
results/tests/60/threshold__f0__threshold_value=190/detections.png,data/tests/detection/threshold/legacy_t190__cfgfeeed012/frame_screening/video_60/frame_0/threshold__f0__threshold_value_190/detections.png,move_file,366217,1,8db155a426f82e95c66a76992537e898a6e11598c25f86b50f1b8d59fdbdddb7,True
results/tests/60/threshold__f0__threshold_value=190/summary.json,data/tests/detection/threshold/legacy_t190__cfgfeeed012/frame_screening/video_60/frame_0/threshold__f0__threshold_value_190/summary.json,move_file,2459,1,d0f1ccb0c37b968365b424f5de314be6c51f4937c44749689945d96c5bb1b3c8,True
results/tests/60/threshold__f0__threshold_value=200/00_input.png,data/tests/detection/_shared_inputs/video_60/frame_0.png,deduplicate_identical_input,341044,1,4f7dbd7e9db5cbdd253e2f49c51674d2ff19ef1a4da338e59c8d65864ab7ee7c,True
results/tests/60/threshold__f0__threshold_value=200/detections.csv,data/tests/detection/threshold/legacy_t200__cfg1f8f28ac/frame_screening/video_60/frame_0/threshold__f0__threshold_value_200/detections.csv,move_file,2632,1,16ed6064f3ff7c57d590499d2ce1e3a5e121f456f90d62d8a2973a608d630718,True
results/tests/60/threshold__f0__threshold_value=200/detections.png,data/tests/detection/threshold/legacy_t200__cfg1f8f28ac/frame_screening/video_60/frame_0/threshold__f0__threshold_value_200/detections.png,move_file,366173,1,c420edd34b139fc92ab9d58819ecdcbc6e747c90917d3b0c51ee73c93fcbfa52,True
results/tests/60/threshold__f0__threshold_value=200/summary.json,data/tests/detection/threshold/legacy_t200__cfg1f8f28ac/frame_screening/video_60/frame_0/threshold__f0__threshold_value_200/summary.json,move_file,2343,1,4126964d0a9284d39d5ff276e207e24d3bf06d64187b9119c18ec8fadae84368,True
results/tests/60/threshold__f0__threshold_value=210/00_input.png,data/tests/detection/_shared_inputs/video_60/frame_0.png,deduplicate_identical_input,341044,1,4f7dbd7e9db5cbdd253e2f49c51674d2ff19ef1a4da338e59c8d65864ab7ee7c,True
results/tests/60/threshold__f0__threshold_value=210/detections.csv,data/tests/detection/threshold/legacy_t210__cfg4310fa76/frame_screening/video_60/frame_0/threshold__f0__threshold_value_210/detections.csv,move_file,2566,1,02a2457814e123334a1d449a4f9eff9ec1bedd70521c6f8eaaec5bf4d4681fcc,True
results/tests/60/threshold__f0__threshold_value=210/detections.png,data/tests/detection/threshold/legacy_t210__cfg4310fa76/frame_screening/video_60/frame_0/threshold__f0__threshold_value_210/detections.png,move_file,366154,1,e67880c3f50a5e06cc06b1c186c4e1d7fa70e0c8eb7c541bcced5afb8a12c377,True
results/tests/60/threshold__f0__threshold_value=210/summary.json,data/tests/detection/threshold/legacy_t210__cfg4310fa76/frame_screening/video_60/frame_0/threshold__f0__threshold_value_210/summary.json,move_file,2232,1,67267e6384f52c53062aafbc71c87f3510cc5d5f6e510bf7fe6ac7acc5f67c84,True
results/tests/60/threshold__f100/00_input.png,data/tests/detection/_shared_inputs/video_60/frame_100.png,move_file,312480,1,2427497940e4f6deabb6d273bae23e2eb0c72362108fd474f6f4ec603d6c6603,True
results/tests/60/threshold__f100/detections.csv,data/tests/detection/otsu/legacy_otsu_defaults__cfgbbaffb3e/frame_screening/video_60/frame_100/threshold__f100/detections.csv,move_file,2948,1,591781918e2e4d0aa90a88f725f763b8c9186924e62d8a48df3ce3df58d3ae80,True
results/tests/60/threshold__f100/detections.png,data/tests/detection/otsu/legacy_otsu_defaults__cfgbbaffb3e/frame_screening/video_60/frame_100/threshold__f100/detections.png,move_file,336071,1,2fa9dfc18d6706c994ae68c1a877e01f501de5013789f0183a7acde6cc719a7b,True
results/tests/60/threshold__f100/summary.json,data/tests/detection/otsu/legacy_otsu_defaults__cfgbbaffb3e/frame_screening/video_60/frame_100/threshold__f100/summary.json,move_file,2640,1,0e2ea38f553df4fc3cb3efa87250e44b2287746a94aaf05852540a688091cdfe,True
results/tests/60/threshold__f100__close_iterations=0/00_input.png,data/tests/detection/_shared_inputs/video_60/frame_100.png,deduplicate_identical_input,312480,1,2427497940e4f6deabb6d273bae23e2eb0c72362108fd474f6f4ec603d6c6603,True
results/tests/60/threshold__f100__close_iterations=0/detections.csv,data/tests/detection/otsu/legacy_otsu_defaults__cfg4633c2bb/frame_screening/video_60/frame_100/threshold__f100__close_iterations_0/detections.csv,move_file,3080,1,5c8547d7100aea597e93e9189e2112333369c2a51b71fa3a0676200865a3ce33,True
results/tests/60/threshold__f100__close_iterations=0/detections.png,data/tests/detection/otsu/legacy_otsu_defaults__cfg4633c2bb/frame_screening/video_60/frame_100/threshold__f100__close_iterations_0/detections.png,move_file,335850,1,d5fcc254c5360e82974d77b614d956db1fa0bed8fa37d31995c8440d95e8d136,True
results/tests/60/threshold__f100__close_iterations=0/summary.json,data/tests/detection/otsu/legacy_otsu_defaults__cfg4633c2bb/frame_screening/video_60/frame_100/threshold__f100__close_iterations_0/summary.json,move_file,2877,1,a75225eb270cdb8cf37b3568a20bb70c7525eab922292aae1ba5e64bff489bc1,True
results/tests/60/threshold__f100__close_iterations=0_threshold_value=200/00_input.png,data/tests/detection/_shared_inputs/video_60/frame_100.png,deduplicate_identical_input,312480,1,2427497940e4f6deabb6d273bae23e2eb0c72362108fd474f6f4ec603d6c6603,True
results/tests/60/threshold__f100__close_iterations=0_threshold_value=200/detections.csv,data/tests/detection/threshold/legacy_t200_c0__cfg1359249f/frame_screening/video_60/frame_100/threshold__f100__close_iterations_0_threshold_value_200/detections.csv,move_file,2856,1,8d2ee309fc46439fcf068219a445b1b1a45a10a2b3558ce985324aaa3835f787,True
results/tests/60/threshold__f100__close_iterations=0_threshold_value=200/detections.png,data/tests/detection/threshold/legacy_t200_c0__cfg1359249f/frame_screening/video_60/frame_100/threshold__f100__close_iterations_0_threshold_value_200/detections.png,move_file,335491,1,70d6562329736ca74b0fc957f394117aab073f7f069ddbe4bf1ca09636fbc04b,True
results/tests/60/threshold__f100__close_iterations=0_threshold_value=200/summary.json,data/tests/detection/threshold/legacy_t200_c0__cfg1359249f/frame_screening/video_60/frame_100/threshold__f100__close_iterations_0_threshold_value_200/summary.json,move_file,2572,1,a14d071203cefa3b1ad7f9bfa4dbde15167941f646e647993c3b61f7be201892,True
results/tests/60/threshold__f100__close_iterations=2_threshold_value=200/00_input.png,data/tests/detection/_shared_inputs/video_60/frame_100.png,deduplicate_identical_input,312480,1,2427497940e4f6deabb6d273bae23e2eb0c72362108fd474f6f4ec603d6c6603,True
results/tests/60/threshold__f100__close_iterations=2_threshold_value=200/detections.csv,data/tests/detection/threshold/legacy_t200_c2__cfg5d0522c8/frame_screening/video_60/frame_100/threshold__f100__close_iterations_2_threshold_value_200/detections.csv,move_file,2724,1,396cf2e76e0efa408a7a0502e6551474d68a16012073feb3a69f4cefdaa6aaab,True
results/tests/60/threshold__f100__close_iterations=2_threshold_value=200/detections.png,data/tests/detection/threshold/legacy_t200_c2__cfg5d0522c8/frame_screening/video_60/frame_100/threshold__f100__close_iterations_2_threshold_value_200/detections.png,move_file,335593,1,0d7d39cf7d5b217df365dd9a47322c8a6ad6f696c4f5750b0647478b0a365c8a,True
results/tests/60/threshold__f100__close_iterations=2_threshold_value=200/summary.json,data/tests/detection/threshold/legacy_t200_c2__cfg5d0522c8/frame_screening/video_60/frame_100/threshold__f100__close_iterations_2_threshold_value_200/summary.json,move_file,2389,1,b4922c256ad27d77fd80e247ff270903ae55fb082e52e16c590619e9977147e0,True
results/tests/60/threshold__f100__morph_iterations=2/00_input.png,data/tests/detection/_shared_inputs/video_60/frame_100.png,deduplicate_identical_input,312480,1,2427497940e4f6deabb6d273bae23e2eb0c72362108fd474f6f4ec603d6c6603,True
results/tests/60/threshold__f100__morph_iterations=2/detections.csv,data/tests/detection/otsu/legacy_otsu_defaults__cfg76e32ed9/frame_screening/video_60/frame_100/threshold__f100__morph_iterations_2/detections.csv,move_file,2882,1,fad671f428f60a94b47bd5855e3552ccba2c8544cfe1989eca9bfe44f38db604,True
results/tests/60/threshold__f100__morph_iterations=2/detections.png,data/tests/detection/otsu/legacy_otsu_defaults__cfg76e32ed9/frame_screening/video_60/frame_100/threshold__f100__morph_iterations_2/detections.png,move_file,336243,1,9dfb3025791a19795a6a411b8001880d24407e13e7e28a076cab2da48ce19a90,True
results/tests/60/threshold__f100__morph_iterations=2/summary.json,data/tests/detection/otsu/legacy_otsu_defaults__cfg76e32ed9/frame_screening/video_60/frame_100/threshold__f100__morph_iterations_2/summary.json,move_file,2580,1,3f35db5230bee33e20449d2ecb1398212e43ac946a82ad848f49861be3bcc283,True
results/tests/60/threshold__f100__morph_iterations=2_threshold_value=200/00_input.png,data/tests/detection/_shared_inputs/video_60/frame_100.png,deduplicate_identical_input,312480,1,2427497940e4f6deabb6d273bae23e2eb0c72362108fd474f6f4ec603d6c6603,True
results/tests/60/threshold__f100__morph_iterations=2_threshold_value=200/detections.csv,data/tests/detection/threshold/legacy_t200_o2__cfga13617b6/frame_screening/video_60/frame_100/threshold__f100__morph_iterations_2_threshold_value_200/detections.csv,move_file,2263,1,56bf9173bfec2f0d4b1faec508c5d257d136911e5219b5fa634eec9118f0bd6a,True
results/tests/60/threshold__f100__morph_iterations=2_threshold_value=200/detections.png,data/tests/detection/threshold/legacy_t200_o2__cfga13617b6/frame_screening/video_60/frame_100/threshold__f100__morph_iterations_2_threshold_value_200/detections.png,move_file,335945,1,1e24cb9bb5658bf8911ebc411f68141b8315e9ad067ef44c7f299fdf5a91664f,True
results/tests/60/threshold__f100__morph_iterations=2_threshold_value=200/summary.json,data/tests/detection/threshold/legacy_t200_o2__cfga13617b6/frame_screening/video_60/frame_100/threshold__f100__morph_iterations_2_threshold_value_200/summary.json,move_file,1623,1,0a52bf24eccdaf735fc40a614a086112fc0326aa64fb5a2d18b74a485d2c948d,True
results/tests/60/threshold__f100__threshold_value=180/00_input.png,data/tests/detection/_shared_inputs/video_60/frame_100.png,deduplicate_identical_input,312480,1,2427497940e4f6deabb6d273bae23e2eb0c72362108fd474f6f4ec603d6c6603,True
results/tests/60/threshold__f100__threshold_value=180/detections.csv,data/tests/detection/threshold/legacy_t180__cfg1fd3f76e/frame_screening/video_60/frame_100/threshold__f100__threshold_value_180/detections.csv,move_file,3065,1,7b82bef65eac51e6d06bd452a78eaf653fe2b3e6b610516084a705242ecf4861,True
results/tests/60/threshold__f100__threshold_value=180/detections.png,data/tests/detection/threshold/legacy_t180__cfg1fd3f76e/frame_screening/video_60/frame_100/threshold__f100__threshold_value_180/detections.png,move_file,335716,1,fdb7c45ca9903409ece2ad6c1cecfc3ec12a9fda8891bddbf1bdccb9645501b0,True
results/tests/60/threshold__f100__threshold_value=180/summary.json,data/tests/detection/threshold/legacy_t180__cfg1fd3f76e/frame_screening/video_60/frame_100/threshold__f100__threshold_value_180/summary.json,move_file,2897,1,d93fd7000f7d209a49c3321d3df65c87659a09c0c8a008d182f88deba2b6b26e,True
results/tests/60/threshold__f100__threshold_value=190/00_input.png,data/tests/detection/_shared_inputs/video_60/frame_100.png,deduplicate_identical_input,312480,1,2427497940e4f6deabb6d273bae23e2eb0c72362108fd474f6f4ec603d6c6603,True
results/tests/60/threshold__f100__threshold_value=190/detections.csv,data/tests/detection/threshold/legacy_t190__cfgfeeed012/frame_screening/video_60/frame_100/threshold__f100__threshold_value_190/detections.csv,move_file,2927,1,2effa548fb95e30df12b5c5eecaf01df354738632737c3c1209b30415e1cebed,True
results/tests/60/threshold__f100__threshold_value=190/detections.png,data/tests/detection/threshold/legacy_t190__cfgfeeed012/frame_screening/video_60/frame_100/threshold__f100__threshold_value_190/detections.png,move_file,335600,1,9fc74dbb743d55b6106f0c0b8b5d253fc5ac682349115c583071518a65c99a07,True
results/tests/60/threshold__f100__threshold_value=190/summary.json,data/tests/detection/threshold/legacy_t190__cfgfeeed012/frame_screening/video_60/frame_100/threshold__f100__threshold_value_190/summary.json,move_file,2673,1,74bcc2f11ca006f5e0c74bde05831262e2cbff5d7ec39af35b47dfcde90e6dd7,True
results/tests/60/threshold__f100__threshold_value=200/00_input.png,data/tests/detection/_shared_inputs/video_60/frame_100.png,deduplicate_identical_input,312480,1,2427497940e4f6deabb6d273bae23e2eb0c72362108fd474f6f4ec603d6c6603,True
results/tests/60/threshold__f100__threshold_value=200/detections.csv,data/tests/detection/threshold/legacy_t200__cfg1f8f28ac/frame_screening/video_60/frame_100/threshold__f100__threshold_value_200/detections.csv,move_file,2856,1,8d2ee309fc46439fcf068219a445b1b1a45a10a2b3558ce985324aaa3835f787,True
results/tests/60/threshold__f100__threshold_value=200/detections.png,data/tests/detection/threshold/legacy_t200__cfg1f8f28ac/frame_screening/video_60/frame_100/threshold__f100__threshold_value_200/detections.png,move_file,335491,1,70d6562329736ca74b0fc957f394117aab073f7f069ddbe4bf1ca09636fbc04b,True
results/tests/60/threshold__f100__threshold_value=200/summary.json,data/tests/detection/threshold/legacy_t200__cfg1f8f28ac/frame_screening/video_60/frame_100/threshold__f100__threshold_value_200/summary.json,move_file,2557,1,32bd9aff9bdf3bb481430a0823b55645559d8402f8ef9dbb9be4cdcb88a6bb71,True
results/tests/60/threshold__f100__threshold_value=210/00_input.png,data/tests/detection/_shared_inputs/video_60/frame_100.png,deduplicate_identical_input,312480,1,2427497940e4f6deabb6d273bae23e2eb0c72362108fd474f6f4ec603d6c6603,True
results/tests/60/threshold__f100__threshold_value=210/detections.csv,data/tests/detection/threshold/legacy_t210__cfg4310fa76/frame_screening/video_60/frame_100/threshold__f100__threshold_value_210/detections.csv,move_file,2922,1,57ae4c24129e8f45f7f09dc266bd053d29092cd185c2e8c3456fd35f08cb8998,True
results/tests/60/threshold__f100__threshold_value=210/detections.png,data/tests/detection/threshold/legacy_t210__cfg4310fa76/frame_screening/video_60/frame_100/threshold__f100__threshold_value_210/detections.png,move_file,335462,1,1a476988647247735156824ad4bf0f4eea6714a35e15b7b8aca8e78d60984563,True
results/tests/60/threshold__f100__threshold_value=210/summary.json,data/tests/detection/threshold/legacy_t210__cfg4310fa76/frame_screening/video_60/frame_100/threshold__f100__threshold_value_210/summary.json,move_file,2668,1,23be1e58ccb28a80466c3fbae99ab09b73cf6a0c56455b21df325426e414df3c,True
results/tests/60/threshold__f50/00_input.png,data/tests/detection/_shared_inputs/video_60/frame_50.png,move_file,315717,1,55a744e7e36b3008f8d133a97f6d7dfab556e4a6c4517e5fa625c58721353b84,True
results/tests/60/threshold__f50/detections.csv,data/tests/detection/otsu/legacy_otsu_defaults__cfgbbaffb3e/frame_screening/video_60/frame_50/threshold__f50/detections.csv,move_file,3146,1,3551731884171c8b9d7a0887954446595aef98bbba605f11b11eab9ab3ad011b,True
results/tests/60/threshold__f50/detections.png,data/tests/detection/otsu/legacy_otsu_defaults__cfgbbaffb3e/frame_screening/video_60/frame_50/threshold__f50/detections.png,move_file,339797,1,bea86a2c564103db7a73e856de3cfc3bcfdc2f8d60b454c9420e784c9c420abf,True
results/tests/60/threshold__f50/summary.json,data/tests/detection/otsu/legacy_otsu_defaults__cfgbbaffb3e/frame_screening/video_60/frame_50/threshold__f50/summary.json,move_file,2855,1,638da9b31ca27064f7078da091e12f93ad6d885f88fc11c0d77e3ee1ce68d743,True
results/tests/60/threshold__f50__close_iterations=0/00_input.png,data/tests/detection/_shared_inputs/video_60/frame_50.png,deduplicate_identical_input,315717,1,55a744e7e36b3008f8d133a97f6d7dfab556e4a6c4517e5fa625c58721353b84,True
results/tests/60/threshold__f50__close_iterations=0/detections.csv,data/tests/detection/otsu/legacy_otsu_defaults__cfg4633c2bb/frame_screening/video_60/frame_50/threshold__f50__close_iterations_0/detections.csv,move_file,3146,1,3551731884171c8b9d7a0887954446595aef98bbba605f11b11eab9ab3ad011b,True
results/tests/60/threshold__f50__close_iterations=0/detections.png,data/tests/detection/otsu/legacy_otsu_defaults__cfg4633c2bb/frame_screening/video_60/frame_50/threshold__f50__close_iterations_0/detections.png,move_file,339797,1,bea86a2c564103db7a73e856de3cfc3bcfdc2f8d60b454c9420e784c9c420abf,True
results/tests/60/threshold__f50__close_iterations=0/summary.json,data/tests/detection/otsu/legacy_otsu_defaults__cfg4633c2bb/frame_screening/video_60/frame_50/threshold__f50__close_iterations_0/summary.json,move_file,2874,1,002aa17846723d4f2509639d6d9db0e0dcd5c5e22f6a27e699ff24b9e7572999,True
results/tests/60/threshold__f50__close_iterations=0_threshold_value=200/00_input.png,data/tests/detection/_shared_inputs/video_60/frame_50.png,deduplicate_identical_input,315717,1,55a744e7e36b3008f8d133a97f6d7dfab556e4a6c4517e5fa625c58721353b84,True
results/tests/60/threshold__f50__close_iterations=0_threshold_value=200/detections.csv,data/tests/detection/threshold/legacy_t200_c0__cfg1359249f/frame_screening/video_60/frame_50/threshold__f50__close_iterations_0_threshold_value_200/detections.csv,move_file,2930,1,5ca941a33d02e189d2e616b31a330dce1ddeb3c7b67e2c406edd166717eedbac,True
results/tests/60/threshold__f50__close_iterations=0_threshold_value=200/detections.png,data/tests/detection/threshold/legacy_t200_c0__cfg1359249f/frame_screening/video_60/frame_50/threshold__f50__close_iterations_0_threshold_value_200/detections.png,move_file,339301,1,4b14ebdc9f029e1899c7f10db7e2378ac9b1dead31d0a32416ea70b0007b3409,True
results/tests/60/threshold__f50__close_iterations=0_threshold_value=200/summary.json,data/tests/detection/threshold/legacy_t200_c0__cfg1359249f/frame_screening/video_60/frame_50/threshold__f50__close_iterations_0_threshold_value_200/summary.json,move_file,2577,1,e51e510a3cbcaa9c5b6e12621e91168c9d2a6bd793ef9d21354572231adf5582,True
results/tests/60/threshold__f50__close_iterations=2_threshold_value=200/00_input.png,data/tests/detection/_shared_inputs/video_60/frame_50.png,deduplicate_identical_input,315717,1,55a744e7e36b3008f8d133a97f6d7dfab556e4a6c4517e5fa625c58721353b84,True
results/tests/60/threshold__f50__close_iterations=2_threshold_value=200/detections.csv,data/tests/detection/threshold/legacy_t200_c2__cfg5d0522c8/frame_screening/video_60/frame_50/threshold__f50__close_iterations_2_threshold_value_200/detections.csv,move_file,2865,1,b216511fe0ac5b346a70847214864c989217429a92c35dacfd4343de7a8c68ac,True
results/tests/60/threshold__f50__close_iterations=2_threshold_value=200/detections.png,data/tests/detection/threshold/legacy_t200_c2__cfg5d0522c8/frame_screening/video_60/frame_50/threshold__f50__close_iterations_2_threshold_value_200/detections.png,move_file,339256,1,a11e57534f6ab2aba41e25b196519b2c6adbeee35d16f26fd87c325cda68e834,True
results/tests/60/threshold__f50__close_iterations=2_threshold_value=200/summary.json,data/tests/detection/threshold/legacy_t200_c2__cfg5d0522c8/frame_screening/video_60/frame_50/threshold__f50__close_iterations_2_threshold_value_200/summary.json,move_file,2500,1,bc8ce06e581eb21f475770cb14e23231af1801675cf51d4b62a84bdc60dbbdab,True
results/tests/60/threshold__f50__morph_iterations=2/00_input.png,data/tests/detection/_shared_inputs/video_60/frame_50.png,deduplicate_identical_input,315717,1,55a744e7e36b3008f8d133a97f6d7dfab556e4a6c4517e5fa625c58721353b84,True
results/tests/60/threshold__f50__morph_iterations=2/detections.csv,data/tests/detection/otsu/legacy_otsu_defaults__cfg76e32ed9/frame_screening/video_60/frame_50/threshold__f50__morph_iterations_2/detections.csv,move_file,3085,1,483f23bafc417c3c2aa7e03c61495ed77d783cf4b3da5811a7017c81d4d3157e,True
results/tests/60/threshold__f50__morph_iterations=2/detections.png,data/tests/detection/otsu/legacy_otsu_defaults__cfg76e32ed9/frame_screening/video_60/frame_50/threshold__f50__morph_iterations_2/detections.png,move_file,340328,1,60cd2dbaeed7f51621111a150d54ffb1bdd636b1d144694783b51b82790cbace,True
results/tests/60/threshold__f50__morph_iterations=2/summary.json,data/tests/detection/otsu/legacy_otsu_defaults__cfg76e32ed9/frame_screening/video_60/frame_50/threshold__f50__morph_iterations_2/summary.json,move_file,2801,1,ef9ce0b42f0380369772b4a1c0260a9634fa0b175e46cb4a6f432908a8be8c2f,True
results/tests/60/threshold__f50__morph_iterations=2_threshold_value=200/00_input.png,data/tests/detection/_shared_inputs/video_60/frame_50.png,deduplicate_identical_input,315717,1,55a744e7e36b3008f8d133a97f6d7dfab556e4a6c4517e5fa625c58721353b84,True
results/tests/60/threshold__f50__morph_iterations=2_threshold_value=200/detections.csv,data/tests/detection/threshold/legacy_t200_o2__cfga13617b6/frame_screening/video_60/frame_50/threshold__f50__morph_iterations_2_threshold_value_200/detections.csv,move_file,2476,1,46ce20cfa2a5fe8aa414c8e9a82e1ff0a4888d0b1c34990f20b3da2793923d5b,True
results/tests/60/threshold__f50__morph_iterations=2_threshold_value=200/detections.png,data/tests/detection/threshold/legacy_t200_o2__cfga13617b6/frame_screening/video_60/frame_50/threshold__f50__morph_iterations_2_threshold_value_200/detections.png,move_file,339698,1,952d0df8e0b94b88edced10b53271ce584542ea2457966e466fab641103562e3,True
results/tests/60/threshold__f50__morph_iterations=2_threshold_value=200/summary.json,data/tests/detection/threshold/legacy_t200_o2__cfga13617b6/frame_screening/video_60/frame_50/threshold__f50__morph_iterations_2_threshold_value_200/summary.json,move_file,1846,1,fdc86acb42f7e411c0a59246bde6e86db55682ecf7a94820f229b1c258d9d574,True
results/tests/60/threshold__f50__threshold_value=180/00_input.png,data/tests/detection/_shared_inputs/video_60/frame_50.png,deduplicate_identical_input,315717,1,55a744e7e36b3008f8d133a97f6d7dfab556e4a6c4517e5fa625c58721353b84,True
results/tests/60/threshold__f50__threshold_value=180/detections.csv,data/tests/detection/threshold/legacy_t180__cfg1fd3f76e/frame_screening/video_60/frame_50/threshold__f50__threshold_value_180/detections.csv,move_file,3137,1,7836a165d8a6fd87670a7756f9caa72337e717589fc3e4516c9187292a24ce08,True
results/tests/60/threshold__f50__threshold_value=180/detections.png,data/tests/detection/threshold/legacy_t180__cfg1fd3f76e/frame_screening/video_60/frame_50/threshold__f50__threshold_value_180/detections.png,move_file,339558,1,4978ea81c30e36fb6bc4cdcd26dff2e26693e76ff861273f4d547438a9a701a1,True
results/tests/60/threshold__f50__threshold_value=180/summary.json,data/tests/detection/threshold/legacy_t180__cfg1fd3f76e/frame_screening/video_60/frame_50/threshold__f50__threshold_value_180/summary.json,move_file,2900,1,2a5703dab09b0c16a2060641d2716a6b33ef47a23ee723521049759ca535cfab,True
results/tests/60/threshold__f50__threshold_value=190/00_input.png,data/tests/detection/_shared_inputs/video_60/frame_50.png,deduplicate_identical_input,315717,1,55a744e7e36b3008f8d133a97f6d7dfab556e4a6c4517e5fa625c58721353b84,True
results/tests/60/threshold__f50__threshold_value=190/detections.csv,data/tests/detection/threshold/legacy_t190__cfgfeeed012/frame_screening/video_60/frame_50/threshold__f50__threshold_value_190/detections.csv,move_file,2999,1,154ed3900a5c03b58c94f52ce3865f43e88dc7d19d9e0317fed7a249f5bab1a1,True
results/tests/60/threshold__f50__threshold_value=190/detections.png,data/tests/detection/threshold/legacy_t190__cfgfeeed012/frame_screening/video_60/frame_50/threshold__f50__threshold_value_190/detections.png,move_file,339478,1,2d17ab6d4cce876e95ee9c78e2cab79d56757c0238b3c596ce775dd659046c02,True
results/tests/60/threshold__f50__threshold_value=190/summary.json,data/tests/detection/threshold/legacy_t190__cfgfeeed012/frame_screening/video_60/frame_50/threshold__f50__threshold_value_190/summary.json,move_file,2672,1,940b937fd7f2ccc2df965f8288d721045f4a0ba54de952bfc63589514f175bc2,True
results/tests/60/threshold__f50__threshold_value=200/00_input.png,data/tests/detection/_shared_inputs/video_60/frame_50.png,deduplicate_identical_input,315717,1,55a744e7e36b3008f8d133a97f6d7dfab556e4a6c4517e5fa625c58721353b84,True
results/tests/60/threshold__f50__threshold_value=200/detections.csv,data/tests/detection/threshold/legacy_t200__cfg1f8f28ac/frame_screening/video_60/frame_50/threshold__f50__threshold_value_200/detections.csv,move_file,2930,1,5ca941a33d02e189d2e616b31a330dce1ddeb3c7b67e2c406edd166717eedbac,True
results/tests/60/threshold__f50__threshold_value=200/detections.png,data/tests/detection/threshold/legacy_t200__cfg1f8f28ac/frame_screening/video_60/frame_50/threshold__f50__threshold_value_200/detections.png,move_file,339301,1,4b14ebdc9f029e1899c7f10db7e2378ac9b1dead31d0a32416ea70b0007b3409,True
results/tests/60/threshold__f50__threshold_value=200/summary.json,data/tests/detection/threshold/legacy_t200__cfg1f8f28ac/frame_screening/video_60/frame_50/threshold__f50__threshold_value_200/summary.json,move_file,2562,1,ab9c05ec5891a8bf8a4630f5d7cff3522db49439169c1bdecf018d4e143e2076,True
results/tests/60/threshold__f50__threshold_value=210/00_input.png,data/tests/detection/_shared_inputs/video_60/frame_50.png,deduplicate_identical_input,315717,1,55a744e7e36b3008f8d133a97f6d7dfab556e4a6c4517e5fa625c58721353b84,True
results/tests/60/threshold__f50__threshold_value=210/detections.csv,data/tests/detection/threshold/legacy_t210__cfg4310fa76/frame_screening/video_60/frame_50/threshold__f50__threshold_value_210/detections.csv,move_file,2927,1,034d517791ab4d6726d825856cdb3ec7116397304582903859df11eba420645b,True
results/tests/60/threshold__f50__threshold_value=210/detections.png,data/tests/detection/threshold/legacy_t210__cfg4310fa76/frame_screening/video_60/frame_50/threshold__f50__threshold_value_210/detections.png,move_file,339226,1,6891549a06103127d227f7f7b3ea2c9425fad676a6f7dd75f12e488a17e04a73,True
results/tests/60/threshold__f50__threshold_value=210/summary.json,data/tests/detection/threshold/legacy_t210__cfg4310fa76/frame_screening/video_60/frame_50/threshold__f50__threshold_value_210/summary.json,move_file,2559,1,6556bf50fc0de1580fe61952fecbccf49736a869b0d8bef424241baaec6ef953,True
results/tests/82/threshold__f0/00_input.png,data/tests/detection/_shared_inputs/video_82/frame_0.png,move_file,296202,1,1b5cdc3333494fddd76f3d6ffd35e93bc14f5f8d83f1f44bfeb4a0155e699688,True
results/tests/82/threshold__f0/detections.csv,data/tests/detection/otsu/legacy_otsu_defaults__cfgbbaffb3e/frame_screening/video_82/frame_0/threshold__f0/detections.csv,move_file,4746,1,53fdb1e795191910dbd377979367d54fb8c618f14cac09f806b450a6a1797ea6,True
results/tests/82/threshold__f0/detections.png,data/tests/detection/otsu/legacy_otsu_defaults__cfgbbaffb3e/frame_screening/video_82/frame_0/threshold__f0/detections.png,move_file,323099,1,dbec5205d5446d738aff9b50dac3ee14512831557fe8de65baf81d93eae17f2c,True
results/tests/82/threshold__f0/summary.json,data/tests/detection/otsu/legacy_otsu_defaults__cfgbbaffb3e/frame_screening/video_82/frame_0/threshold__f0/summary.json,move_file,4605,1,028516dfa68c1e63ad4be8350442b04b52bfcd67ba8e796a56754a2dcfe85d43,True
results/tests/82/threshold__f0__close_iterations=0/00_input.png,data/tests/detection/_shared_inputs/video_82/frame_0.png,deduplicate_identical_input,296202,1,1b5cdc3333494fddd76f3d6ffd35e93bc14f5f8d83f1f44bfeb4a0155e699688,True
results/tests/82/threshold__f0__close_iterations=0/detections.csv,data/tests/detection/otsu/legacy_otsu_defaults__cfg4633c2bb/frame_screening/video_82/frame_0/threshold__f0__close_iterations_0/detections.csv,move_file,4994,1,6f985725655944e10c5c8c14e2f393fd885c95697b44010f45d34e655f9992c6,True
results/tests/82/threshold__f0__close_iterations=0/detections.png,data/tests/detection/otsu/legacy_otsu_defaults__cfg4633c2bb/frame_screening/video_82/frame_0/threshold__f0__close_iterations_0/detections.png,move_file,322871,1,7b495bd472620ff04e584b7e4d2f7d5dcea5038a284934d7fd73ab4e3e3065b2,True
results/tests/82/threshold__f0__close_iterations=0/summary.json,data/tests/detection/otsu/legacy_otsu_defaults__cfg4633c2bb/frame_screening/video_82/frame_0/threshold__f0__close_iterations_0/summary.json,move_file,5057,1,3600c187463b38318be21030d715d5c47735d2dd9efafc91f430a056da9b3d4d,True
results/tests/82/threshold__f0__close_iterations=0_threshold_value=200/00_input.png,data/tests/detection/_shared_inputs/video_82/frame_0.png,deduplicate_identical_input,296202,1,1b5cdc3333494fddd76f3d6ffd35e93bc14f5f8d83f1f44bfeb4a0155e699688,True
results/tests/82/threshold__f0__close_iterations=0_threshold_value=200/detections.csv,data/tests/detection/threshold/legacy_t200_c0__cfg1359249f/frame_screening/video_82/frame_0/threshold__f0__close_iterations_0_threshold_value_200/detections.csv,move_file,4143,1,364f2f5c044ff61eda833930f757bde99c9bd52e2bc8448248d166691d0a9a98,True
results/tests/82/threshold__f0__close_iterations=0_threshold_value=200/detections.png,data/tests/detection/threshold/legacy_t200_c0__cfg1359249f/frame_screening/video_82/frame_0/threshold__f0__close_iterations_0_threshold_value_200/detections.png,move_file,322121,1,72597de5fa3f937bda9b93d68a30ff0d8847fa9a6090c946951ae9b8cffdcddc,True
results/tests/82/threshold__f0__close_iterations=0_threshold_value=200/summary.json,data/tests/detection/threshold/legacy_t200_c0__cfg1359249f/frame_screening/video_82/frame_0/threshold__f0__close_iterations_0_threshold_value_200/summary.json,move_file,3655,1,aa0781f1c5f9155197da8dcc39f0531b3b43a098ddb52adc1ecab732ea7d2ed4,True
results/tests/82/threshold__f0__close_iterations=2_threshold_value=200/00_input.png,data/tests/detection/_shared_inputs/video_82/frame_0.png,deduplicate_identical_input,296202,1,1b5cdc3333494fddd76f3d6ffd35e93bc14f5f8d83f1f44bfeb4a0155e699688,True
results/tests/82/threshold__f0__close_iterations=2_threshold_value=200/detections.csv,data/tests/detection/threshold/legacy_t200_c2__cfg5d0522c8/frame_screening/video_82/frame_0/threshold__f0__close_iterations_2_threshold_value_200/detections.csv,move_file,4079,1,520f61ac565f6db0d4bdc9c01b02f6aca6c581991e14788421bc9b1f002502e0,True
results/tests/82/threshold__f0__close_iterations=2_threshold_value=200/detections.png,data/tests/detection/threshold/legacy_t200_c2__cfg5d0522c8/frame_screening/video_82/frame_0/threshold__f0__close_iterations_2_threshold_value_200/detections.png,move_file,322077,1,4d37f1e360c109c327f5f50c1989f3c7fca926bc6231dcf54c6f2c06ee1cd7d6,True
results/tests/82/threshold__f0__close_iterations=2_threshold_value=200/summary.json,data/tests/detection/threshold/legacy_t200_c2__cfg5d0522c8/frame_screening/video_82/frame_0/threshold__f0__close_iterations_2_threshold_value_200/summary.json,move_file,3576,1,7330b4b66ae79f4f1a437d4f7a7060ccbf3895daeaf15693004cdbaf4bf5658e,True
results/tests/82/threshold__f0__morph_iterations=2/00_input.png,data/tests/detection/_shared_inputs/video_82/frame_0.png,deduplicate_identical_input,296202,1,1b5cdc3333494fddd76f3d6ffd35e93bc14f5f8d83f1f44bfeb4a0155e699688,True
results/tests/82/threshold__f0__morph_iterations=2/detections.csv,data/tests/detection/otsu/legacy_otsu_defaults__cfg76e32ed9/frame_screening/video_82/frame_0/threshold__f0__morph_iterations_2/detections.csv,move_file,4365,1,d2dc48bf08d2273fecf53a95c2628fda11fbcc0bd302f607e041695af509004b,True
results/tests/82/threshold__f0__morph_iterations=2/detections.png,data/tests/detection/otsu/legacy_otsu_defaults__cfg76e32ed9/frame_screening/video_82/frame_0/threshold__f0__morph_iterations_2/detections.png,move_file,323044,1,64c73cdef7cffb77513c82cae89bd552b43b540bc11f378dad9f55b3478ab592,True
results/tests/82/threshold__f0__morph_iterations=2/summary.json,data/tests/detection/otsu/legacy_otsu_defaults__cfg76e32ed9/frame_screening/video_82/frame_0/threshold__f0__morph_iterations_2/summary.json,move_file,4002,1,a74798b0d37a66cfdf0952edb882577615dfa5b8e3dfba12c423686e220eaada,True
results/tests/82/threshold__f0__morph_iterations=2_threshold_value=200/00_input.png,data/tests/detection/_shared_inputs/video_82/frame_0.png,deduplicate_identical_input,296202,1,1b5cdc3333494fddd76f3d6ffd35e93bc14f5f8d83f1f44bfeb4a0155e699688,True
results/tests/82/threshold__f0__morph_iterations=2_threshold_value=200/detections.csv,data/tests/detection/threshold/legacy_t200_o2__cfga13617b6/frame_screening/video_82/frame_0/threshold__f0__morph_iterations_2_threshold_value_200/detections.csv,move_file,2869,1,dd16b2eedd51ff077cfce3c0aeebb147d3c3f3b3221b1475fc773f670ae1d093,True
results/tests/82/threshold__f0__morph_iterations=2_threshold_value=200/detections.png,data/tests/detection/threshold/legacy_t200_o2__cfga13617b6/frame_screening/video_82/frame_0/threshold__f0__morph_iterations_2_threshold_value_200/detections.png,move_file,323414,1,a0c124f4aa1cde46040a75e1a99744bea82437b663eb4a88f889b32436497d74,True
results/tests/82/threshold__f0__morph_iterations=2_threshold_value=200/summary.json,data/tests/detection/threshold/legacy_t200_o2__cfga13617b6/frame_screening/video_82/frame_0/threshold__f0__morph_iterations_2_threshold_value_200/summary.json,move_file,1509,1,d3a4a786c48eb93ffc802bee88dc6b446e7f92cd85faf68d2c220dd929b74176,True
results/tests/82/threshold__f0__threshold_value=180/00_input.png,data/tests/detection/_shared_inputs/video_82/frame_0.png,deduplicate_identical_input,296202,1,1b5cdc3333494fddd76f3d6ffd35e93bc14f5f8d83f1f44bfeb4a0155e699688,True
results/tests/82/threshold__f0__threshold_value=180/detections.csv,data/tests/detection/threshold/legacy_t180__cfg1fd3f76e/frame_screening/video_82/frame_0/threshold__f0__threshold_value_180/detections.csv,move_file,4582,1,6b2d7f37d7610246b9e9d1a09714456d745bcd5210c773e20e1f2efe0836d56c,True
results/tests/82/threshold__f0__threshold_value=180/detections.png,data/tests/detection/threshold/legacy_t180__cfg1fd3f76e/frame_screening/video_82/frame_0/threshold__f0__threshold_value_180/detections.png,move_file,321518,1,ed71d3ca904e20b0d7aa1fe26463a13c5621ba79e5412d7e120e285706462706,True
results/tests/82/threshold__f0__threshold_value=180/summary.json,data/tests/detection/threshold/legacy_t180__cfg1fd3f76e/frame_screening/video_82/frame_0/threshold__f0__threshold_value_180/summary.json,move_file,4400,1,d43b47c524ec2b8f2cfb490bc7f311ae756f463e8d8566da187be1ec9b12b65d,True
results/tests/82/threshold__f0__threshold_value=190/00_input.png,data/tests/detection/_shared_inputs/video_82/frame_0.png,deduplicate_identical_input,296202,1,1b5cdc3333494fddd76f3d6ffd35e93bc14f5f8d83f1f44bfeb4a0155e699688,True
results/tests/82/threshold__f0__threshold_value=190/detections.csv,data/tests/detection/threshold/legacy_t190__cfgfeeed012/frame_screening/video_82/frame_0/threshold__f0__threshold_value_190/detections.csv,move_file,4387,1,7224e0f68ac62e359be1baf6f0b68e1062bbb9baa76f4d9bc47a54d94b71b703,True
results/tests/82/threshold__f0__threshold_value=190/detections.png,data/tests/detection/threshold/legacy_t190__cfgfeeed012/frame_screening/video_82/frame_0/threshold__f0__threshold_value_190/detections.png,move_file,321609,1,52b39946afab415f2f8e4350b6dbe938e94925f8c94052c6d0aa2ab298460d2b,True
results/tests/82/threshold__f0__threshold_value=190/summary.json,data/tests/detection/threshold/legacy_t190__cfgfeeed012/frame_screening/video_82/frame_0/threshold__f0__threshold_value_190/summary.json,move_file,4070,1,b86dc993355f505a1dbf52568b4c40cd84f10ead64c9473c79f49b9667eb3ee4,True
results/tests/82/threshold__f0__threshold_value=200/00_input.png,data/tests/detection/_shared_inputs/video_82/frame_0.png,deduplicate_identical_input,296202,1,1b5cdc3333494fddd76f3d6ffd35e93bc14f5f8d83f1f44bfeb4a0155e699688,True
results/tests/82/threshold__f0__threshold_value=200/detections.csv,data/tests/detection/threshold/legacy_t200__cfg1f8f28ac/frame_screening/video_82/frame_0/threshold__f0__threshold_value_200/detections.csv,move_file,4079,1,520f61ac565f6db0d4bdc9c01b02f6aca6c581991e14788421bc9b1f002502e0,True
results/tests/82/threshold__f0__threshold_value=200/detections.png,data/tests/detection/threshold/legacy_t200__cfg1f8f28ac/frame_screening/video_82/frame_0/threshold__f0__threshold_value_200/detections.png,move_file,322077,1,4d37f1e360c109c327f5f50c1989f3c7fca926bc6231dcf54c6f2c06ee1cd7d6,True
results/tests/82/threshold__f0__threshold_value=200/summary.json,data/tests/detection/threshold/legacy_t200__cfg1f8f28ac/frame_screening/video_82/frame_0/threshold__f0__threshold_value_200/summary.json,move_file,3529,1,f58501418f5b98a4f712e56383603c9d08970ce7f4a57622ce40fd66f416cd34,True
results/tests/82/threshold__f0__threshold_value=210/00_input.png,data/tests/detection/_shared_inputs/video_82/frame_0.png,deduplicate_identical_input,296202,1,1b5cdc3333494fddd76f3d6ffd35e93bc14f5f8d83f1f44bfeb4a0155e699688,True
results/tests/82/threshold__f0__threshold_value=210/detections.csv,data/tests/detection/threshold/legacy_t210__cfg4310fa76/frame_screening/video_82/frame_0/threshold__f0__threshold_value_210/detections.csv,move_file,3951,1,4bc071f177286be48f70289117d5b2f3c10f71e63fbf55f1c5ba36ced07f5083,True
results/tests/82/threshold__f0__threshold_value=210/detections.png,data/tests/detection/threshold/legacy_t210__cfg4310fa76/frame_screening/video_82/frame_0/threshold__f0__threshold_value_210/detections.png,move_file,322472,1,1fca2ed79e46168b83a6718d761c59541dc00adb6280a864f90549a003e1a424,True
results/tests/82/threshold__f0__threshold_value=210/summary.json,data/tests/detection/threshold/legacy_t210__cfg4310fa76/frame_screening/video_82/frame_0/threshold__f0__threshold_value_210/summary.json,move_file,3313,1,7ff52cdccd879e371927b1c386ff10d294f5bc45b2528c540702c7a027c2a3bb,True
results/tests/82/threshold__f100/00_input.png,data/tests/detection/_shared_inputs/video_82/frame_100.png,move_file,292511,1,6ba68b22957cace13b12fcf0b82bb3c7625336ac263241cf80c8b41ea4b6a9c3,True
results/tests/82/threshold__f100/detections.csv,data/tests/detection/otsu/legacy_otsu_defaults__cfgbbaffb3e/frame_screening/video_82/frame_100/threshold__f100/detections.csv,move_file,5659,1,8d48c5274d75ab3469b4105695287479280198a56760a101cc4a8a1939b7b68f,True
results/tests/82/threshold__f100/detections.png,data/tests/detection/otsu/legacy_otsu_defaults__cfgbbaffb3e/frame_screening/video_82/frame_100/threshold__f100/detections.png,move_file,317059,1,9d2d1942c6f7ec409e1d4b3b499f969ac7550384d04c495989041e28d9dafc90,True
results/tests/82/threshold__f100/summary.json,data/tests/detection/otsu/legacy_otsu_defaults__cfgbbaffb3e/frame_screening/video_82/frame_100/threshold__f100/summary.json,move_file,5485,1,ec3687dde9315dd12ea975603b705fc7a8e4bfac344c23f15bc9b622fe0adc8b,True
results/tests/82/threshold__f100__close_iterations=0/00_input.png,data/tests/detection/_shared_inputs/video_82/frame_100.png,deduplicate_identical_input,292511,1,6ba68b22957cace13b12fcf0b82bb3c7625336ac263241cf80c8b41ea4b6a9c3,True
results/tests/82/threshold__f100__close_iterations=0/detections.csv,data/tests/detection/otsu/legacy_otsu_defaults__cfg4633c2bb/frame_screening/video_82/frame_100/threshold__f100__close_iterations_0/detections.csv,move_file,5915,1,939f56a4f729d2600d0ab0c111f6bfb3547b38cbb4a84b7348c80116cad0b03f,True
results/tests/82/threshold__f100__close_iterations=0/detections.png,data/tests/detection/otsu/legacy_otsu_defaults__cfg4633c2bb/frame_screening/video_82/frame_100/threshold__f100__close_iterations_0/detections.png,move_file,317075,1,107a47cfdcd86f360d4fbf3df638c3fdb67b1b81ec859f688bba6645727dee7b,True
results/tests/82/threshold__f100__close_iterations=0/summary.json,data/tests/detection/otsu/legacy_otsu_defaults__cfg4633c2bb/frame_screening/video_82/frame_100/threshold__f100__close_iterations_0/summary.json,move_file,5936,1,67f6390b951dc993f3eea1bdc677628dcc6c1ceb990169efc12b6a0a88cee715,True
results/tests/82/threshold__f100__close_iterations=0_threshold_value=200/00_input.png,data/tests/detection/_shared_inputs/video_82/frame_100.png,deduplicate_identical_input,292511,1,6ba68b22957cace13b12fcf0b82bb3c7625336ac263241cf80c8b41ea4b6a9c3,True
results/tests/82/threshold__f100__close_iterations=0_threshold_value=200/detections.csv,data/tests/detection/threshold/legacy_t200_c0__cfg1359249f/frame_screening/video_82/frame_100/threshold__f100__close_iterations_0_threshold_value_200/detections.csv,move_file,4829,1,e297efc4628bab4c1ba31fcc376398200d74b7b980b5f7330475dacaba511df3,True
results/tests/82/threshold__f100__close_iterations=0_threshold_value=200/detections.png,data/tests/detection/threshold/legacy_t200_c0__cfg1359249f/frame_screening/video_82/frame_100/threshold__f100__close_iterations_0_threshold_value_200/detections.png,move_file,316123,1,ba9aa4de8d2581e752885a898dea5b4a313832748098322788ea75e96e6732df,True
results/tests/82/threshold__f100__close_iterations=0_threshold_value=200/summary.json,data/tests/detection/threshold/legacy_t200_c0__cfg1359249f/frame_screening/video_82/frame_100/threshold__f100__close_iterations_0_threshold_value_200/summary.json,move_file,4199,1,a54abd915fb15afb543831be99516c2276960c71890fe35de4b52af71c48db41,True
results/tests/82/threshold__f100__close_iterations=2_threshold_value=200/00_input.png,data/tests/detection/_shared_inputs/video_82/frame_100.png,deduplicate_identical_input,292511,1,6ba68b22957cace13b12fcf0b82bb3c7625336ac263241cf80c8b41ea4b6a9c3,True
results/tests/82/threshold__f100__close_iterations=2_threshold_value=200/detections.csv,data/tests/detection/threshold/legacy_t200_c2__cfg5d0522c8/frame_screening/video_82/frame_100/threshold__f100__close_iterations_2_threshold_value_200/detections.csv,move_file,4829,1,cf1ee137c457841ec77efaff7d50859326654a579dcc2a3b389b6a328e77c816,True
results/tests/82/threshold__f100__close_iterations=2_threshold_value=200/detections.png,data/tests/detection/threshold/legacy_t200_c2__cfg5d0522c8/frame_screening/video_82/frame_100/threshold__f100__close_iterations_2_threshold_value_200/detections.png,move_file,316135,1,00b3798d9d627151cca7e450c997b5b0110b6448fcf4cb4f5935c726530a2d86,True
results/tests/82/threshold__f100__close_iterations=2_threshold_value=200/summary.json,data/tests/detection/threshold/legacy_t200_c2__cfg5d0522c8/frame_screening/video_82/frame_100/threshold__f100__close_iterations_2_threshold_value_200/summary.json,move_file,4231,1,230085c2b26e42c33dce2ba79dc30c1713ee4d42515cf6edb9e943b95b9a6d54,True
results/tests/82/threshold__f100__morph_iterations=2/00_input.png,data/tests/detection/_shared_inputs/video_82/frame_100.png,deduplicate_identical_input,292511,1,6ba68b22957cace13b12fcf0b82bb3c7625336ac263241cf80c8b41ea4b6a9c3,True
results/tests/82/threshold__f100__morph_iterations=2/detections.csv,data/tests/detection/otsu/legacy_otsu_defaults__cfg76e32ed9/frame_screening/video_82/frame_100/threshold__f100__morph_iterations_2/detections.csv,move_file,4879,1,9845aeeaa5e1c039bddfe98e749d4aaf228138e4b2524f8465ba6803b65cee93,True
results/tests/82/threshold__f100__morph_iterations=2/detections.png,data/tests/detection/otsu/legacy_otsu_defaults__cfg76e32ed9/frame_screening/video_82/frame_100/threshold__f100__morph_iterations_2/detections.png,move_file,317491,1,002da81e0d9015ecead6c9f9be2cafd909ca47c050628f8c290826e32211ece3,True
results/tests/82/threshold__f100__morph_iterations=2/summary.json,data/tests/detection/otsu/legacy_otsu_defaults__cfg76e32ed9/frame_screening/video_82/frame_100/threshold__f100__morph_iterations_2/summary.json,move_file,4235,1,31f441adbb74d65cc191fd18aa6eae397655982d1831924d96ca3cb89ae9b837,True
results/tests/82/threshold__f100__morph_iterations=2_threshold_value=200/00_input.png,data/tests/detection/_shared_inputs/video_82/frame_100.png,deduplicate_identical_input,292511,1,6ba68b22957cace13b12fcf0b82bb3c7625336ac263241cf80c8b41ea4b6a9c3,True
results/tests/82/threshold__f100__morph_iterations=2_threshold_value=200/detections.csv,data/tests/detection/threshold/legacy_t200_o2__cfga13617b6/frame_screening/video_82/frame_100/threshold__f100__morph_iterations_2_threshold_value_200/detections.csv,move_file,3322,1,8bd24948c28c1225edbdb4dbebd5fa7c4538b7653b2f337fa64e126cfa065822,True
results/tests/82/threshold__f100__morph_iterations=2_threshold_value=200/detections.png,data/tests/detection/threshold/legacy_t200_o2__cfga13617b6/frame_screening/video_82/frame_100/threshold__f100__morph_iterations_2_threshold_value_200/detections.png,move_file,317920,1,87d47fb1b6d57dd125f53ccce10626317982e5272c75d3618fafed8b2bd1bb20,True
results/tests/82/threshold__f100__morph_iterations=2_threshold_value=200/summary.json,data/tests/detection/threshold/legacy_t200_o2__cfga13617b6/frame_screening/video_82/frame_100/threshold__f100__morph_iterations_2_threshold_value_200/summary.json,move_file,1731,1,724129a7376318951784f7e31d3e437caeb9ce551249fb7804a7e216431e3720,True
results/tests/82/threshold__f100__threshold_value=180/00_input.png,data/tests/detection/_shared_inputs/video_82/frame_100.png,deduplicate_identical_input,292511,1,6ba68b22957cace13b12fcf0b82bb3c7625336ac263241cf80c8b41ea4b6a9c3,True
results/tests/82/threshold__f100__threshold_value=180/detections.csv,data/tests/detection/threshold/legacy_t180__cfg1fd3f76e/frame_screening/video_82/frame_100/threshold__f100__threshold_value_180/detections.csv,move_file,4892,1,e471de80fc318e8ce3ac8714b59e91ab6c4b33123e933164bccd39e0cec93bf4,True
results/tests/82/threshold__f100__threshold_value=180/detections.png,data/tests/detection/threshold/legacy_t180__cfg1fd3f76e/frame_screening/video_82/frame_100/threshold__f100__threshold_value_180/detections.png,move_file,316075,1,320e90d0cc37b89d592888ed79a811f9a148a152f10f1d04428937ffa751d072,True
results/tests/82/threshold__f100__threshold_value=180/summary.json,data/tests/detection/threshold/legacy_t180__cfg1fd3f76e/frame_screening/video_82/frame_100/threshold__f100__threshold_value_180/summary.json,move_file,4296,1,251e0cbe16f56dcc0fbec79159235b1b4308d0603da24e1467975e34b494b842,True
results/tests/82/threshold__f100__threshold_value=190/00_input.png,data/tests/detection/_shared_inputs/video_82/frame_100.png,deduplicate_identical_input,292511,1,6ba68b22957cace13b12fcf0b82bb3c7625336ac263241cf80c8b41ea4b6a9c3,True
results/tests/82/threshold__f100__threshold_value=190/detections.csv,data/tests/detection/threshold/legacy_t190__cfgfeeed012/frame_screening/video_82/frame_100/threshold__f100__threshold_value_190/detections.csv,move_file,5151,1,bc259a6f21a6d939ddcc09f8cc9afe3157ccf0d138d9121efe325a701a757b94,True
results/tests/82/threshold__f100__threshold_value=190/detections.png,data/tests/detection/threshold/legacy_t190__cfgfeeed012/frame_screening/video_82/frame_100/threshold__f100__threshold_value_190/detections.png,move_file,315831,1,43826064d0e2f0c13f1366e83822cc28d12a17f8fe412d7fbadec18333af8b0c,True
results/tests/82/threshold__f100__threshold_value=190/summary.json,data/tests/detection/threshold/legacy_t190__cfgfeeed012/frame_screening/video_82/frame_100/threshold__f100__threshold_value_190/summary.json,move_file,4725,1,29f9a8a33b23b45124a12ed39fd5fc8a87ec3a4b28041545c17b7604429d5200,True
results/tests/82/threshold__f100__threshold_value=200/00_input.png,data/tests/detection/_shared_inputs/video_82/frame_100.png,deduplicate_identical_input,292511,1,6ba68b22957cace13b12fcf0b82bb3c7625336ac263241cf80c8b41ea4b6a9c3,True
results/tests/82/threshold__f100__threshold_value=200/detections.csv,data/tests/detection/threshold/legacy_t200__cfg1f8f28ac/frame_screening/video_82/frame_100/threshold__f100__threshold_value_200/detections.csv,move_file,4829,1,e297efc4628bab4c1ba31fcc376398200d74b7b980b5f7330475dacaba511df3,True
results/tests/82/threshold__f100__threshold_value=200/detections.png,data/tests/detection/threshold/legacy_t200__cfg1f8f28ac/frame_screening/video_82/frame_100/threshold__f100__threshold_value_200/detections.png,move_file,316123,1,ba9aa4de8d2581e752885a898dea5b4a313832748098322788ea75e96e6732df,True
results/tests/82/threshold__f100__threshold_value=200/summary.json,data/tests/detection/threshold/legacy_t200__cfg1f8f28ac/frame_screening/video_82/frame_100/threshold__f100__threshold_value_200/summary.json,move_file,4184,1,7735f18143350f42a6334d50ea31b0d8cc94064bf1f77f3795adfaf972064dd4,True
results/tests/82/threshold__f100__threshold_value=210/00_input.png,data/tests/detection/_shared_inputs/video_82/frame_100.png,deduplicate_identical_input,292511,1,6ba68b22957cace13b12fcf0b82bb3c7625336ac263241cf80c8b41ea4b6a9c3,True
results/tests/82/threshold__f100__threshold_value=210/detections.csv,data/tests/detection/threshold/legacy_t210__cfg4310fa76/frame_screening/video_82/frame_100/threshold__f100__threshold_value_210/detections.csv,move_file,4440,1,62393a00c673528c5dbb35d3a9be145a83844413bc37837603d01d8b956ee808,True
results/tests/82/threshold__f100__threshold_value=210/detections.png,data/tests/detection/threshold/legacy_t210__cfg4310fa76/frame_screening/video_82/frame_100/threshold__f100__threshold_value_210/detections.png,move_file,316546,1,a5e36b7c8c015dd2eb28c4358bb80dd88a199547194b949d376cb962c8869637,True
results/tests/82/threshold__f100__threshold_value=210/summary.json,data/tests/detection/threshold/legacy_t210__cfg4310fa76/frame_screening/video_82/frame_100/threshold__f100__threshold_value_210/summary.json,move_file,3534,1,b4307c956cf7f5608f284b12c85058d1cc371841cb7baa47f1d8aa380395c497,True
results/tests/82/threshold__f50/00_input.png,data/tests/detection/_shared_inputs/video_82/frame_50.png,move_file,290718,1,f34453cd831de9bc071b4d2372512200e580c59e91c8d0bad453b3b0a0cec064,True
results/tests/82/threshold__f50/detections.csv,data/tests/detection/otsu/legacy_otsu_defaults__cfgbbaffb3e/frame_screening/video_82/frame_50/threshold__f50/detections.csv,move_file,4947,1,89453731cabadd3e672375a605714353809983f5bb4608074d192a2bfd7f2b4c,True
results/tests/82/threshold__f50/detections.png,data/tests/detection/otsu/legacy_otsu_defaults__cfgbbaffb3e/frame_screening/video_82/frame_50/threshold__f50/detections.png,move_file,315704,1,ae16dcb51408dc277bd07c38f86319fa8398109930d351096fb01a7301fa4eac,True
results/tests/82/threshold__f50/summary.json,data/tests/detection/otsu/legacy_otsu_defaults__cfgbbaffb3e/frame_screening/video_82/frame_50/threshold__f50/summary.json,move_file,4596,1,3b9cae218708e1a6983b04c82a4fab821e38fd3b9b9a036d0157a39c273573f7,True
results/tests/82/threshold__f50__close_iterations=0/00_input.png,data/tests/detection/_shared_inputs/video_82/frame_50.png,deduplicate_identical_input,290718,1,f34453cd831de9bc071b4d2372512200e580c59e91c8d0bad453b3b0a0cec064,True
results/tests/82/threshold__f50__close_iterations=0/detections.csv,data/tests/detection/otsu/legacy_otsu_defaults__cfg4633c2bb/frame_screening/video_82/frame_50/threshold__f50__close_iterations_0/detections.csv,move_file,5142,1,950233197d1ca09729dbddad4c0f8da8ed6cde4b3e023e39b2a863c73ecb4660,True
results/tests/82/threshold__f50__close_iterations=0/detections.png,data/tests/detection/otsu/legacy_otsu_defaults__cfg4633c2bb/frame_screening/video_82/frame_50/threshold__f50__close_iterations_0/detections.png,move_file,315575,1,2231a7febbf46f47db3149a40d08dd64997fe6f764cc95cf34d6ecc673c1b94b,True
results/tests/82/threshold__f50__close_iterations=0/summary.json,data/tests/detection/otsu/legacy_otsu_defaults__cfg4633c2bb/frame_screening/video_82/frame_50/threshold__f50__close_iterations_0/summary.json,move_file,4943,1,5ea33785a02d722864e7650dc05288e9f2fbb99621b41ba7a8e945d00421e0ed,True
results/tests/82/threshold__f50__close_iterations=0_threshold_value=200/00_input.png,data/tests/detection/_shared_inputs/video_82/frame_50.png,deduplicate_identical_input,290718,1,f34453cd831de9bc071b4d2372512200e580c59e91c8d0bad453b3b0a0cec064,True
results/tests/82/threshold__f50__close_iterations=0_threshold_value=200/detections.csv,data/tests/detection/threshold/legacy_t200_c0__cfg1359249f/frame_screening/video_82/frame_50/threshold__f50__close_iterations_0_threshold_value_200/detections.csv,move_file,4345,1,4dcf8d95a237c7dd5ce312fb1c17fdd5485630eedc975dfe5f42d1b6de17df11,True
results/tests/82/threshold__f50__close_iterations=0_threshold_value=200/detections.png,data/tests/detection/threshold/legacy_t200_c0__cfg1359249f/frame_screening/video_82/frame_50/threshold__f50__close_iterations_0_threshold_value_200/detections.png,move_file,314825,1,0fb83de9c947ef189d2bebaf67b67ddc0d5249ada7abcd89f86d080a7887b10e,True
results/tests/82/threshold__f50__close_iterations=0_threshold_value=200/summary.json,data/tests/detection/threshold/legacy_t200_c0__cfg1359249f/frame_screening/video_82/frame_50/threshold__f50__close_iterations_0_threshold_value_200/summary.json,move_file,3650,1,a26bc53e91d3ed500f7ddf568a695c48ac61046e91f732230c5990692eef097b,True
results/tests/82/threshold__f50__close_iterations=2_threshold_value=200/00_input.png,data/tests/detection/_shared_inputs/video_82/frame_50.png,deduplicate_identical_input,290718,1,f34453cd831de9bc071b4d2372512200e580c59e91c8d0bad453b3b0a0cec064,True
results/tests/82/threshold__f50__close_iterations=2_threshold_value=200/detections.csv,data/tests/detection/threshold/legacy_t200_c2__cfg5d0522c8/frame_screening/video_82/frame_50/threshold__f50__close_iterations_2_threshold_value_200/detections.csv,move_file,4345,1,abbc653e46a3fc65cf50b9af96b4fb460125dc0fd68c6a9544b171226091ad61,True
results/tests/82/threshold__f50__close_iterations=2_threshold_value=200/detections.png,data/tests/detection/threshold/legacy_t200_c2__cfg5d0522c8/frame_screening/video_82/frame_50/threshold__f50__close_iterations_2_threshold_value_200/detections.png,move_file,314825,1,0fb83de9c947ef189d2bebaf67b67ddc0d5249ada7abcd89f86d080a7887b10e,True
results/tests/82/threshold__f50__close_iterations=2_threshold_value=200/summary.json,data/tests/detection/threshold/legacy_t200_c2__cfg5d0522c8/frame_screening/video_82/frame_50/threshold__f50__close_iterations_2_threshold_value_200/summary.json,move_file,3682,1,aff510ccd3841d3fdb48095f83bedceeb0715fd2115a2cc1bd913fea6add9f3d,True
results/tests/82/threshold__f50__morph_iterations=2/00_input.png,data/tests/detection/_shared_inputs/video_82/frame_50.png,deduplicate_identical_input,290718,1,f34453cd831de9bc071b4d2372512200e580c59e91c8d0bad453b3b0a0cec064,True
results/tests/82/threshold__f50__morph_iterations=2/detections.csv,data/tests/detection/otsu/legacy_otsu_defaults__cfg76e32ed9/frame_screening/video_82/frame_50/threshold__f50__morph_iterations_2/detections.csv,move_file,4502,1,8aa3f0078d0c9b52b71ea8fba38d9adbbc31ee35bc45b35782aec3361c07191f,True
results/tests/82/threshold__f50__morph_iterations=2/detections.png,data/tests/detection/otsu/legacy_otsu_defaults__cfg76e32ed9/frame_screening/video_82/frame_50/threshold__f50__morph_iterations_2/detections.png,move_file,315660,1,fdd26ca2d94e78cfa83a0053f4580caa069559e3f431b00ce3929bb98e519aa9,True
results/tests/82/threshold__f50__morph_iterations=2/summary.json,data/tests/detection/otsu/legacy_otsu_defaults__cfg76e32ed9/frame_screening/video_82/frame_50/threshold__f50__morph_iterations_2/summary.json,move_file,3889,1,ea7e3ba581ae1aa1b56d0e0bd408d9b2196c38d27f97d8b3a2ced5160502c674,True
results/tests/82/threshold__f50__morph_iterations=2_threshold_value=200/00_input.png,data/tests/detection/_shared_inputs/video_82/frame_50.png,deduplicate_identical_input,290718,1,f34453cd831de9bc071b4d2372512200e580c59e91c8d0bad453b3b0a0cec064,True
results/tests/82/threshold__f50__morph_iterations=2_threshold_value=200/detections.csv,data/tests/detection/threshold/legacy_t200_o2__cfga13617b6/frame_screening/video_82/frame_50/threshold__f50__morph_iterations_2_threshold_value_200/detections.csv,move_file,2873,1,24e85264c1726321db3c5e3ce832148264498aaf1194aab701363b0f46d2b941,True
results/tests/82/threshold__f50__morph_iterations=2_threshold_value=200/detections.png,data/tests/detection/threshold/legacy_t200_o2__cfga13617b6/frame_screening/video_82/frame_50/threshold__f50__morph_iterations_2_threshold_value_200/detections.png,move_file,316279,1,a75b81c9d58b6190800a137bebd2c4167726641cee7d22341f1cd19ef547dc51,True
results/tests/82/threshold__f50__morph_iterations=2_threshold_value=200/summary.json,data/tests/detection/threshold/legacy_t200_o2__cfga13617b6/frame_screening/video_82/frame_50/threshold__f50__morph_iterations_2_threshold_value_200/summary.json,move_file,1186,1,70ea0920f1513c5f2d7ee875eec7fe6d9b8e35aeeed54ca8cf0737e367cf2177,True
results/tests/82/threshold__f50__threshold_value=180/00_input.png,data/tests/detection/_shared_inputs/video_82/frame_50.png,deduplicate_identical_input,290718,1,f34453cd831de9bc071b4d2372512200e580c59e91c8d0bad453b3b0a0cec064,True
results/tests/82/threshold__f50__threshold_value=180/detections.csv,data/tests/detection/threshold/legacy_t180__cfg1fd3f76e/frame_screening/video_82/frame_50/threshold__f50__threshold_value_180/detections.csv,move_file,4658,1,ebc2e74eef3d5ce0f8d5f55be765902a0dfb1e812c2baf35594b2216b4c164fc,True
results/tests/82/threshold__f50__threshold_value=180/detections.png,data/tests/detection/threshold/legacy_t180__cfg1fd3f76e/frame_screening/video_82/frame_50/threshold__f50__threshold_value_180/detections.png,move_file,314292,1,6b7ecc3d05a43e5a434aad0868e322b97e77cced9368303eb03dd4a38dce8bc3,True
results/tests/82/threshold__f50__threshold_value=180/summary.json,data/tests/detection/threshold/legacy_t180__cfg1fd3f76e/frame_screening/video_82/frame_50/threshold__f50__threshold_value_180/summary.json,move_file,4177,1,96c9a05d33091a385b095c2cc6633a98316be688b281e1b6bef337010e422357,True
results/tests/82/threshold__f50__threshold_value=190/00_input.png,data/tests/detection/_shared_inputs/video_82/frame_50.png,deduplicate_identical_input,290718,1,f34453cd831de9bc071b4d2372512200e580c59e91c8d0bad453b3b0a0cec064,True
results/tests/82/threshold__f50__threshold_value=190/detections.csv,data/tests/detection/threshold/legacy_t190__cfgfeeed012/frame_screening/video_82/frame_50/threshold__f50__threshold_value_190/detections.csv,move_file,4533,1,a338544576e82a28a8f26a790bd3268718a77c1bd013d9cb27117a86974fa85c,True
results/tests/82/threshold__f50__threshold_value=190/detections.png,data/tests/detection/threshold/legacy_t190__cfgfeeed012/frame_screening/video_82/frame_50/threshold__f50__threshold_value_190/detections.png,move_file,314440,1,d1f0b6520159d7314c2c783626f923524f539ca42ad11fd969d90ee860c6deb5,True
results/tests/82/threshold__f50__threshold_value=190/summary.json,data/tests/detection/threshold/legacy_t190__cfgfeeed012/frame_screening/video_82/frame_50/threshold__f50__threshold_value_190/summary.json,move_file,3961,1,ddd9318543236e3cc002d95f668bfe21d3b0320f350aac9ae352be8ef7ea1dc2,True
results/tests/82/threshold__f50__threshold_value=200/00_input.png,data/tests/detection/_shared_inputs/video_82/frame_50.png,deduplicate_identical_input,290718,1,f34453cd831de9bc071b4d2372512200e580c59e91c8d0bad453b3b0a0cec064,True
results/tests/82/threshold__f50__threshold_value=200/detections.csv,data/tests/detection/threshold/legacy_t200__cfg1f8f28ac/frame_screening/video_82/frame_50/threshold__f50__threshold_value_200/detections.csv,move_file,4345,1,abbc653e46a3fc65cf50b9af96b4fb460125dc0fd68c6a9544b171226091ad61,True
results/tests/82/threshold__f50__threshold_value=200/detections.png,data/tests/detection/threshold/legacy_t200__cfg1f8f28ac/frame_screening/video_82/frame_50/threshold__f50__threshold_value_200/detections.png,move_file,314825,1,0fb83de9c947ef189d2bebaf67b67ddc0d5249ada7abcd89f86d080a7887b10e,True
results/tests/82/threshold__f50__threshold_value=200/summary.json,data/tests/detection/threshold/legacy_t200__cfg1f8f28ac/frame_screening/video_82/frame_50/threshold__f50__threshold_value_200/summary.json,move_file,3635,1,c67c2db7febe260242a589d05ecdecedbfb1c6cfb414c9dc726746c11a6bfa3f,True
results/tests/82/threshold__f50__threshold_value=210/00_input.png,data/tests/detection/_shared_inputs/video_82/frame_50.png,deduplicate_identical_input,290718,1,f34453cd831de9bc071b4d2372512200e580c59e91c8d0bad453b3b0a0cec064,True
results/tests/82/threshold__f50__threshold_value=210/detections.csv,data/tests/detection/threshold/legacy_t210__cfg4310fa76/frame_screening/video_82/frame_50/threshold__f50__threshold_value_210/detections.csv,move_file,4089,1,eab511b41634d1573d0f72e13435349a51f29dc043b9ea6259c2dbee750e2782,True
results/tests/82/threshold__f50__threshold_value=210/detections.png,data/tests/detection/threshold/legacy_t210__cfg4310fa76/frame_screening/video_82/frame_50/threshold__f50__threshold_value_210/detections.png,move_file,315196,1,bf2998a2c355dcd9daca57fb0eda1a7e692718a841b9772a9709487c03d4a055,True
results/tests/82/threshold__f50__threshold_value=210/summary.json,data/tests/detection/threshold/legacy_t210__cfg4310fa76/frame_screening/video_82/frame_50/threshold__f50__threshold_value_210/summary.json,move_file,3203,1,76d6bd3ddffca266bef9680a2732ff116b06ce3ed4d2ea14b2b916c19264dc34,True
results/runs/validation/detection/threshold/20260829T192135684903Z__2da02e6__cfg0494c48e8ac1__srcfc72dd8592__s42/annotated.mp4,data/tests/detection/threshold/t200_o1_c2__cfg3276cf65/validation/20260829T192135684903Z__2da02e6__cfg0494c48e8ac1__srcfc72dd8592__s42/annotated.mp4,move_file_in_tree,5534244,1,d0e83199f1bf560fb7dbae6aa19c38cdfed2a16c6c38ad15eaa74aca66c9d6fb,True
results/runs/validation/detection/threshold/20260829T192135684903Z__2da02e6__cfg0494c48e8ac1__srcfc72dd8592__s42/detections.csv,data/tests/detection/threshold/t200_o1_c2__cfg3276cf65/validation/20260829T192135684903Z__2da02e6__cfg0494c48e8ac1__srcfc72dd8592__s42/detections.csv,move_file_in_tree,1122562,1,670b01f9c5b32ea5a10d47ec8f8ef5733cfdd3494312ac121368d3d12ddce829,True
results/runs/validation/detection/threshold/20260829T192135684903Z__2da02e6__cfg0494c48e8ac1__srcfc72dd8592__s42/frame_metrics.csv,data/tests/detection/threshold/t200_o1_c2__cfg3276cf65/validation/20260829T192135684903Z__2da02e6__cfg0494c48e8ac1__srcfc72dd8592__s42/frame_metrics.csv,move_file_in_tree,348498,1,92fa0d449fcf83c8e0de2323f994902df04d4c51d1fc88eb0d431cc2ef2bfcbf,True
results/runs/validation/detection/threshold/20260829T192135684903Z__2da02e6__cfg0494c48e8ac1__srcfc72dd8592__s42/manifest.json,data/tests/detection/threshold/t200_o1_c2__cfg3276cf65/validation/20260829T192135684903Z__2da02e6__cfg0494c48e8ac1__srcfc72dd8592__s42/manifest.json,move_file_in_tree,5178,1,da6f6702ca28fa454753865d3431ae3ee3f8e2876b0f170f4678c3375a8479f7,True
results/runs/validation/detection/threshold/20260829T192135684903Z__2da02e6__cfg0494c48e8ac1__srcfc72dd8592__s42/metadata.json,data/tests/detection/threshold/t200_o1_c2__cfg3276cf65/validation/20260829T192135684903Z__2da02e6__cfg0494c48e8ac1__srcfc72dd8592__s42/metadata.json,move_file_in_tree,2794,1,01def3fa9aee4dc6648bb59419856780aecd0cf4fe65f6a09a7832b3958cc3ee,True
results/runs/validation/detection/threshold/20260829T192135684903Z__2da02e6__cfg0494c48e8ac1__srcfc72dd8592__s42/summary.csv,data/tests/detection/threshold/t200_o1_c2__cfg3276cf65/validation/20260829T192135684903Z__2da02e6__cfg0494c48e8ac1__srcfc72dd8592__s42/summary.csv,move_file_in_tree,1573,1,f398dfce2c82692edba3b3efdf261d8a82e4b9df166decd9854ee11caf9d287b,True
results/runs/validation/detection/threshold/20260829T192157645577Z__2da02e6__cfg936e17cf490b__srcfc72dd8592__s42/annotated.mp4,data/tests/detection/threshold/t200_o1_c2__cfg3276cf65/validation/20260829T192157645577Z__2da02e6__cfg936e17cf490b__srcfc72dd8592__s42/annotated.mp4,move_file_in_tree,17268305,1,ecdbe3c971edc0b7d64644245aa1a9151462bdc34262aedb71bbe0d217b1ff91,True
results/runs/validation/detection/threshold/20260829T192157645577Z__2da02e6__cfg936e17cf490b__srcfc72dd8592__s42/detections.csv,data/tests/detection/threshold/t200_o1_c2__cfg3276cf65/validation/20260829T192157645577Z__2da02e6__cfg936e17cf490b__srcfc72dd8592__s42/detections.csv,move_file_in_tree,5723224,1,f16fec083a8373612a01fd1655d786f8e32477733a7ecf2a588e94f8a09091bc,True
results/runs/validation/detection/threshold/20260829T192157645577Z__2da02e6__cfg936e17cf490b__srcfc72dd8592__s42/frame_metrics.csv,data/tests/detection/threshold/t200_o1_c2__cfg3276cf65/validation/20260829T192157645577Z__2da02e6__cfg936e17cf490b__srcfc72dd8592__s42/frame_metrics.csv,move_file_in_tree,447334,1,c60e7a4858a900ed8f9e2fc9999ea43127a2e24062b8d7be620adcc7fc44001d,True
results/runs/validation/detection/threshold/20260829T192157645577Z__2da02e6__cfg936e17cf490b__srcfc72dd8592__s42/manifest.json,data/tests/detection/threshold/t200_o1_c2__cfg3276cf65/validation/20260829T192157645577Z__2da02e6__cfg936e17cf490b__srcfc72dd8592__s42/manifest.json,move_file_in_tree,5198,1,78b8c8171f921c1924cd5161f26788b949168ed60c0ed53447d0d1172404621b,True
results/runs/validation/detection/threshold/20260829T192157645577Z__2da02e6__cfg936e17cf490b__srcfc72dd8592__s42/metadata.json,data/tests/detection/threshold/t200_o1_c2__cfg3276cf65/validation/20260829T192157645577Z__2da02e6__cfg936e17cf490b__srcfc72dd8592__s42/metadata.json,move_file_in_tree,2814,1,19c8276d8e871a245f8429f8655d6a387cf6056c38e2323fbf7cd9a6b88870b3,True
results/runs/validation/detection/threshold/20260829T192157645577Z__2da02e6__cfg936e17cf490b__srcfc72dd8592__s42/summary.csv,data/tests/detection/threshold/t200_o1_c2__cfg3276cf65/validation/20260829T192157645577Z__2da02e6__cfg936e17cf490b__srcfc72dd8592__s42/summary.csv,move_file_in_tree,1593,1,ff846a48d528d73bef63d07f7e3772f09fdc336eb1b8604943d0d52c96dff1e4,True
results/runs/validation/detection/threshold/20260829T192222996353Z__2da02e6__cfg1e4ab932055a__srcfc72dd8592__s42/annotated.mp4,data/tests/detection/threshold/t200_o1_c2__cfg3276cf65/validation/20260829T192222996353Z__2da02e6__cfg1e4ab932055a__srcfc72dd8592__s42/annotated.mp4,move_file_in_tree,16412471,1,5c0975d38993e1306d40e4543b6b26127dcace192e759215bd7c91e2154872c2,True
results/runs/validation/detection/threshold/20260829T192222996353Z__2da02e6__cfg1e4ab932055a__srcfc72dd8592__s42/detections.csv,data/tests/detection/threshold/t200_o1_c2__cfg3276cf65/validation/20260829T192222996353Z__2da02e6__cfg1e4ab932055a__srcfc72dd8592__s42/detections.csv,move_file_in_tree,9981635,1,51c5a01be2f91ed3a6d192279aa564f3389770aee6ea56c10564e01f905e9c02,True
results/runs/validation/detection/threshold/20260829T192222996353Z__2da02e6__cfg1e4ab932055a__srcfc72dd8592__s42/frame_metrics.csv,data/tests/detection/threshold/t200_o1_c2__cfg3276cf65/validation/20260829T192222996353Z__2da02e6__cfg1e4ab932055a__srcfc72dd8592__s42/frame_metrics.csv,move_file_in_tree,465356,1,9b205507d1960991d77828ed10ff34c30c14fdf41d5f1a09ab1b2a28cbd595a2,True
results/runs/validation/detection/threshold/20260829T192222996353Z__2da02e6__cfg1e4ab932055a__srcfc72dd8592__s42/manifest.json,data/tests/detection/threshold/t200_o1_c2__cfg3276cf65/validation/20260829T192222996353Z__2da02e6__cfg1e4ab932055a__srcfc72dd8592__s42/manifest.json,move_file_in_tree,5195,1,22ba202c1bebc7ff14c674b3f1f8f58ae6bece64faa4cf8739d7e1920cf45d4e,True
results/runs/validation/detection/threshold/20260829T192222996353Z__2da02e6__cfg1e4ab932055a__srcfc72dd8592__s42/metadata.json,data/tests/detection/threshold/t200_o1_c2__cfg3276cf65/validation/20260829T192222996353Z__2da02e6__cfg1e4ab932055a__srcfc72dd8592__s42/metadata.json,move_file_in_tree,2811,1,9f584c1f3b8b9a129bd2907330ba01c8e00d82129848d5cf3b00bdfed64acaf4,True
results/runs/validation/detection/threshold/20260829T192222996353Z__2da02e6__cfg1e4ab932055a__srcfc72dd8592__s42/summary.csv,data/tests/detection/threshold/t200_o1_c2__cfg3276cf65/validation/20260829T192222996353Z__2da02e6__cfg1e4ab932055a__srcfc72dd8592__s42/summary.csv,move_file_in_tree,1590,1,c4801669cab2f4d6fc7d312b6e58d17d12c570abbd496431b47d2be94784f571,True
results/runs/validation/detection/threshold/20260829T192300129993Z__2da02e6__cfgf39d64dc4cd1__srcfc72dd8592__s42/annotated.mp4,data/tests/detection/threshold/t200_o1_c2__cfg3276cf65/validation/20260829T192300129993Z__2da02e6__cfgf39d64dc4cd1__srcfc72dd8592__s42/annotated.mp4,move_file_in_tree,8419228,1,6e02e4d094613ed63da714c6a184ff85fafa38476b0b72a89489b3f726ca0214,True
results/runs/validation/detection/threshold/20260829T192300129993Z__2da02e6__cfgf39d64dc4cd1__srcfc72dd8592__s42/detections.csv,data/tests/detection/threshold/t200_o1_c2__cfg3276cf65/validation/20260829T192300129993Z__2da02e6__cfgf39d64dc4cd1__srcfc72dd8592__s42/detections.csv,move_file_in_tree,3348767,1,62c490e4b47c88b4e229fe2ce185bc0724a6f2ad2f1762d040c99bac56596681,True
results/runs/validation/detection/threshold/20260829T192300129993Z__2da02e6__cfgf39d64dc4cd1__srcfc72dd8592__s42/frame_metrics.csv,data/tests/detection/threshold/t200_o1_c2__cfg3276cf65/validation/20260829T192300129993Z__2da02e6__cfgf39d64dc4cd1__srcfc72dd8592__s42/frame_metrics.csv,move_file_in_tree,430361,1,4327019b5fdb208ed8fe8376f0114dbb177520d903eaeb76f9b2e1614272cd69,True
results/runs/validation/detection/threshold/20260829T192300129993Z__2da02e6__cfgf39d64dc4cd1__srcfc72dd8592__s42/manifest.json,data/tests/detection/threshold/t200_o1_c2__cfg3276cf65/validation/20260829T192300129993Z__2da02e6__cfgf39d64dc4cd1__srcfc72dd8592__s42/manifest.json,move_file_in_tree,5190,1,491b720a17585d75ea71b204ce07a558d527d67f3aedaedb0c9cce3f0a3a4dd4,True
results/runs/validation/detection/threshold/20260829T192300129993Z__2da02e6__cfgf39d64dc4cd1__srcfc72dd8592__s42/metadata.json,data/tests/detection/threshold/t200_o1_c2__cfg3276cf65/validation/20260829T192300129993Z__2da02e6__cfgf39d64dc4cd1__srcfc72dd8592__s42/metadata.json,move_file_in_tree,2806,1,d6f01d96081648aa0db6612eab948827e227c0fb6a3b3dec4d36e5d1dfcc47f6,True
results/runs/validation/detection/threshold/20260829T192300129993Z__2da02e6__cfgf39d64dc4cd1__srcfc72dd8592__s42/summary.csv,data/tests/detection/threshold/t200_o1_c2__cfg3276cf65/validation/20260829T192300129993Z__2da02e6__cfgf39d64dc4cd1__srcfc72dd8592__s42/summary.csv,move_file_in_tree,1585,1,875a2559a5d963e65b137dfe2d0780ec1fe4971675b7e7a6faf42ad44070239b,True
results/runs/validation/detection/threshold/20260829T192350250860Z__2da02e6__cfg57f82c6308a4__srcfc72dd8592__s42/annotated.mp4,data/tests/detection/threshold/t190_o1_c1__cfg229ef744/validation/20260829T192350250860Z__2da02e6__cfg57f82c6308a4__srcfc72dd8592__s42/annotated.mp4,move_file_in_tree,5589502,1,6162df4dc5d4e507f59ab414b55fc7abf9fe0e2d6dbbd4d55391d95c910f417a,True
results/runs/validation/detection/threshold/20260829T192350250860Z__2da02e6__cfg57f82c6308a4__srcfc72dd8592__s42/detections.csv,data/tests/detection/threshold/t190_o1_c1__cfg229ef744/validation/20260829T192350250860Z__2da02e6__cfg57f82c6308a4__srcfc72dd8592__s42/detections.csv,move_file_in_tree,1243294,1,13b6dd6e046bbfe4469d323992146883b66ac4e4523dbc5744c6a092e1d951c9,True
results/runs/validation/detection/threshold/20260829T192350250860Z__2da02e6__cfg57f82c6308a4__srcfc72dd8592__s42/frame_metrics.csv,data/tests/detection/threshold/t190_o1_c1__cfg229ef744/validation/20260829T192350250860Z__2da02e6__cfg57f82c6308a4__srcfc72dd8592__s42/frame_metrics.csv,move_file_in_tree,364015,1,59fae1447fb874ea2388a4da3113cc3c77ca35eed7d9ea5a0955216bd08eda7e,True
results/runs/validation/detection/threshold/20260829T192350250860Z__2da02e6__cfg57f82c6308a4__srcfc72dd8592__s42/manifest.json,data/tests/detection/threshold/t190_o1_c1__cfg229ef744/validation/20260829T192350250860Z__2da02e6__cfg57f82c6308a4__srcfc72dd8592__s42/manifest.json,move_file_in_tree,4822,1,8b91f55d4f77c4ac6dc89fab57c97bb805052da50ce0d6c5041551b08df7a738,True
results/runs/validation/detection/threshold/20260829T192350250860Z__2da02e6__cfg57f82c6308a4__srcfc72dd8592__s42/metadata.json,data/tests/detection/threshold/t190_o1_c1__cfg229ef744/validation/20260829T192350250860Z__2da02e6__cfg57f82c6308a4__srcfc72dd8592__s42/metadata.json,move_file_in_tree,2786,1,e35dbba79cf0c7c9eb0bffd22ae65eb88232d673f363e7be549556b2783740d2,True
results/runs/validation/detection/threshold/20260829T192350250860Z__2da02e6__cfg57f82c6308a4__srcfc72dd8592__s42/summary.csv,data/tests/detection/threshold/t190_o1_c1__cfg229ef744/validation/20260829T192350250860Z__2da02e6__cfg57f82c6308a4__srcfc72dd8592__s42/summary.csv,move_file_in_tree,1565,1,487b33b2ff39e448325586ff4e0bb0af41220ab80b0efe6f6dc72ce26634d446,True
results/runs/validation/detection/threshold/20260829T192357308948Z__2da02e6__cfgbc1df16969c3__srcfc72dd8592__s42/annotated.mp4,data/tests/detection/threshold/t190_o1_c1__cfg229ef744/validation/20260829T192357308948Z__2da02e6__cfgbc1df16969c3__srcfc72dd8592__s42/annotated.mp4,move_file_in_tree,17587029,1,5d7f70fc5f74333b4e3b77b66e24cfbf507c9bd2961b6766819366903851fd9c,True
results/runs/validation/detection/threshold/20260829T192357308948Z__2da02e6__cfgbc1df16969c3__srcfc72dd8592__s42/detections.csv,data/tests/detection/threshold/t190_o1_c1__cfg229ef744/validation/20260829T192357308948Z__2da02e6__cfgbc1df16969c3__srcfc72dd8592__s42/detections.csv,move_file_in_tree,6325998,1,4fedc19e1c988d770290e0f5bece50d7af6848b88f6e50937577f20ec31439df,True
results/runs/validation/detection/threshold/20260829T192357308948Z__2da02e6__cfgbc1df16969c3__srcfc72dd8592__s42/frame_metrics.csv,data/tests/detection/threshold/t190_o1_c1__cfg229ef744/validation/20260829T192357308948Z__2da02e6__cfgbc1df16969c3__srcfc72dd8592__s42/frame_metrics.csv,move_file_in_tree,457809,1,4c1163896d631ea0af63889df7e61807616a103be7d205499fff59a5244f15fe,True
results/runs/validation/detection/threshold/20260829T192357308948Z__2da02e6__cfgbc1df16969c3__srcfc72dd8592__s42/manifest.json,data/tests/detection/threshold/t190_o1_c1__cfg229ef744/validation/20260829T192357308948Z__2da02e6__cfgbc1df16969c3__srcfc72dd8592__s42/manifest.json,move_file_in_tree,4853,1,0aa0168c8afb375f6429c5f2b05fd406791fb5e309948d8ad2dd8d37c6e1e992,True
results/runs/validation/detection/threshold/20260829T192357308948Z__2da02e6__cfgbc1df16969c3__srcfc72dd8592__s42/metadata.json,data/tests/detection/threshold/t190_o1_c1__cfg229ef744/validation/20260829T192357308948Z__2da02e6__cfgbc1df16969c3__srcfc72dd8592__s42/metadata.json,move_file_in_tree,2816,1,5b55c348e7dcc68168091b5321736408c09fe8653e4ac16e15faddab9d1f61b4,True
results/runs/validation/detection/threshold/20260829T192357308948Z__2da02e6__cfgbc1df16969c3__srcfc72dd8592__s42/summary.csv,data/tests/detection/threshold/t190_o1_c1__cfg229ef744/validation/20260829T192357308948Z__2da02e6__cfgbc1df16969c3__srcfc72dd8592__s42/summary.csv,move_file_in_tree,1595,1,d45b05ca8d54fb0d367a4d46af49ad76c9386b91d240e047a3374054f93760cb,True
results/runs/validation/detection/threshold/20260829T192410018097Z__2da02e6__cfg62ceb0a4b69a__srcfc72dd8592__s42/annotated.mp4,data/tests/detection/threshold/t190_o1_c1__cfg229ef744/validation/20260829T192410018097Z__2da02e6__cfg62ceb0a4b69a__srcfc72dd8592__s42/annotated.mp4,move_file_in_tree,16690181,1,223c7e0a4d133f30884d4abf463bc2ac01f1b7c4cda2bc2666fbdb2e2db4c067,True
results/runs/validation/detection/threshold/20260829T192410018097Z__2da02e6__cfg62ceb0a4b69a__srcfc72dd8592__s42/detections.csv,data/tests/detection/threshold/t190_o1_c1__cfg229ef744/validation/20260829T192410018097Z__2da02e6__cfg62ceb0a4b69a__srcfc72dd8592__s42/detections.csv,move_file_in_tree,10702155,1,8a76f48f63286515736f34322c5eb4aed472d307e50fba169d61cedc13f21f2f,True
results/runs/validation/detection/threshold/20260829T192410018097Z__2da02e6__cfg62ceb0a4b69a__srcfc72dd8592__s42/frame_metrics.csv,data/tests/detection/threshold/t190_o1_c1__cfg229ef744/validation/20260829T192410018097Z__2da02e6__cfg62ceb0a4b69a__srcfc72dd8592__s42/frame_metrics.csv,move_file_in_tree,465321,1,69994691bf24f1259a8519a5c6aa657b10bd3b7d71d7146ff0ed4ecc3a9b7f64,True
results/runs/validation/detection/threshold/20260829T192410018097Z__2da02e6__cfg62ceb0a4b69a__srcfc72dd8592__s42/manifest.json,data/tests/detection/threshold/t190_o1_c1__cfg229ef744/validation/20260829T192410018097Z__2da02e6__cfg62ceb0a4b69a__srcfc72dd8592__s42/manifest.json,move_file_in_tree,4848,1,d365f13ae5438e63cd7bd8e33db836ee2c77fde86ab5565e93b1298cf27725ec,True
results/runs/validation/detection/threshold/20260829T192410018097Z__2da02e6__cfg62ceb0a4b69a__srcfc72dd8592__s42/metadata.json,data/tests/detection/threshold/t190_o1_c1__cfg229ef744/validation/20260829T192410018097Z__2da02e6__cfg62ceb0a4b69a__srcfc72dd8592__s42/metadata.json,move_file_in_tree,2811,1,fea3d4365f3db86aacce1bdd93b73291ed2a5aa90b27524215e59487d376887c,True
results/runs/validation/detection/threshold/20260829T192410018097Z__2da02e6__cfg62ceb0a4b69a__srcfc72dd8592__s42/summary.csv,data/tests/detection/threshold/t190_o1_c1__cfg229ef744/validation/20260829T192410018097Z__2da02e6__cfg62ceb0a4b69a__srcfc72dd8592__s42/summary.csv,move_file_in_tree,1590,1,f53d8659374f78ca69d26f31c86f559f38466a97792653c7ce53ae46a34e1e42,True
results/runs/validation/detection/threshold/20260829T192433737014Z__2da02e6__cfgf6585ae69182__srcfc72dd8592__s42/annotated.mp4,data/tests/detection/threshold/t190_o1_c1__cfg229ef744/validation/20260829T192433737014Z__2da02e6__cfgf6585ae69182__srcfc72dd8592__s42/annotated.mp4,move_file_in_tree,8536757,1,586956e1f4fed5adaf574b93e7b8628b691afff3fe8451bea65fd686c2b6a2d7,True
results/runs/validation/detection/threshold/20260829T192433737014Z__2da02e6__cfgf6585ae69182__srcfc72dd8592__s42/detections.csv,data/tests/detection/threshold/t190_o1_c1__cfg229ef744/validation/20260829T192433737014Z__2da02e6__cfgf6585ae69182__srcfc72dd8592__s42/detections.csv,move_file_in_tree,3574032,1,244abfb86ee4ad09c9feac802777c7f9c4db4b16b50367160c829c107d30b8b3,True
results/runs/validation/detection/threshold/20260829T192433737014Z__2da02e6__cfgf6585ae69182__srcfc72dd8592__s42/frame_metrics.csv,data/tests/detection/threshold/t190_o1_c1__cfg229ef744/validation/20260829T192433737014Z__2da02e6__cfgf6585ae69182__srcfc72dd8592__s42/frame_metrics.csv,move_file_in_tree,430329,1,5b4dcb88fde5e4bed17bc508283e4acf6ab2ace59d7df3c2be80bde3fdb1144f,True
results/runs/validation/detection/threshold/20260829T192433737014Z__2da02e6__cfgf6585ae69182__srcfc72dd8592__s42/manifest.json,data/tests/detection/threshold/t190_o1_c1__cfg229ef744/validation/20260829T192433737014Z__2da02e6__cfgf6585ae69182__srcfc72dd8592__s42/manifest.json,move_file_in_tree,4831,1,b070bfa444fbffad48e5919403cd0e8a9ff16dbf23a3d8bc8466ddfd437d6732,True
results/runs/validation/detection/threshold/20260829T192433737014Z__2da02e6__cfgf6585ae69182__srcfc72dd8592__s42/metadata.json,data/tests/detection/threshold/t190_o1_c1__cfg229ef744/validation/20260829T192433737014Z__2da02e6__cfgf6585ae69182__srcfc72dd8592__s42/metadata.json,move_file_in_tree,2795,1,7227a84fac0436328a45c4951cfcb3af569e345e54985b9d38db384ab9745184,True
results/runs/validation/detection/threshold/20260829T192433737014Z__2da02e6__cfgf6585ae69182__srcfc72dd8592__s42/summary.csv,data/tests/detection/threshold/t190_o1_c1__cfg229ef744/validation/20260829T192433737014Z__2da02e6__cfgf6585ae69182__srcfc72dd8592__s42/summary.csv,move_file_in_tree,1574,1,09d1bdb2c9fa39b196f1a395576ba605823027dadd4683a888aaad9a38983a2a,True
results/runs/smoke/detection/threshold/20260829T182149812169Z__2da02e6__9f5e30f9ba1e__s42/detections.csv,data/tests/detection/threshold/t200_o1_c2__cfg3276cf65/smoke/20260829T182149812169Z__2da02e6__9f5e30f9ba1e__s42/detections.csv,move_file_in_tree,19772,1,c39ca31758e015fdc07bd70ab77f5a5599bc639a2d077752339c9e5982f8e46c,True
results/runs/smoke/detection/threshold/20260829T182149812169Z__2da02e6__9f5e30f9ba1e__s42/frame_metrics.csv,data/tests/detection/threshold/t200_o1_c2__cfg3276cf65/smoke/20260829T182149812169Z__2da02e6__9f5e30f9ba1e__s42/frame_metrics.csv,move_file_in_tree,1378,1,b7315774a84a495df8de4bca4653d7c92b7ca708386b2cb01d5af5846b2c158f,True
results/runs/smoke/detection/threshold/20260829T182149812169Z__2da02e6__9f5e30f9ba1e__s42/manifest.json,data/tests/detection/threshold/t200_o1_c2__cfg3276cf65/smoke/20260829T182149812169Z__2da02e6__9f5e30f9ba1e__s42/manifest.json,move_file_in_tree,4567,1,47053ea9f2d38461862342d338e184dba7d5c69802881fb8d9fd26c07c4fc1f0,True
results/runs/smoke/detection/threshold/20260829T182149812169Z__2da02e6__9f5e30f9ba1e__s42/metadata.json,data/tests/detection/threshold/t200_o1_c2__cfg3276cf65/smoke/20260829T182149812169Z__2da02e6__9f5e30f9ba1e__s42/metadata.json,move_file_in_tree,2281,1,69dd877457672a2f38b7f33f7eeaeb9ef1fe4723e267cabe8f214d32f418837b,True
results/runs/smoke/detection/threshold/20260829T182149812169Z__2da02e6__9f5e30f9ba1e__s42/summary.csv,data/tests/detection/threshold/t200_o1_c2__cfg3276cf65/smoke/20260829T182149812169Z__2da02e6__9f5e30f9ba1e__s42/summary.csv,move_file_in_tree,1287,1,089f445647006691db20b77050040b1bb411d2104729f85a0394331dbca65145,True
results/runs/smoke/detection/threshold/20260829T192107420506Z__2da02e6__cfg1837fedf82af__srcfc72dd8592__s42/annotated.mp4,data/tests/detection/threshold/t200_o1_c2__cfg3276cf65/smoke/20260829T192107420506Z__2da02e6__cfg1837fedf82af__srcfc72dd8592__s42/annotated.mp4,move_file_in_tree,3685742,1,a5ec0159c6489420b8c4d4511515d68c1238e4fbf440467e9569d08d38d6bdde,True
results/runs/smoke/detection/threshold/20260829T192107420506Z__2da02e6__cfg1837fedf82af__srcfc72dd8592__s42/detections.csv,data/tests/detection/threshold/t200_o1_c2__cfg3276cf65/smoke/20260829T192107420506Z__2da02e6__cfg1837fedf82af__srcfc72dd8592__s42/detections.csv,move_file_in_tree,1182900,1,0908b8888b5897828d253a51de8883654f6735907742fe8c3f5379ff6dd2a278,True
results/runs/smoke/detection/threshold/20260829T192107420506Z__2da02e6__cfg1837fedf82af__srcfc72dd8592__s42/frame_metrics.csv,data/tests/detection/threshold/t200_o1_c2__cfg3276cf65/smoke/20260829T192107420506Z__2da02e6__cfg1837fedf82af__srcfc72dd8592__s42/frame_metrics.csv,move_file_in_tree,93840,1,cf0dd673ab15e908d2d9a392c2f13094fc866ee0dfc2e61025bdaedc0b5fb8ab,True
results/runs/smoke/detection/threshold/20260829T192107420506Z__2da02e6__cfg1837fedf82af__srcfc72dd8592__s42/manifest.json,data/tests/detection/threshold/t200_o1_c2__cfg3276cf65/smoke/20260829T192107420506Z__2da02e6__cfg1837fedf82af__srcfc72dd8592__s42/manifest.json,move_file_in_tree,5115,1,6c844412b50b4dd3c9ff76555bd0b94286ee0dbd1707892a238d148a48436468,True
results/runs/smoke/detection/threshold/20260829T192107420506Z__2da02e6__cfg1837fedf82af__srcfc72dd8592__s42/metadata.json,data/tests/detection/threshold/t200_o1_c2__cfg3276cf65/smoke/20260829T192107420506Z__2da02e6__cfg1837fedf82af__srcfc72dd8592__s42/metadata.json,move_file_in_tree,2745,1,807d75a5c47a37acd2b60caa44702d2037b044b00b491cd57c289195a3a9b6db,True
results/runs/smoke/detection/threshold/20260829T192107420506Z__2da02e6__cfg1837fedf82af__srcfc72dd8592__s42/summary.csv,data/tests/detection/threshold/t200_o1_c2__cfg3276cf65/smoke/20260829T192107420506Z__2da02e6__cfg1837fedf82af__srcfc72dd8592__s42/summary.csv,move_file_in_tree,1548,1,726eb1f8d3b21cfc184ac0da19f3486efe745f98b4476d798ccf499bd8e3e347,True
results/runs/smoke/detection/mog2/20260829T182628150118Z__2da02e6__75abc45b99dc__s42/detections.csv,data/tests/detection/mog2/mog2__cfg71dfa1a0/smoke/20260829T182628150118Z__2da02e6__75abc45b99dc__s42/detections.csv,move_file_in_tree,15617,1,00d1147d44fbf2001f919065c93622ad1016d4a3a69edca1ce657bca61936364,True
results/runs/smoke/detection/mog2/20260829T182628150118Z__2da02e6__75abc45b99dc__s42/frame_metrics.csv,data/tests/detection/mog2/mog2__cfg71dfa1a0/smoke/20260829T182628150118Z__2da02e6__75abc45b99dc__s42/frame_metrics.csv,move_file_in_tree,1005,1,129fcaca0eeb460a6595f34c2b070656c6afe55a36d34a6d548989f8da331001,True
results/runs/smoke/detection/mog2/20260829T182628150118Z__2da02e6__75abc45b99dc__s42/manifest.json,data/tests/detection/mog2/mog2__cfg71dfa1a0/smoke/20260829T182628150118Z__2da02e6__75abc45b99dc__s42/manifest.json,move_file_in_tree,4451,1,976d1cd0593d27cecfff7c60fc20c7ef208ab08012c348b94bc0c94c1cbe1749,True
results/runs/smoke/detection/mog2/20260829T182628150118Z__2da02e6__75abc45b99dc__s42/metadata.json,data/tests/detection/mog2/mog2__cfg71dfa1a0/smoke/20260829T182628150118Z__2da02e6__75abc45b99dc__s42/metadata.json,move_file_in_tree,2224,1,876fba787654fcc891d2f0a65619765021c3f6601345e0c936953322b1dbe9f1,True
results/runs/smoke/detection/mog2/20260829T182628150118Z__2da02e6__75abc45b99dc__s42/summary.csv,data/tests/detection/mog2/mog2__cfg71dfa1a0/smoke/20260829T182628150118Z__2da02e6__75abc45b99dc__s42/summary.csv,move_file_in_tree,1245,1,ba07f8f151ccd2e71efbe5551862925f413aad6e31bc17a1e85e15f473fe4be4,True
results/tracked/11_bgsub_300_anotation_both/11_bgsub.csv,data/tests/detection/mog2/legacy_default__cfgunknown/pilot/11_bgsub_300_anotation_both/11_bgsub.csv,move_file_in_tree,2254041,1,0a62ac0fa5983b680cf11b5e65f579e74f9ba96b627132006298128c3f04b386,True
results/tracked/11_bgsub_300_anotation_both/11_bgsub.mp4,data/tests/detection/mog2/legacy_default__cfgunknown/pilot/11_bgsub_300_anotation_both/11_bgsub.mp4,move_file_in_tree,5245446,1,1f58ca8bba003f8b7d2c401042e9c931829815063f5dc3c7297ff59679bd67c9,True
results/tracked/11_bgsub_300_anotation_both/11_bgsub_summary.csv,data/tests/detection/mog2/legacy_default__cfgunknown/pilot/11_bgsub_300_anotation_both/11_bgsub_summary.csv,move_file_in_tree,472,1,40f1a7aa2230a3b36daeee5fb46e3d67e8476941d24d665471aec8b4a6ff09a1,True
results/tracked/11_bold_300_anotation_both/11_blob.csv,data/tests/detection/blob/legacy_default__cfgunknown/pilot/11_bold_300_anotation_both/11_blob.csv,move_file_in_tree,18705901,1,4c002a89c95be1ba2446b2c3308ef9551eb6fc7a2309784cf348b357f9703e2c,True
results/tracked/11_bold_300_anotation_both/11_blob.mp4,data/tests/detection/blob/legacy_default__cfgunknown/pilot/11_bold_300_anotation_both/11_blob.mp4,move_file_in_tree,20204071,1,b728c5be00b498944d17413a67824e17b9e0a6cbdf6fb91d832e682d4489beed,True
results/tracked/11_bold_300_anotation_both/11_blob_summary.csv,data/tests/detection/blob/legacy_default__cfgunknown/pilot/11_bold_300_anotation_both/11_blob_summary.csv,move_file_in_tree,468,1,ce0fc1a70aa86e17ab47684a0da4fe88e45738ad53e59d8fea224ae7a63a7859,True
results/tracked/11_threshold_300_anotation_both/11_threshold.csv,data/tests/detection/threshold/legacy_default__cfgunknown/pilot/11_threshold_300_anotation_both/11_threshold.csv,move_file_in_tree,1176217,1,ce19ffb271809e9384b192dbf7d7774e33e62e191a6feb148fc9c215eab1474b,True
results/tracked/11_threshold_300_anotation_both/11_threshold.mp4,data/tests/detection/threshold/legacy_default__cfgunknown/pilot/11_threshold_300_anotation_both/11_threshold.mp4,move_file_in_tree,3252285,1,e8418a005c8636b96454dd4b538f60164915fe7c8bee62ec27fd4828ab18aece,True
results/tracked/11_threshold_300_anotation_both/11_threshold_summary.csv,data/tests/detection/threshold/legacy_default__cfgunknown/pilot/11_threshold_300_anotation_both/11_threshold_summary.csv,move_file_in_tree,424,1,8f88d2d8006904f4e844819b7aebf6e5987ece79b4d8dc82841664dac876d60a,True
results/tracked/11_watershed_300_anotation_both/11_watershed.csv,data/tests/detection/watershed/legacy_default__cfgunknown/pilot/11_watershed_300_anotation_both/11_watershed.csv,move_file_in_tree,1107421,1,14dfdce6df177a713e3b50d253cb511abc257dd94861e508ed7a73d5ff17d43c,True
results/tracked/11_watershed_300_anotation_both/11_watershed.mp4,data/tests/detection/watershed/legacy_default__cfgunknown/pilot/11_watershed_300_anotation_both/11_watershed.mp4,move_file_in_tree,3316197,1,cab6cce36a8ac2ca45a1ce9259cbee0714300403b591b150ce1bb4623a7b4ffa,True
results/tracked/11_watershed_300_anotation_both/11_watershed_summary.csv,data/tests/detection/watershed/legacy_default__cfgunknown/pilot/11_watershed_300_anotation_both/11_watershed_summary.csv,move_file_in_tree,488,1,7d8982ecceb1ab0920a1250c4f03c42747ebdbcb8321d15a38bab3766bb04507,True
results/yolo/visem_full/args.yaml,data/tests/detection/yolo/pilot_100_epochs__cfglegacy/training/visem_full/args.yaml,move_file_in_tree,1940,1,b9604069dcc67a390fefa2da008778017f2949670398bcbf617a72d6d5031e82,True
results/yolo/visem_full/BoxF1_curve.png,data/tests/detection/yolo/pilot_100_epochs__cfglegacy/training/visem_full/BoxF1_curve.png,move_file_in_tree,139046,1,1bca69fd128cf422e113a7ce9b87aa46a2a480cf869db37ce95ed2a43cb31de6,True
results/yolo/visem_full/BoxPR_curve.png,data/tests/detection/yolo/pilot_100_epochs__cfglegacy/training/visem_full/BoxPR_curve.png,move_file_in_tree,137255,1,8fbd1a639302ee5c4cc8d2b089b866f4bf5c89ba1c054d811e1d5845560e5bb2,True
results/yolo/visem_full/BoxP_curve.png,data/tests/detection/yolo/pilot_100_epochs__cfglegacy/training/visem_full/BoxP_curve.png,move_file_in_tree,153096,1,19f1d1ebbbfaf3e474b0cba3990ab1d258363db910137ef73a3117f36bee77c8,True
results/yolo/visem_full/BoxR_curve.png,data/tests/detection/yolo/pilot_100_epochs__cfglegacy/training/visem_full/BoxR_curve.png,move_file_in_tree,136202,1,8085505005757aad75b184965ffc9590d7c0943229419383cbd203072ab31bdb,True
results/yolo/visem_full/confusion_matrix.png,data/tests/detection/yolo/pilot_100_epochs__cfglegacy/training/visem_full/confusion_matrix.png,move_file_in_tree,147801,1,dd8bd81c50a2d6f4af8f06fd4fa845d4be664408ec5d4378c81e467f2ab68c79,True
results/yolo/visem_full/confusion_matrix_normalized.png,data/tests/detection/yolo/pilot_100_epochs__cfglegacy/training/visem_full/confusion_matrix_normalized.png,move_file_in_tree,130027,1,731b5bdace5dcacbf7877f069ad679d9fa8c82d479ea37d5f4e22e99a22d0384,True
results/yolo/visem_full/labels.jpg,data/tests/detection/yolo/pilot_100_epochs__cfglegacy/training/visem_full/labels.jpg,move_file_in_tree,116647,1,e8a9914a1114eeb6f8858e05668f510e8a127b6baf229864c4f046a28387f17a,True
results/yolo/visem_full/results.csv,data/tests/detection/yolo/pilot_100_epochs__cfglegacy/training/visem_full/results.csv,move_file_in_tree,16481,1,8aaaf060406b65bc59a8148e56ab48a526af7d40ff7d3241f4a7fa029ff6c923,True
results/yolo/visem_full/results.png,data/tests/detection/yolo/pilot_100_epochs__cfglegacy/training/visem_full/results.png,move_file_in_tree,266519,1,18d51f6b8752955db44537dd4e8faac21cd4a108268c2b440b8027fe2319cf03,True
results/yolo/visem_full/train_batch0.jpg,data/tests/detection/yolo/pilot_100_epochs__cfglegacy/training/visem_full/train_batch0.jpg,move_file_in_tree,623543,1,11d2c984fc4db18c8531cd0eac0746825176cc0c9f4f22f352a506c1f8fadf5c,True
results/yolo/visem_full/train_batch1.jpg,data/tests/detection/yolo/pilot_100_epochs__cfglegacy/training/visem_full/train_batch1.jpg,move_file_in_tree,577914,1,f50d3a9b014a4c6b3bce07443fc2c997087bd2205fa1f98e4d5e8483e5732a30,True
results/yolo/visem_full/train_batch2.jpg,data/tests/detection/yolo/pilot_100_epochs__cfglegacy/training/visem_full/train_batch2.jpg,move_file_in_tree,515149,1,6eaa14878fff4f6587d73f29a8bfdee6a5b2f7affbef8b6ae75a4a359c0a5448,True
results/yolo/visem_full/train_batch95310.jpg,data/tests/detection/yolo/pilot_100_epochs__cfglegacy/training/visem_full/train_batch95310.jpg,move_file_in_tree,461225,1,c86fd04cf55314ee0496d912695e257c1ba45c1a758891fe3119885c5b8a8319,True
results/yolo/visem_full/train_batch95311.jpg,data/tests/detection/yolo/pilot_100_epochs__cfglegacy/training/visem_full/train_batch95311.jpg,move_file_in_tree,469571,1,29187aa3056cfdd370ad5a1ac8819243608957e9da2bfbae5273801b5c31c3ea,True
results/yolo/visem_full/train_batch95312.jpg,data/tests/detection/yolo/pilot_100_epochs__cfglegacy/training/visem_full/train_batch95312.jpg,move_file_in_tree,440954,1,106ac51aa45377397b62faaafe6e48c8e776eb45f0bf381be538856ec62dc8b6,True
results/yolo/visem_full/val_batch0_labels.jpg,data/tests/detection/yolo/pilot_100_epochs__cfglegacy/training/visem_full/val_batch0_labels.jpg,move_file_in_tree,539758,1,d37573089c6a8287b2590adc91f112706ea69bf66d63608c13855b660708f2ae,True
results/yolo/visem_full/val_batch0_pred.jpg,data/tests/detection/yolo/pilot_100_epochs__cfglegacy/training/visem_full/val_batch0_pred.jpg,move_file_in_tree,586152,1,fb02b0177dfd023e3fbbfd25da9b6e625e764f6d0355cef679d1fda28ca1a3c5,True
results/yolo/visem_full/val_batch1_labels.jpg,data/tests/detection/yolo/pilot_100_epochs__cfglegacy/training/visem_full/val_batch1_labels.jpg,move_file_in_tree,511429,1,02eecb7f3390893a84454de2d2e8343a04113a58e0cfa6a7e81189ca0743e1f2,True
results/yolo/visem_full/val_batch1_pred.jpg,data/tests/detection/yolo/pilot_100_epochs__cfglegacy/training/visem_full/val_batch1_pred.jpg,move_file_in_tree,574676,1,d36ba39dfd9938b89444f52874010888bf230b13c249f7928eea585eef51df2d,True
results/yolo/visem_full/val_batch2_labels.jpg,data/tests/detection/yolo/pilot_100_epochs__cfglegacy/training/visem_full/val_batch2_labels.jpg,move_file_in_tree,503675,1,10ca4dd1a1163bf5d3bf1925bcd83b0d7307bc54b06574fca7041261f3c12c61,True
results/yolo/visem_full/val_batch2_pred.jpg,data/tests/detection/yolo/pilot_100_epochs__cfglegacy/training/visem_full/val_batch2_pred.jpg,move_file_in_tree,579293,1,20a5bf8580a385c167c157e8c6cd5742b7cb68e8753a9a0a6e0eda5cc3cc9202,True
results/yolo/visem_full/weights/best.pt,data/tests/detection/yolo/pilot_100_epochs__cfglegacy/training/visem_full/weights/best.pt,move_file_in_tree,6249514,1,8de167249eeaa719186cb5e68ce77799169906807ebb052ff64f06dc23d16632,True
results/yolo/visem_full/weights/last.pt,data/tests/detection/yolo/pilot_100_epochs__cfglegacy/training/visem_full/weights/last.pt,move_file_in_tree,6249578,1,023169b89930a3ec0b8560c618e1fc58e27e39f861c417219acc1e666679defe,True
results/yolo/results/11_yolo_300_anotation_both/11_yolo.csv,data/tests/detection/yolo/pilot_100_epochs__cfglegacy/pilot/11_yolo_300_anotation_both/11_yolo.csv,move_file_in_tree,2082545,1,591652a98f08b6a2d36a97618ee54bc8e3145093e1653d7668f7dab66a0d28fc,True
results/yolo/results/11_yolo_300_anotation_both/11_yolo.mp4,data/tests/detection/yolo/pilot_100_epochs__cfglegacy/pilot/11_yolo_300_anotation_both/11_yolo.mp4,move_file_in_tree,4471205,1,cc3aa6a13232f383b62cc32d4fba1002b50c8e1484587bd5cd35e483868c99a1,True
results/yolo/results/11_yolo_300_anotation_both/11_yolo_summary.csv,data/tests/detection/yolo/pilot_100_epochs__cfglegacy/pilot/11_yolo_300_anotation_both/11_yolo_summary.csv,move_file_in_tree,422,1,d388970f2b7c0396bb4bf5486e3eb81be4e3692d0c1bc2eb131125be51f69735,True
results/yolo/results/1_yolo_300_raw_both/1_09.09.02_SSW_yolo.csv,data/tests/detection/yolo/pilot_100_epochs__cfglegacy/pilot/1_yolo_300_raw_both/1_09.09.02_SSW_yolo.csv,move_file_in_tree,1490352,1,2d208b84c87c026421e8ca6a0a28d84307c945f0e9b839a75627048f476fa73a,True
results/yolo/results/1_yolo_300_raw_both/1_09.09.02_SSW_yolo.mp4,data/tests/detection/yolo/pilot_100_epochs__cfglegacy/pilot/1_yolo_300_raw_both/1_09.09.02_SSW_yolo.mp4,move_file_in_tree,6596133,1,d3fd5847f7414e3a680bb14a2b1f7d68a9fb10396fae3f2ee3109ad49b8769ca,True
results/yolo/results/1_yolo_300_raw_both/1_09.09.02_SSW_yolo_summary.csv,data/tests/detection/yolo/pilot_100_epochs__cfglegacy/pilot/1_yolo_300_raw_both/1_09.09.02_SSW_yolo_summary.csv,move_file_in_tree,499,1,5cdf8952112273c06464bcd01c68a06df8460aff4d52aa82d25a0f85dc18f5a9,True
results/yolo/results/2_yolo_300_raw_both/2_09.09.03_lots of debris_SSW_yolo.csv,data/tests/detection/yolo/pilot_100_epochs__cfglegacy/pilot/2_yolo_300_raw_both/2_09.09.03_lots of debris_SSW_yolo.csv,move_file_in_tree,1135239,1,73ee867c2ef36a76993faa12159632473a82984238d48a1001cb964eedc6b0a7,True
results/yolo/results/2_yolo_300_raw_both/2_09.09.03_lots of debris_SSW_yolo.mp4,data/tests/detection/yolo/pilot_100_epochs__cfglegacy/pilot/2_yolo_300_raw_both/2_09.09.03_lots of debris_SSW_yolo.mp4,move_file_in_tree,5330515,1,d122372d0d5c1e6a4f565a8b4881bedb2a6ec7e7d75ffcdfa70faf31caf54f40,True
results/yolo/results/2_yolo_300_raw_both/2_09.09.03_lots of debris_SSW_yolo_summary.csv,data/tests/detection/yolo/pilot_100_epochs__cfglegacy/pilot/2_yolo_300_raw_both/2_09.09.03_lots of debris_SSW_yolo_summary.csv,move_file_in_tree,405,1,4853b94e0a24c285ad02fcfcca180f1880c19fab98ba5085b0a6aada9d83a87b,True
docs/relatorio_estatistico_threshold_tcc.docx,data/tests/detection/threshold/_comparisons/legacy_pilot_202606/report/relatorio_estatistico_threshold_tcc.docx,move_file,3106278,1,e7ff8f3e263ab3f20e208508b26bb32396b98bfcd3c5a29030b7c07275ba91b4,True
output/pdf/relatorio_estatistico_threshold_tcc.pdf,data/tests/detection/threshold/_comparisons/legacy_pilot_202606/report/relatorio_estatistico_threshold_tcc.pdf,move_file,1695112,1,7673efbc6bb17e0ebcc22e980d3593489e291342d2b6806c5518491e30aa2a14,True
results/visem.db,data/catalog/legacy/visem.db,move_file,77434880,1,,True
"results/tests/11/comparisons.csv","data/tests/detection/threshold/_comparisons/frame_screening/by_video/video_11.csv","move_file","3890","1","326dc4fe64bde0a0cfb588c586084ae27b7ed8f54b4237fa7f92c6af2b968575","True"
"results/tests/12/comparisons.csv","data/tests/detection/threshold/_comparisons/frame_screening/by_video/video_12.csv","move_file","3903","1","b3b701dee82ef82685ab8e339a6e5f307d0136a50e75f33e4d1635a8825a9c64","True"
"results/tests/13/comparisons.csv","data/tests/detection/threshold/_comparisons/frame_screening/by_video/video_13.csv","move_file","3919","1","4143028a64810c124354609fb55191a0f3106bdcb3456c6392a09b7fa1706ddc","True"
"results/tests/14/comparisons.csv","data/tests/detection/threshold/_comparisons/frame_screening/by_video/video_14.csv","move_file","3843","1","380abe647c965475334a235d16360ede4876299e2a39ddf112c7f5f23de03ac3","True"
"results/tests/15/comparisons.csv","data/tests/detection/threshold/_comparisons/frame_screening/by_video/video_15.csv","move_file","3899","1","ee6e660a3e09efce1b17774f04e371d23dea4358f786ba17f966eb794b2a8e7f","True"
"results/tests/19/comparisons.csv","data/tests/detection/threshold/_comparisons/frame_screening/by_video/video_19.csv","move_file","3917","1","84987ab70298006b3cfe6ba6363a56c76b8482d2719fe7c9b7e27ff68d1cd6ca","True"
"results/tests/21/comparisons.csv","data/tests/detection/threshold/_comparisons/frame_screening/by_video/video_21.csv","move_file","3894","1","07bdedc4a2f9413e15a17e7fce75294bd7cf96544dcad0415abac97f3f84b4d6","True"
"results/tests/22/comparisons.csv","data/tests/detection/threshold/_comparisons/frame_screening/by_video/video_22.csv","move_file","3887","1","8f311998206cbf5ee12f9a61daac3164523ab6cd5126b51025a43d7c3f100b36","True"
"results/tests/23/comparisons.csv","data/tests/detection/threshold/_comparisons/frame_screening/by_video/video_23.csv","move_file","3803","1","a85c834b1e9b9c3991adf98127f5443736b36a7a13e49a0eed4bcbe2d5b4628e","True"
"results/tests/24/comparisons.csv","data/tests/detection/threshold/_comparisons/frame_screening/by_video/video_24.csv","move_file","3890","1","1d9124b651461bcf1286f20fb3802fd276de7deaafdd5857f9043a1d3238b747","True"
"results/tests/29/comparisons.csv","data/tests/detection/threshold/_comparisons/frame_screening/by_video/video_29.csv","move_file","3785","1","e3175c43e6ec493bab727900c9786adcd6490b69325cf766bd0984dd5bda562a","True"
"results/tests/30/comparisons.csv","data/tests/detection/threshold/_comparisons/frame_screening/by_video/video_30.csv","move_file","3882","1","e03aa7033f6d5c50a663af1348bc098608cc89e8debb695ca850c5b9446093d2","True"
"results/tests/35/comparisons.csv","data/tests/detection/threshold/_comparisons/frame_screening/by_video/video_35.csv","move_file","3902","1","e188eb339893d8d9f80875ef798395966512e6cc6b3759dc07057cf9eb734743","True"
"results/tests/36/comparisons.csv","data/tests/detection/threshold/_comparisons/frame_screening/by_video/video_36.csv","move_file","3901","1","e9c7659d7dac2925c22f7ceb77ebe0ccbfeda2aa0532ccb0365aba7890d7d991","True"
"results/tests/38/comparisons.csv","data/tests/detection/threshold/_comparisons/frame_screening/by_video/video_38.csv","move_file","3879","1","4de82d708848e37ab9887e5465feb0be3d0df037ec72c12d435b0412995438fd","True"
"results/tests/47/comparisons.csv","data/tests/detection/threshold/_comparisons/frame_screening/by_video/video_47.csv","move_file","3840","1","2b4f595268bc158073167c60ec768dc0153179c1808b61461db30cbd57f5ceb5","True"
"results/tests/52/comparisons.csv","data/tests/detection/threshold/_comparisons/frame_screening/by_video/video_52.csv","move_file","3860","1","a3768e3d4e2fa6d1c77b85926ac501d1e17c6023afcb1067d7e955cc9a8866b7","True"
"results/tests/54/comparisons.csv","data/tests/detection/threshold/_comparisons/frame_screening/by_video/video_54.csv","move_file","3928","1","3bb2991160e2c7b8f4c4b25f40a056db284f1d3d0aa23f44fc701cd340a8336a","True"
"results/tests/60/comparisons.csv","data/tests/detection/threshold/_comparisons/frame_screening/by_video/video_60.csv","move_file","3892","1","b7cc77f8a4576537249ef44f3ace90096d69a1ca4ce851505a1b65a8583e0250","True"
"results/tests/82/comparisons.csv","data/tests/detection/threshold/_comparisons/frame_screening/by_video/video_82.csv","move_file","3888","1","7e49a7848fcc21f070ab42960543bf979b8853ea4989b2fbd19a4c86e5e7d238","True"
